# Colorado Snowfall, March 2015
# Units: inches
# Missing: M
# Trace: T
GHCN ID,Station Name,County,State,Elevation,Latitude,Longitude,Mar 1,Mar 2,Mar 3,Mar 4,Mar 5,Mar 6,Mar 7,Mar 8,Mar 9,Mar 10,Mar 11,Mar 12,Mar 13,Mar 14,Mar 15,Mar 16,Mar 17,Mar 18,Mar 19,Mar 20,Mar 21,Mar 22,Mar 23,Mar 24,Mar 25,Mar 26,Mar 27,Mar 28,Mar 29,Mar 30,Mar 31
USC00050105,"AGUILAR 18WSW","LASANIMAS",CO,8642,37.32,-104.95,4,M,M,M,4,0,0,0,0,0,0,0,0,T,0,0,0,0,T,T,0,0,0,0,0,1,0,0,0,0,0
US1COLA0033,"AGUILAR 7.2 WSW","LASANIMAS",CO,7216,37.36,-104.77,1,0,0,T,1,0,0,0,0,0,0,0,0,M,0,0,0,0,M,M,0,0,0,0,0,2,0,0,0,0,0
US1COWA0068,"AKRON 11.1 NNE","WASHINGTON",CO,4466,40.3,-103.11,0,0,0,1,0,0,0,0,0,0,0,0,0,0,0,0,0,0,0,0,0,0,0,0,0,T,0,0,0,0,0
US1COWA0060,"AKRON 1.1 ESE","WASHINGTON",CO,4628,40.16,-103.19,M,0,0,M,0,0,M,M,0,0,0,0,0,M,M,0,0,0,0,0,M,M,0,0,0,0,0,M,M,0,M
USC00050109,"AKRON 4 E","WASHINGTON",CO,4541,40.16,-103.14,0,0,0,1.5,0,0,0,0,0,0,0,0,0,0,0,0,0,0,0,0,0,0,0,0,0,0,0,0,0,0,0
US1COAM0031,"ALAMOSA 1.1 N","ALAMOSA",CO,7554,37.48,-105.87,0,0,0,0,0,0,0,0,0,0,0,0,0,M,0,0,0,0,M,M,0,0,0,0,0,0,0,0,0,0,0
US1COAM0021,"ALAMOSA 1.2 NE","ALAMOSA",CO,7548,37.48,-105.85,T,M,T,0,0,0,0,0,0,0,0,0,0,M,0,0,0,0,M,M,0,0,0,0,0,0,0,0,0,0,0
USC00050128,"ALAMOSA 1E","ALAMOSA",CO,7538,37.47,-105.86,0.6,T,0,0,0,0,0,0,0,0,0,0,0,0,0,0,0,0,0,0,0,0,0,0,0,0,0,0,0,0,0
US1COAM0001,"ALAMOSA 5.8 WNW","ALAMOSA",CO,7587,37.51,-105.97,M,M,M,0,0,0,0,0,0,0,0,0,0,0,0,0,0,0,M,M,0,0,0,0,0,0,0,0,0,0,0
USW00023061,"ALAMOSA-BERGMAN FIELD","ALAMOSA",CO,7531,37.44,-105.86,T,0,0,0,0,0,0,0,0,0,0,0,0,0,0,0,0,0,0,0,0,0,0,0,0,0,0,0,0,0,0
US1COBO0022,"ALLENS PARK 1.5 ESE","BOULDER",CO,8453,40.19,-105.5,1,1,0.5,3,T,0,0,0,0,0,0,0,T,0.1,0,0,0,0,T,1,0,0,0,0.1,0.2,0.2,0,0,0,0,0
US1COBO0373,"ALLENSPARK 2.2 ESE","BOULDER",CO,8268,40.19,-105.48,2,1.3,1.2,4.2,T,M,0,M,M,0,M,M,0.3,0.2,M,M,M,M,T,2.6,M,M,M,0.7,1.1,0.8,M,M,M,M,M
US1COPK0005,"ALMA 3.1 N","PARK",CO,10578,39.33,-106.06,M,2,M,M,M,M,M,M,M,M,M,M,M,M,M,M,M,M,M,M,M,M,M,M,0.2,M,M,M,M,M,M
USC00050214,"ALTENBERN","GARFIELD",CO,5636,39.5,-108.38,1,1.9,1.6,0,M,M,M,M,M,M,M,M,M,M,M,M,M,M,M,M,M,M,M,M,M,M,M,M,M,M,M
USC00050263,"ANTERO RESERVOIR","PARK",CO,8937,38.99,-105.89,1.5,1,0,1,0,0,0,0,0,0,0,0,T,T,0,0,0,0,0,0,0,0,0,T,0,T,0,0,0,0,0
US1COWA0067,"ANTON 5.8 SE","WASHINGTON",CO,4805,39.69,-103.15,0,0,0,2.5,0,0,0,0,0,0,0,0,0,0,0,0,0,0,M,M,0,0,0,M,0,M,0,0,0,0,0
USC00050304,"ARAPAHOE","CHEYENNE",CO,4019,38.85,-102.18,0,0,0,1,0,0,0,0,0,0,0,0,0,0,0,0,0,0,0,0,0,0,0,0,0,0,0,0,0,0,0
USC00050306,"ARAPAHOE 12S","CHEYENNE",CO,4064,38.68,-102.16,0,0,0,0,0,0,0,0,0,0,0,0,0,0,0,0,0,0,0,0,0,0,0,0,0,0,0,0,0,0,0
US1COAR0179,"ARAPAHOE PARK 1.4 WSW","ARAPAHOE",CO,5890,39.63,-104.71,0,0,0,3,T,0,0,0,0,0,0,0,0,M,M,M,M,M,M,T,0,M,0,0,T,2.5,M,M,M,M,M
US1COWA0029,"ARIKAREE 6 S","WASHINGTON",CO,4700,39.61,-103.07,0,0,0,M,0,0,0,0,0,0,0,0,0,0,0,0,0,0,0,M,0,0,0,0,M,0,0,0,0,0,0
US1COJF0325,"ARVADA 0.8 W","JEFFERSON",CO,5414,39.82,-105.12,M,M,0,1.5,M,0,0,M,M,0,0,0,M,0,M,0,0,0,M,0,0,0,0,0,M,M,0,0,M,0,0
US1COJF0398,"ARVADA 0.9 SSW","JEFFERSON",CO,5397,39.81,-105.11,0,0,M,2,T,0,0,0,0,0,0,0,M,0,0,0,0,0,M,M,0,0,0,M,0,M,0,0,0,0,0
US1COJF0327,"ARVADA 1.1 NW","JEFFERSON",CO,5550,39.83,-105.12,M,M,M,M,M,M,M,M,M,M,M,M,M,M,M,M,M,M,M,M,M,M,M,M,M,M,M,M,M,M,0
US1COJF0430,"ARVADA 1.4 NNW","JEFFERSON",CO,5639,39.84,-105.12,0,0,0,1.6,T,0,M,0,0,0,0,0,M,M,M,0,0,0,M,M,0,0,0,0,M,1.4,0,0,0,0,0
US1COJF0427,"ARVADA 2.1 SSE","JEFFERSON",CO,5322,39.8,-105.09,M,M,M,M,M,0,0,M,M,0,0,0,M,0,0,0,M,M,M,M,M,0,0,M,0,M,0,0,0,0,0
US1COJF0421,"ARVADA 2.2 NNW","JEFFERSON",CO,5601,39.85,-105.13,0,0,0,1.8,0.2,0,0,0,0,0,0,0,M,M,0,0,0,0,M,M,0,0,0,M,M,M,0,0,0,0,0
US1COJF0384,"ARVADA 2.4 WSW","JEFFERSON",CO,5546,39.81,-105.15,0,M,0,1.3,T,M,M,M,M,M,M,M,M,M,M,M,M,M,M,M,M,M,M,M,M,1,M,M,M,M,M
US1COJF0412,"ARVADA 2.6 W","JEFFERSON",CO,5533,39.82,-105.16,0,0,0,2.5,0.1,0,0,0,0,0,0,0,M,0,0,0,M,0,M,0,0,0,M,M,M,M,M,M,M,M,M
US1COJF0251,"ARVADA 3.3 NNW","JEFFERSON",CO,5531,39.85,-105.1,M,M,M,M,M,M,0,0,0,M,0,0,M,0,M,0,0,M,M,M,0,0,0,0,M,T,0,M,0,0,0
US1COJF0240,"ARVADA 3.8 W","JEFFERSON",CO,5598,39.82,-105.18,0,0,0,1.4,0.2,0,0,0,0,0,0,0,0,0,0,0,0,0,M,0,0,0,0,0,0,0.4,0,0,0,0,0
US1COJF0256,"ARVADA 5.2 WNW","JEFFERSON",CO,5635,39.82,-105.18,M,M,M,M,M,M,M,M,M,M,M,M,M,M,M,M,M,M,M,M,M,M,M,M,M,M,0,M,M,M,M
US1COPT0006,"ASPEN 0.3 E","PITKIN",CO,7862,39.19,-106.82,M,M,M,M,M,M,M,M,M,M,M,M,M,M,M,M,M,0,M,M,M,M,M,M,M,M,M,M,M,M,M
US1COPT0005,"ASPEN 1.7 WSW","PITKIN",CO,8062,39.18,-106.85,M,M,M,M,M,M,M,M,M,M,M,M,M,M,0,0,0,0,0,0,0,0,0,1,M,M,0,0,0,0,0
USC00050372,"ASPEN 1SW","PITKIN",CO,8173,39.19,-106.84,5,4.3,2.1,6,0,0,0,0,0,0,0,0,0,0,0,0,0,0,1.5,0,0,0,0,4,2,T,0,0,0,0,0
US1COJF0407,"ASPEN PARK 2.8 NNE","JEFFERSON",CO,7935,39.56,-105.25,T,0,T,1.8,0.6,0,0,0,0,0,M,0,0.2,M,0,0,0,M,M,M,0,0,0,T,1.3,3.8,0,0,M,0,0
US1COJF0276,"ASPEN SPRINGS 4.9 ESE","JEFFERSON",CO,8686,39.81,-105.39,0.1,T,0.2,1,T,0,0,0,0,0,0,0,2.1,0.2,0,0,0,0,T,0.1,0,0,0,1,0.1,1.6,0,0,0,0,0
US1COAR0270,"AURORA 0.7 WSW","ARAPAHOE",CO,5598,39.69,-104.82,0,0,0,2,T,0,0,0,0,0,0,0,0,0,0,0,0,0,M,M,0,0,0,0,M,T,0,0,0,0,0
US1COAR0319,"AURORA 10.0 SSE","ARAPAHOE",CO,6012,39.57,-104.72,0,M,0,M,0,0,0,0,0,0,0,0,0,0,0,0,0,0,M,M,0,0,M,M,M,M,M,M,M,0,0
US1COAR0225,"AURORA 12.4 SSE","ARAPAHOE",CO,5964,39.57,-104.71,0,0,0,M,0,0,0,0,0,0,0,0,0,0,0,0,0,0,M,M,M,M,M,M,M,M,0,0,0,0,0
US1COAR0313,"AURORA 2.1 ESE","ARAPAHOE",CO,5602,39.69,-104.78,0,0,M,2.9,M,M,0,0,0,0,0,0,0,0,0,0,0,0,M,M,0,0,0,0,M,3.3,0,0,0,0,0
US1COAR0262,"AURORA 2.1 W","ARAPAHOE",CO,5524,39.69,-104.85,0,0,0,2.5,M,M,M,M,0,0,0,0,0,0,0,0,0,0,M,M,M,M,M,M,M,M,M,M,M,0,0
US1COAR0281,"AURORA 2.4 SW","ARAPAHOE",CO,5616,39.67,-104.84,0,0,0,M,M,0,0,0,0,0,0,0,0,0,M,0,0,0,M,M,0,0,0,0,M,M,0,0,0,0,0
US1COAR0186,"AURORA 2.8 WSW","ARAPAHOE",CO,5596,39.68,-104.86,0,0,0,4,0,0,0,0,0,0,0,0,0,0,0,0,0,0,M,M,0,0,0,0,T,M,0,0,0,0,0
US1COAR0055,"AURORA 2.9 NW","ARAPAHOE",CO,5442,39.72,-104.86,0,0,0,3,0,M,0,M,M,M,M,M,0,M,M,M,M,M,M,M,M,M,M,M,0,M,M,M,M,M,M
US1COAD0154,"AURORA 3.0 N","ADAMS",CO,5383,39.74,-104.82,0,0,0,3.5,M,0,0,0,0,0,0,0,0,0,0,0,0,0,M,M,0,0,0,0,M,M,0,0,0,0,0
US1COAR0267,"AURORA 3.3 ESE","ARAPAHOE",CO,5683,39.67,-104.76,M,M,M,4,T,0,0,0,0,0,0,0,0,0,M,M,M,M,M,M,M,0,M,0,0,0,0,0,0,0,0
US1COAR0273,"AURORA 3.3 S","ARAPAHOE",CO,5697,39.65,-104.82,T,0,T,3.4,T,0,0,0,0,0,0,0,0,0,0,0,0,0,M,M,0,0,0,0,0.3,M,0,0,0,0,0
US1COAR0259,"AURORA 4.0 SSE","ARAPAHOE",CO,5660,39.65,-104.78,M,M,M,4,T,0,0,0,0,0,0,0,M,M,M,M,M,M,M,M,0,0,0,0,M,1,0,0,0,0,0
US1COAR0099,"AURORA 4.1 S","ARAPAHOE",CO,5674,39.67,-104.82,0,M,M,M,M,M,0,0,M,0,0,0,0,M,0,0,0,0,M,M,0,0,0,0,M,M,0,0,0,0,0
US1COAD0127,"AURORA 4.2 NNW","ADAMS",CO,5341,39.75,-104.85,0,0,0,1.8,T,0,0,0,0,0,0,0,0,0,0,0,0,0,M,M,0,0,0,0,T,1,0,0,0,0,0
US1COAR0283,"AURORA 4.3 SE","ARAPAHOE",CO,5715,39.65,-104.77,M,M,M,4.3,M,M,M,M,M,M,M,M,M,M,M,M,M,M,M,M,M,M,M,M,M,M,M,M,M,M,M
US1COAD0170,"AURORA 4.5 NW","ADAMS",CO,5340,39.75,-104.86,0,0,0,2.5,0,0,0,0,0,0,0,0,0,M,0,0,0,0,M,M,M,0,0,0,M,2.4,0,0,0,0,0
US1COAR0266,"AURORA 4.5 SE","ARAPAHOE",CO,5735,39.65,-104.76,0,0,0,4,0,0,0,0,0,0,0,0,M,M,0,M,0,0,M,M,M,M,0,0,T,4.5,0,M,M,0,0
US1COAR0260,"AURORA 4.6 SSE","ARAPAHOE",CO,5740,39.64,-104.77,0,M,T,4.1,0,0,0,0,0,0,0,M,0,M,0,M,0,M,M,M,M,0,0,0,T,3.5,0,M,0,0,0
US1COAR0294,"AURORA 5.2 SSE","ARAPAHOE",CO,5775,39.63,-104.78,M,M,M,M,M,M,M,M,M,M,0,0,0,0,0,M,M,M,M,M,0,0,0,0,T,M,0,0,0,0,0
US1COAR0249,"AURORA 5.7 E","ARAPAHOE",CO,5635,39.69,-104.71,0,0,0,3,T,0,0,0,0,M,0,0,0,0,0,M,0,0,M,M,0,0,0,0,M,1,0,0,M,M,0
US1COAR0311,"AURORA 7.3 SE","ARAPAHOE",CO,5890,39.63,-104.71,0,0,0,M,0,0,0,0,0,0,0,0,0,0,0,0,0,0,M,M,M,0,0,M,M,M,0,0,0,0,0
US1COEG0031,"AVON 1.1 SE","EAGLE",CO,7601,39.64,-106.52,M,M,1.9,3,0.2,0,0,M,M,0,0,M,0,0,M,0,0,0,M,M,0,M,0,T,M,0,0,M,M,M,0
USC00050454,"BAILEY","PARK",CO,7750,39.41,-105.48,0.5,0.2,T,1,T,0,0,0,0,0,0,0,0.8,T,0,0,0,0,0.6,0.3,0,0,0,0.9,0,3.8,0,0,0,0,0
US1COPK0091,"BAILEY 4.5 NE","PARK",CO,8417,39.45,-105.42,0.5,0,T,1.5,T,0,0,0,0,0,0,0,0.5,0,0,0,0,0,M,M,0,0,0,0.5,0,M,0,0,0,0,0
US1COPK0069,"BAILEY 6.4 NNW","PARK",CO,8791,39.49,-105.52,0.5,0.2,0.2,0.7,0.1,0,0,0,0,0,0,0,4.3,T,0,0,0,0,0.1,0.8,0,0,0,1.2,T,3.1,0,0,0,0,0
US1COEG0006,"BASALT 5.8 E","EAGLE",CO,7162,39.38,-106.92,2.4,4.7,2.4,2.2,0,0,0,0,0,0,0,0,0,0,0,0,0,0,0,0,0,0,0,0.3,0.2,0,0,0,0,0,0
US1COLP0042,"BAYFIELD 0.3 N","LAPLATA",CO,7001,37.24,-107.59,3.5,M,T,1,0,0,0,0,0,0,0,0,0,0,0,0,0,M,0,0,0,0,0,0,0,0,0,0,0,0,0
US1COLP0025,"BAYFIELD 0.6 WSW","LAPLATA",CO,6930,37.22,-107.61,4.5,0,0.4,0.9,0,0,0,0,0,0,0,0,0,0,0,0,0,0,0,M,0,0,0,0,0,0,0,0,0,0,0
US1COLP0098,"BAYFIELD 6.2 N","LAPLATA",CO,7445,37.32,-107.6,4,0.3,0.2,0.3,0,0,0,0,0,0,0,0,0,0,0,0,0,0,0,0,0,0,0,0,0,0,0,0,0,0,0
US1COLP0035,"BAYFIELD 7.0 N","LAPLATA",CO,8198,37.34,-107.61,2,0,0,0.2,M,M,M,M,M,M,M,M,M,0,M,M,M,M,M,M,0,M,0,M,M,M,M,M,M,M,M
US1COLR0085,"BELLVUE 10.3 W","LARIMER",CO,7190,40.64,-105.37,0.8,M,T,3.6,M,0,M,0,0,0,0,0,0,0,0,0,0,0,0,M,0,0,0,0.2,0.6,M,0,0,0,0,0
US1COLR0252,"BELLVUE 1 NW","LARIMER",CO,5245,40.63,-105.18,0.5,0.1,T,4.5,M,0,0,0,0,0,0,0,0,0,0,0,0,0,0,M,0,0,0,0,M,0,0,M,0,0,0
US1COLR0360,"BELLVUE 4.9 NE","LARIMER",CO,5145,40.68,-105.11,M,M,M,M,2,M,M,M,M,M,M,M,M,M,M,M,M,M,M,M,M,M,M,M,M,M,M,M,M,M,M
US1COLR0978,"BELLVUE 5.0 SSW","LARIMER",CO,6657,40.56,-105.21,0.5,M,M,6.5,M,0,M,0,0,M,0,0,0,M,M,M,0,0,M,M,M,M,0,0,M,M,M,M,0,0,0
US1COLR1002,"BELLVUE 5.0 W","LARIMER",CO,6958,40.62,-105.26,1,M,0,6,1,0,0,0,0,0,0,0,0,0,0,0,0,0,0,M,0,0,0,0,M,0.3,0,0,0,0,0
US1COLR0004,"BELLVUE 5.9 W","LARIMER",CO,6612,40.6,-105.28,0.8,0.4,0,4.4,0.4,0,M,M,0,0,0,0,0,M,M,M,M,0,M,M,0,M,0,0,M,M,0,0,M,0,0
US1COAD0145,"BENNETT 4.3 WNW","ADAMS",CO,5521,39.78,-104.5,0,0,0,M,0,0,0,0,0,0,0,0,0,0,0,0,0,0,M,M,0,0,0,0,M,M,0,0,0,0,0
US1COAR0072,"BENNETT 5.6 S","ARAPAHOE",CO,5619,39.68,-104.41,0,0,0,M,M,0,0,0,0,0,0,0,0,0,0,0,0,0,M,M,0,0,0,0,T,M,0,0,0,0,0
US1COJF0052,"BERGEN PARK 1.1 N","JEFFERSON",CO,7721,39.71,-105.36,M,M,M,2,0.5,M,M,M,M,M,M,M,M,M,M,M,M,M,M,M,M,M,M,1,M,2,M,M,M,M,M
US1COLR0746,"BERTHOUD 1.1 N","LARIMER",CO,5064,40.32,-105.08,M,M,M,2,0,0,M,M,M,0,0,0,0,M,M,0,0,0,M,M,M,M,M,0,M,M,M,M,M,M,M
US1COLR0922,"BERTHOUD 4.4 WSW","LARIMER",CO,5180,40.28,-105.16,T,T,0,2.2,T,0,0,0,0,0,0,0,0,0,0,0,0,0,0,0,0,0,0,0,0,0.9,0,0,0,0,0
US1COLR0889,"BERTHOUD 5.0 WSW","LARIMER",CO,5182,40.27,-105.16,T,T,0,1.8,0,0,0,0,0,0,0,0,0,M,M,0,0,0,M,0,0,0,0,0,T,M,0,M,0,0,0
US1COLR0035,"BERTHOUD 5.2 SW","LARIMER",CO,5170,40.26,-105.16,0,0,0,2,T,M,0,0,0,M,0,0,M,M,0,0,0,0,M,M,M,M,0,0,M,1,0,0,M,0,0
US1COLR0752,"BERTHOUD 5.3 WSW","LARIMER",CO,5197,40.27,-105.17,T,T,0,2,0,0,0,M,M,M,M,M,M,0,0,0,0,0,0,0,0,0,0,0,0,1,0,0,0,0,0
USC00055795,"BEULAH (MPEC)","PUEBLO",CO,6625,38.05,-105,0,T,0,3.2,T,0,0,0,0,0,0,0,0,0,0,0,0,0,0,T,0,0,0,0,0,3,0,0,0,0,0
US1CODG0067,"BEVERLY HILLS 2.0 WNW","DOUGLAS",CO,6442,39.48,-104.91,M,M,M,M,0,0,0,0,0,0,0,0,0,0,0,0,0,0,0.5,M,0,0,0,0,0,M,0,0,0,M,M
USC00050754,"BLACK CANYON OF THE GUNNISON","MONTROSE",CO,8149,38.55,-107.69,5.4,1,1.7,6.1,0,0,0,0,0,0,0,0,0,0,0,0,0,0,T,0,0,0,0,T,1.5,T,0,0,0,0,0
US1COEP0024,"BLACK FOREST 2.1 SSE","ELPASO",CO,7243,38.98,-104.69,T,1.2,0,1.5,1.1,T,0,0,0,0,0,0,0,0,0,0,0,0,1.2,0.5,0,0,0,0.6,0,3.5,0,0,0,0,0
US1COEP0062,"BLACK FOREST 3.4 NNE","ELPASO",CO,7478,39.09,-104.65,0,M,M,M,M,M,0,0,0,0,0,0,0,0,0,0,0,0,M,M,M,0,0,M,M,M,0,0,0,0,0
US1COEP0066,"BLACK FOREST 3.9 NNE","ELPASO",CO,7518,39.1,-104.64,0,0.5,0,2.5,0.3,M,0,0,0,0,0,0,0,0,0,0,0,0,1.5,2,0,0,0,T,0,3,0,M,0,M,0
US1COEP0271,"BLACK FOREST 4.7 WSW","ELPASO",CO,7166,39.01,-104.74,0,M,0,M,M,0,0,0,0,0,M,M,M,M,M,M,M,M,M,M,M,M,M,M,M,M,0,0,0,0,0
USC00050756,"BLACK FOREST 6WNW","ELPASO",CO,6955,39.03,-104.8,T,0.7,0,1.8,0.9,0,0,0,0,0,0,0,0,0,0,0,0,0,0,0.3,0,0,0,0.1,0,2.4,0,0,0,0,0
US1COGL0010,"BLACK HAWK 2.9 NNE","GILPIN",CO,9263,39.84,-105.48,0,0,0,1.2,0,0,0,0,0,0,0,0,0,0,0,0,0,0,M,0,0,0,0,1.6,M,M,0,0,0,0,M
US1COWE0254,"BLACK HOLLOW RESERVOIR 3.0 WSW","WELD",CO,5111,40.59,-104.93,T,T,0,2,0,0,0,0,0,0,0,0,0,0,0,0,0,0,0,0,0,0,0,0,0,T,0,0,0,0,0
USC00050797,"BLUE MESA LAKE","GUNNISON",CO,7566,38.47,-107.17,2,4,0,2,0,0,0,0,0,0,0,0,0,0,0,0,0,0,0,0,0,0,0,0,0,0,0,0,0,0,0
US1COLR0453,"BLV 1.0 S","LARIMER",CO,5229,40.62,-105.17,M,0.1,M,5.8,0.1,M,M,M,M,M,M,M,M,M,M,M,M,M,M,M,M,M,M,M,M,M,M,M,M,M,M
US1COLR0546,"BLV 4.0 NW","LARIMER",CO,5353,40.68,-105.21,M,M,M,M,M,0,0,0,0,0,0,0,0,0,0,0,0,0,0,M,0,0,0,0,M,M,0,0,0,0,0
US1COLA0013,"BONCARBO 1.5 WSW","LASANIMAS",CO,7242,37.21,-104.73,0.3,T,0,T,0.7,0,0,0,0,T,0,0,0,M,0,0,M,0,M,M,0,0,0,0,0,1.3,0,0,0,0,0
USC00050825,"BONHAM RESERVOIR","MESA",CO,9850,39.1,-107.9,M,M,M,30,M,M,M,M,M,M,M,M,M,M,M,M,M,M,M,M,M,M,M,M,10,M,M,M,M,M,M
USC00050834,"BONNY DAM 2NE","YUMA",CO,3716,39.66,-102.12,0,0,0,1,0,0,0,0,0,0,0,0,0,0,0,0,0,0,0,0,0,0,0,M,M,M,M,M,0,0,0
USC00050839,"BOONE 9NNW","PUEBLO",CO,4793,38.37,-104.31,0,M,0,0,0,0,0,0,0,0,0,0,0,0,0,0,0,0,0,0,0,0,0,0,0,0,0,0,0,0,0
USC00050848,"BOULDER","BOULDER",CO,5483,39.99,-105.27,T,0,3.1,4.6,0,0,0,0,0,0,0,0,0,0,0,0,0,0,0,0,0,0,0,0,0.3,0,0,0,0,0,0
US1COBO0288,"BOULDER 0.5 NNE","BOULDER",CO,5304,40.03,-105.25,0.2,T,T,3.3,1.1,0,0,0,0,0,0,0,0,0,0,0,0,0,0,0,0,0,0,0,0,0.5,0,0,0,0,0
US1COBO0349,"BOULDER 1.2 N","BOULDER",CO,5346,40.04,-105.26,M,M,M,M,M,M,M,M,M,M,M,M,M,M,M,M,M,M,M,M,M,0,M,M,M,M,M,M,M,0,0
US1COBO0072,"BOULDER 1.3 NW","BOULDER",CO,5376,40.02,-105.27,0.3,T,0,5.1,0.7,0,0,0,0,0,0,0,0,M,0,0,0,0,M,0,0,0,0,0,M,0.2,0,0,0,0,0
US1COBO0009,"BOULDER 1.4 NNW","BOULDER",CO,5455,40.03,-105.29,M,M,0,M,M,0,0,0,0,0,0,0,0,0,0,0,0,0,0,0,0,M,0,M,M,0,M,M,M,M,0
US1COBO0337,"BOULDER 1.6 NW","BOULDER",CO,5419,40.05,-105.27,M,M,0,M,M,M,M,M,M,M,M,M,M,M,M,M,M,M,M,M,M,M,M,M,M,M,M,M,M,M,M
US1COBO0014,"BOULDER 1.6 S","BOULDER",CO,5471,39.99,-105.26,0.2,T,T,6.2,1.5,0,0,0,0,0,0,0,0,0,0,0,0,0,0,0,0,0,0,0,0,0.3,0,0,0,0,0
US1COBO0165,"BOULDER 1.8 ESE","BOULDER",CO,5265,40.01,-105.23,0.2,T,0,4.3,0.6,0,0,0,0,0,0,0,0,0,0,0,0,0,0,0,0,0,0,0,0,0.3,0,0,0,0,0
US1COBO0030,"BOULDER 1.9 SE","BOULDER",CO,5367,39.99,-105.24,T,0,0,4.1,0.6,0,0,0,0,0,0,0,0,0,0,0,0,0,0,0,0,M,0,0,0,0.2,0,0,0,0,0
US1COBO0380,"BOULDER 2.0 W","BOULDER",CO,5438,40.02,-105.29,0.3,T,0,5.5,M,0,0,0,0,0,0,0,0,0,0,0,0,0,0,0,0,0,M,M,M,M,M,M,M,M,M
US1COBO0391,"BOULDER 2.2 W","BOULDER",CO,5554,40.03,-105.29,0.3,0,0,6.5,0.6,M,M,M,M,M,M,M,M,M,M,M,0,0,M,0,0,0,0,0,M,T,0,0,0,0,0
US1COBO0298,"BOULDER 2.5 S","BOULDER",CO,5390,39.99,-105.26,0,0,0,2.3,0.4,0,0,0,0,0,0,0,0,0,0,0,0,0,M,0,0,0,0,0,0,M,0,0,0,0,0
US1COBO0004,"BOULDER 2.9 S","BOULDER",CO,5396,39.99,-105.26,0.2,T,T,5,0.9,0,0,0,0,0,0,0,0,0,0,0,0,0,0,0,0,0,0,0,0,0.3,0,0,0,0,0
US1COBO0120,"BOULDER 3.0 E","BOULDER",CO,5265,40.01,-105.21,M,M,M,M,M,M,0,M,M,0,0,M,M,M,M,M,0,0,M,M,M,M,0,0,M,0,0,M,M,M,0
US1COBO0164,"BOULDER 3.0 NNW","BOULDER",CO,5606,40.06,-105.29,M,M,M,M,M,M,M,M,M,M,M,M,M,M,M,M,M,M,M,M,0,0,0,M,M,M,0,0,0,0,0
US1COBO0299,"BOULDER 3.0 S","BOULDER",CO,5408,39.98,-105.24,M,M,M,M,M,M,M,M,M,M,M,M,M,M,M,M,M,M,M,M,M,M,M,M,M,M,M,M,M,0,M
US1COBO0286,"BOULDER 3.5 S","BOULDER",CO,5560,39.98,-105.26,T,T,0,3.1,0.7,0,0,0,0,0,0,0,0,0,0,0,0,0,M,M,0,0,0,0,T,T,0,0,0,0,0
US1COBO0159,"BOULDER 3.6 WNW","BOULDER",CO,6904,40.04,-105.33,M,M,M,M,M,M,M,M,M,M,M,M,M,M,M,M,M,0,M,0,0,0,0,0,0.5,M,M,0,M,M,0
US1COBO0282,"BOULDER 4.4 S","BOULDER",CO,5439,39.96,-105.24,T,0,0,3.2,T,0,M,M,M,M,M,M,M,M,M,M,M,M,M,M,M,M,M,M,M,M,M,M,M,M,M
US1COBO0019,"BOULDER 4.6 E","BOULDER",CO,5314,40,-105.17,T,M,M,3,M,M,M,M,M,M,M,M,M,M,M,M,M,M,0,M,M,M,M,M,M,M,M,M,M,M,M
US1COBO0067,"BOULDER 4.7 E","BOULDER",CO,5324,40,-105.18,T,T,0,4.5,0.5,0,0,0,0,0,0,0,0,0,0,0,0,0,0,0,0,0,0,0,0,0.8,0,0,0,0,0
US1COBO0220,"BOULDER 4.7 ENE","BOULDER",CO,5271,40.06,-105.17,0.2,T,0,2.1,0.2,0,0,0,0,0,M,0,0,0,0,0,0,0,0,0,0,M,0,0,0,M,M,0,0,0,0
US1COBO0135,"BOULDER 5.4 ESE","BOULDER",CO,5514,39.99,-105.17,0.1,T,0,2.1,0.3,0,0,0,M,0,0,0,0,0,0,M,M,M,M,M,M,M,M,M,M,M,M,M,M,0,0
US1COBO0320,"BOULDER 6.7 WNW","BOULDER",CO,6764,40.05,-105.37,M,M,M,3.2,0,M,M,M,M,M,M,M,M,M,M,M,M,M,M,0,0,0,M,M,M,1.7,0,M,M,M,M
US1COBO0041,"BOULDER 6.8 SE","BOULDER",CO,5484,39.97,-105.15,M,M,M,3,M,M,M,M,M,M,M,M,M,M,M,M,M,M,M,M,M,M,M,M,M,M,M,M,M,M,M
US1COBO0230,"BOULDER 6.8 WNW","BOULDER",CO,7774,40.08,-105.36,M,M,M,1.8,M,0,0,0,M,0,0,M,M,M,M,M,0,0,M,T,M,M,M,T,M,M,M,M,0,0,M
USC00050909,"BRECKENRIDGE","SUMMIT",CO,9596,39.49,-106.04,3.1,0.4,2.5,4.2,0.3,0,0,0,0,0,0,0,2,T,0,0,0,0,1.7,0,0,0,0,3.1,2.4,0.2,0,0,0,0,0
US1COSU0039,"BRECKENRIDGE 0.9 NNE","SUMMIT",CO,9542,39.52,-106.04,1.7,0.3,1.2,2.7,0.2,0,0,0,0,0,0,0,2.2,0,0,0,0,0,1.5,0,0,0,0,3.4,1.8,0,0,0,0,0,0
US1COSU0067,"BRECKENRIDGE 1.9 SSE","SUMMIT",CO,9885,39.48,-106.03,1.5,0.5,2.6,3.8,0.2,0,0,0,0,0,0,0,2.3,0,0,0,0,0,2.3,0,0,0,0,3.2,1.5,M,0,0,T,0,0
US1COSU0040,"BRECKENRIDGE 3.3 SE","SUMMIT",CO,10804,39.47,-106.01,1.7,0.3,M,4.2,1.5,0,M,0,0,M,M,M,2.7,0,M,0,M,0,3.5,0,0,0,M,2.5,1.9,M,0,M,1,0,0
USC00050945,"BRIGGSDALE","WELD",CO,4861,40.63,-104.33,0,0,0,M,0,0,0,0,0,0,0,0,0,0,0,0,0,0,M,M,0,0,0,0,M,M,0,0,0,0,0
US1COWE0462,"BRIGGSDALE 0.4 NW","WELD",CO,4872,40.63,-104.33,M,M,M,M,M,M,M,M,M,M,M,M,M,M,M,M,M,M,0,M,M,M,M,M,M,M,M,M,M,M,0
US1COWE0093,"BRIGGSDALE 11 S","WELD",CO,4786,40.48,-104.31,M,M,0,2.5,M,0,0,0,M,0,M,0,0,0,0,0,M,M,M,0,0,0,0,0,M,0,0,0,0,0,0
US1COWE0465,"BRIGGSDALE 9.0 NNE","WELD",CO,5036,40.76,-104.28,0,0,0,M,0,0,0,0,0,0,0,0,0,M,M,M,M,0,0,M,0,0,0,M,M,M,0,0,0,0,0
US1COAD0179,"BRIGHTON 1.5 NNW","ADAMS",CO,4998,39.98,-104.8,0,0,M,3,0,0,0,0,0,0,0,0,M,0,M,0,0,0,M,0,0,0,0,0,M,M,0,M,0,0,0
US1COAD0087,"BRIGHTON 1.7 ESE","ADAMS",CO,5065,39.98,-104.79,0,0,0,2.5,0,0,0,0,0,0,0,0,0,0,0,0,0,0,M,0,0,0,0,0,0.5,0,0,0,0,0,0
US1COAD0204,"BRIGHTON 1.9 NNW","ADAMS",CO,4989,39.98,-104.81,0,0,0,3,0,0,0,0,0,0,0,0,M,0,0,0,0,0,M,0,0,0,0,0,0,M,0,0,0,0,0
US1COAD0120,"BRIGHTON 2.1 NNW","ADAMS",CO,4931,39.98,-104.81,0,0,0,2.9,0,0,0,M,M,M,M,M,M,M,M,M,M,M,M,M,M,M,M,M,M,M,M,M,M,M,M
USC00050950,"BRIGHTON 3 SE","ADAMS",CO,5015,39.94,-104.84,0,0,T,2,0,0,0,0,0,0,0,0,0,0,0,0,0,0,0,0,0,0,0,0,0,T,0,0,0,0,0
US1COAD0123,"BRIGHTON 4.0 WNW","ADAMS",CO,5110,39.97,-104.87,M,M,M,M,M,0,0,0,0,0,0,0,M,0,0,0,0,0,0,M,0,0,0,0,M,T,0,0,0,0,0
US1COAD0189,"BRIGHTON 7.7 ENE","ADAMS",CO,5193,39.99,-104.65,M,M,M,2.8,0.2,M,M,M,M,M,M,M,M,M,M,M,M,M,M,M,M,M,M,M,0,1.3,M,M,M,M,M
US1COBR0013,"BROOMFIELD 1.1 NE","BROOMFIELD",CO,5422,39.94,-105.08,T,0,0,2.4,0.4,0,0,0,0,0,0,0,0,0,0,0,0,0,0,0,0,0,0,0,0,1,0,0,0,0,0
US1COBO0002,"BROOMFIELD 1.2 NE","BOULDER",CO,5458,39.94,-105.08,T,0,0,1.8,0.3,0,0,0,0,0,0,0,0,0,0,0,0,0,0,0,0,0,0,0,0,0.9,0,0,0,0,0
US1COBR0024,"BROOMFIELD 1.3 SSW","BROOMFIELD",CO,5404,39.93,-105.07,0,0,0,1.4,0.3,0,0,0,0,0,0,0,M,0,0,0,0,0,M,M,0,0,0,0,0,M,0,0,0,0,0
US1COBR0036,"BROOMFIELD 1.3 SW","BROOMFIELD",CO,5419,39.93,-105.08,0,0,0,1.5,0.1,0,0,0,0,0,0,0,M,M,M,0,0,0,M,M,0,0,0,0,M,M,M,M,M,0,0
US1COBR0023,"BROOMFIELD 1.6 ENE","BROOMFIELD",CO,5273,39.95,-105.03,0,0,0,1,0,0,0,0,0,0,0,0,0,0,0,0,0,0,M,0,0,0,0,0,M,0,0,0,0,0,0
US1COBR0025,"BROOMFIELD 1.7 WSW","BROOMFIELD",CO,5440,39.93,-105.09,M,T,0,1.6,0.2,0,0,0,0,0,0,0,M,0,0,0,0,0,M,M,0,0,M,0,M,0.5,0,0,0,0,0
US1COJF0072,"BROOMFIELD 2.3 SSW","JEFFERSON",CO,5435,39.88,-105.11,T,0,0,1.4,0.2,M,M,M,M,M,M,M,0,0,0,0,M,0,0,0,0,0,0,M,0,0,M,0,0,0,0
US1COBR0032,"BROOMFIELD 3.2 NNE","BROOMFIELD",CO,5230,39.99,-105.05,0,0,0,2.8,T,0,0,0,0,0,0,0,0,0,0,0,0,0,0,0,0,0,0,0,0,1,0,0,0,0,0
US1COMR0084,"BRUSH 0.3 E","MORGAN",CO,4244,40.26,-103.63,0,0,0,1.7,0,0,0,0,0,0,0,0,0,0,0,0,0,0,M,M,0,0,0,0,M,M,0,0,0,0,0
US1COMR0001,"BRUSH 0.8 S","MORGAN",CO,4254,40.25,-103.62,0,0,0,1.5,0,0,0,0,0,0,0,0,0,0,0,0,0,0,M,0,0,0,0,0,M,M,0,0,0,0,0
US1COMR0002,"BRUSH 1.3 W","MORGAN",CO,4254,40.26,-103.65,0,0,0,1.6,0,0,0,0,0,M,0,0,0,0,0,0,0,0,M,0,0,0,0,0,M,M,0,0,0,0,0
US1COMR0043,"BRUSH 4.9 SSE","MORGAN",CO,4320,40.19,-103.59,M,M,M,1.7,M,M,M,M,M,M,M,M,M,M,M,M,M,M,M,M,M,M,M,M,M,T,M,M,M,M,M
US1COMR0017,"BRUSH 5.1 N","MORGAN",CO,4199,40.33,-103.6,M,M,M,M,M,M,M,M,M,M,M,M,M,M,M,M,M,M,M,M,M,M,M,M,M,M,0,0,0,0,0
US1COMR0038,"BRUSH 5.5 NE","MORGAN",CO,4189,40.31,-103.54,0,0,0,1.8,0,0,0,0,0,0,0,0,0,0,0,0,0,0,M,0,0,0,0,0,M,M,0,0,0,0,0
US1COMR0083,"BRUSH 7.3 SSE","MORGAN",CO,4303,40.15,-103.6,0,0,0,2,0,0,0,0,0,0,0,0,0,0,0,0,0,0,M,M,0,0,0,0,M,M,0,0,0,0,0
USC00051060,"BUCKHORN MTN 1 E","LARIMER",CO,7398,40.62,-105.3,1.2,0.7,0,10.1,1.9,0,0,0,0,0,0,0,0,0,0,0,0,0,T,0.3,0,0,0,T,0.4,0.8,0,0,0,0,0
US1COCF0006,"BUENA VISTA 1.5 WNW","CHAFFEE",CO,8039,38.85,-106.16,3.8,2.9,M,T,0,0,0,0,0,0,0,M,M,0,0,0,0,M,0,1.8,0,0,0,0.7,0,0,0,0,0,0,0
USC00051071,"BUENA VISTA 2S","CHAFFEE",CO,7952,38.82,-106.13,1.8,3.1,T,T,0,0,0,0,0,0,0,0,T,T,0,0,0,0,0,1,0,0,0,0.8,0,T,0,0,0,0,0
US1COCF0025,"BUENA VISTA 4.0 WNW","CHAFFEE",CO,8807,38.86,-106.21,4.7,3.6,1,0.2,0,M,M,0,0,0,0,0,T,T,M,0,0,M,M,3.4,0,0,0,1.8,0,0,0,0,M,0,0
US1COCF0038,"BUENA VISTA 5.6 NNW","CHAFFEE",CO,8209,38.91,-106.18,3.5,3,M,M,M,M,M,M,M,M,M,M,M,M,M,M,M,M,M,1.5,M,M,M,0.9,M,0.2,M,M,M,M,M
US1COCF0005,"BUENA VISTA 8.9 NNW","CHAFFEE",CO,8472,38.96,-106.2,M,M,9,T,0,0,0,0,0,0,0,0,T,0,M,0,0,0,T,0.3,0,0,0,2,T,0,0,0,0,0,M
USC00051121,"BURLINGTON","KITCARSON",CO,4161,39.31,-102.26,T,T,0,1.6,0.2,0,0,0,0,0,0,0,0,0,0,0,0,0,0,0,0,0,0,0,0,0,0,0,0,0,0
US1COKC0080,"BURLINGTON 8.4  NNE","KITCARSON",CO,4041,39.42,-102.2,0,T,0,0.5,0,0,0,0,0,0,0,0,0,0,0,0,0,0,M,M,0,0,0,M,0,M,0,0,0,0,0
US1COAD0149,"BYERS 4.6 NE","ADAMS",CO,5125,39.75,-104.15,0,0,0,4.7,0,0,0,0,0,0,0,0,0,0,0,0,0,0,0,0,0,0,0,0,M,M,0,0,0,0,0
USC00051179,"BYERS 5 ENE","ADAMS",CO,5100,39.74,-104.13,0,0,0,3,0,0,0,0,0,0,0,0,0,0,0,0,0,0,0,0,0,0,0,0,0,T,0,0,0,0,0
US1COAR0194,"BYERS 8.1 SSE","ARAPAHOE",CO,5487,39.6,-104.18,M,M,M,M,M,0,0,0,0,0,0,0,0,0,0,0,0,0,0,0,0,0,0,0,0,M,0,0,0,0,0
USC00051186,"CABIN CREEK","CLEARCREEK",CO,10017,39.66,-105.71,1.5,2,2,1.5,0.5,0,0,0,0,0,0,0,6.4,0,0,0,0,0,1,0.5,0,0,0,1.2,0,0,0,0,0,0,0
US1COEP0007,"CALHAN 3.1 N","ELPASO",CO,6360,39.08,-104.29,0,T,0,M,T,0,M,0,0,0,0,0,0,0,M,0,M,0,M,T,0,0,0,0,0,1,0,0,0,0,0
US1COBA0016,"CAMPO 11.3 ESE","BACA",CO,3965,37.02,-102.4,M,0,0,M,M,0,0,0,0,0,0,0,0,0,0,0,0,0,0,M,0,0,0,0,0,M,M,M,M,M,M
US1COBA0028,"CAMPO 15.2 ESE","BACA",CO,3891,37.02,-102.32,M,M,M,M,M,M,M,M,M,M,M,M,M,M,M,M,M,M,M,M,M,M,M,0,0,M,0,0,0,0,0
US1COBA0009,"CAMPO 7.8 NE","BACA",CO,4195,37.18,-102.47,0,0,0,0,0,0,0,0,0,0,0,0,0,0,0,0,0,0,0,M,0,0,0,0,0,M,0,0,0,0,0
USC00051268,"CAMPO 7 S","BACA",CO,4104,37.01,-102.55,0,0,0,0,0,0,0,0,0,0,0,0,0,0,0,0,0,0,0,0,0,0,0,0,0,0,0,0,0,0,0
USC00051294,"CANON CITY","FREMONT",CO,5377,38.46,-105.23,T,1,0,3,0.4,0,0,0,0,0,0,0,0,0,0,0,0,0,0,0,0,0,0,0,0,T,0,0,0,0,0
US1COFM0071,"CANON CITY 0.7 NE","FREMONT",CO,5485,38.47,-105.23,0,0.7,0,2.4,0,0,M,0,0,0,0,0,0,0,0,0,0,0,M,M,0,0,0,0,0,M,0,0,M,0,0
US1COFM0048,"CANON CITY 0.7 NNW","FREMONT",CO,5534,38.47,-105.25,0,0.7,0,2.6,T,0,0,0,0,0,0,0,0,0,0,0,0,0,0,0,0,0,0,0,0,0,0,0,0,0,0
US1COFM0059,"CANON CITY 0.7 SSE","FREMONT",CO,5393,38.45,-105.24,0,0.8,0,2.5,0,0,0,0,0,0,0,0,0,M,0,0,0,M,M,M,M,M,0,M,0,M,0,0,0,0,0
US1COFM0011,"CANON CITY 1.0 NNE","FREMONT",CO,5504,38.48,-105.24,0,T,0,3.3,T,0,0,0,0,0,0,0,0,M,0,0,0,0,M,M,0,0,0,0,M,M,0,0,0,0,0
US1COFM0019,"CANON CITY 1.3 ENE","FREMONT",CO,5341,38.45,-105.22,0,1,M,2.5,T,0,0,0,0,0,0,0,0,M,0,0,0,M,M,M,0,0,0,M,0,M,0,0,0,0,0
US1COFM0073,"CANON CITY 22.3 NW","FREMONT",CO,8333,38.63,-105.56,T,0.8,M,2.2,1.5,M,M,M,M,M,M,M,M,M,M,M,M,M,M,M,M,M,M,0.5,M,M,M,M,M,M,M
US1COFM0034,"CANON CITY 2.5 ENE","FREMONT",CO,5337,38.45,-105.2,0,1,0,3,0,0,M,0,0,0,0,0,0,M,0,0,0,M,M,M,0,0,0,M,0,0.5,0,0,0,0,0
US1COFM0009,"CANON CITY .84 SE","FREMONT",CO,5393,38.43,-105.23,T,0.8,0,1.5,T,0,0,0,0,0,0,0,0,0,0,0,0,0,0,0,0,0,0,0,0,0.2,0,0,0,0,0
US1COGF0069,"CARBONDALE 0.3 WNW","GARFIELD",CO,6185,39.4,-107.22,0.6,2.2,0.3,2.4,T,0,0,0,0,0,0,0,0,0,0,0,0,0,M,0,0,0,0,T,M,0,0,0,0,0,0
US1COGF0047,"CARBONDALE 0.5 W","GARFIELD",CO,6169,39.4,-107.22,0.7,2.5,0.3,2.6,0,0,0,0,0,0,0,0,0,0,0,0,0,0,0,0,0,0,0,T,0,0,0,0,0,0,0
US1COGF0049,"CARBONDALE 4.6 NNE","GARFIELD",CO,6519,39.46,-107.18,1.1,1.8,0.5,2.9,0,0,0,0,0,0,0,0,0,0,0,0,0,0,0,0,0,0,0,T,T,0,0,0,0,0,0
US1COEG0037,"CARBONDALE 5.7 E","EAGLE",CO,6425,39.4,-107.11,1.1,2.4,1.8,3.4,T,0,0,0,0,0,0,0,0,0,0,0,0,0,M,0,0,0,0,0,0,0,0,0,0,0,0
US1COWE0127,"CARR 0.6 S","WELD",CO,5698,40.89,-104.88,T,0,T,0.5,0,0,0,0,0,0,0,0,0,0,0,0,0,0,M,0,0,0,0,0,0,T,0,0,0,0,0
US1CODG0238,"CASTLE PINES 2.2 N","DOUGLAS",CO,6531,39.46,-104.89,0,M,M,2.3,M,M,M,M,M,M,M,M,M,M,M,M,M,M,T,T,M,M,M,M,M,T,M,M,M,M,M
US1CODG0025,"CASTLE PINES 2.2 NNE","DOUGLAS",CO,6494,39.46,-104.89,0,M,0,2.5,T,0,0,M,0,0,0,0,0,0,0,0,0,0,M,M,0,0,0,0,T,3,M,M,M,M,0
USC00051401,"CASTLE ROCK","DOUGLAS",CO,6183,39.41,-104.91,0,0,0,1.5,0,0,0,0,0,0,0,0,0,0,0,0,0,0,1,0,0,0,0,0,0,0,0,0,0,0,0
US1CODG0245,"CASTLE ROCK 0.5 NNW","DOUGLAS",CO,6282,39.39,-104.85,M,T,0,M,0.1,0,0,M,0,M,M,0,0,M,0,0,0,0,0.2,T,M,M,M,0,T,2.3,M,0,M,0,M
US1CODG0062,"CASTLE ROCK 1.7 SSW","DOUGLAS",CO,6340,39.35,-104.86,0,0.1,0,1.8,0.2,0,0,0,0,0,0,0,0,0,0,0,0,0,1,0.3,0,0,0,0,T,0,0,0,0,0,0
US1CODG0090,"CASTLE ROCK 2.2 E","DOUGLAS",CO,6586,39.37,-104.81,0,0.2,0,1.8,0.1,0,0,0,0,0,0,0,0,0,0,0,0,0,T,0.3,0,M,0,0,0,0.7,0,0,M,M,M
US1CODG0234,"CASTLE ROCK 2.7 ESE","DOUGLAS",CO,6616,39.36,-104.81,M,M,M,2.5,M,M,M,M,M,M,M,M,M,M,M,M,M,M,1,M,M,M,M,M,M,2,M,M,M,M,M
US1CODG0145,"CASTLE ROCK 2.9 WNW","DOUGLAS",CO,6277,39.39,-104.9,0,T,0,1.5,T,0,0,0,0,0,0,0,0,M,0,0,0,0,M,M,0,0,0,0,0,T,0,0,0,0,0
US1CODG0243,"CASTLE ROCK 3.3 SW","DOUGLAS",CO,6558,39.34,-104.89,M,M,0,M,M,0,0,0,0,0,0,0,0,0,0,0,0,0,M,M,0,0,0,0,0,M,0,0,0,0,0
US1CODG0205,"CASTLE ROCK 3.7 W","DOUGLAS",CO,6355,39.37,-104.92,M,M,0,M,M,0,0,0,0,0,0,0,0,0,0,0,0,0,M,M,0,0,0,0,M,M,0,0,M,0,0
US1CODG0035,"CASTLE ROCK 3.9 NW","DOUGLAS",CO,6115,39.41,-104.91,0,T,0,2.1,T,0,0,0,0,0,0,0,0,0,0,0,0,0,T,M,0,0,0,0,T,2.4,0,0,0,0,0
US1CODG0171,"CASTLE ROCK 4.6 NNW","DOUGLAS",CO,6391,39.44,-104.87,0,T,0,2.3,0,0,0,0,M,0,0,0,0,0,0,0,0,0,M,M,0,0,0,0,T,2.7,0,0,0,0,0
US1CODG0229,"CASTLE ROCK 5.2 SW","DOUGLAS",CO,6619,39.32,-104.91,0,0,0,2.4,0,0,0,0,0,0,0,0,0,0,0,0,0,0,1,0,0,0,0,0,0,3,0,0,0,0,0
US1CODG0091,"CASTLE ROCK 8.2 NNW","DOUGLAS",CO,6386,39.49,-104.91,0,0,0,2.5,0,0,0,0,0,0,0,0,0,M,0,0,0,0,0.5,M,0,0,0,0,M,1.5,0,0,0,0,0
US1CODL0040,"CEDAREDGE 1.0 NE","DELTA",CO,6353,38.91,-107.91,2,M,T,T,0,0,0,0,0,0,0,0,0,0,0,0,0,0,M,0,0,0,0,0,0,0,0,0,0,0,0
USC00051443,"CEDAREDGE 3E","DELTA",CO,6836,38.9,-107.89,M,0.3,0.2,0.1,0,0,0,0,0,0,0,0,0,0,0,0,0,0,0,0,0,0,0,0,0,0,0,0,0,0,0
US1COPU0049,"CEDARWOOD 0.6 NNW","PUEBLO",CO,5832,37.94,-104.62,M,2.1,M,2.6,M,M,M,M,M,M,M,M,M,M,M,M,M,M,M,M,M,M,M,M,M,2,M,M,M,M,M
US1COAR0214,"CENTENNIAL 2.0 SW","ARAPAHOE",CO,5630,39.58,-104.97,0,T,0,M,0.2,0,0,0,0,0,0,0,0,M,0,0,0,0,M,M,0,0,0,0,M,2.5,0,0,0,0,0
US1COAR0164,"CENTENNIAL 3.7 W","ARAPAHOE",CO,5531,39.61,-104.94,0,0,0,2.6,T,0,0,0,0,0,0,0,0,0,0,0,0,0,M,0,0,0,0,0,M,M,0,0,0,0,0
US1COAR0085,"CENTENNIAL 5.5 E","ARAPAHOE",CO,5986,39.58,-104.76,M,M,M,1,M,M,M,M,M,0,M,0,M,M,M,M,M,M,M,M,M,M,0,M,M,M,M,M,M,M,M
US1COAR0230,"CENTENNIAL 5.6 ENE","ARAPAHOE",CO,5853,39.62,-104.77,M,M,M,1.5,M,M,M,M,M,M,M,M,M,M,M,M,M,M,M,M,M,M,M,M,2,M,M,M,M,M,M
US1COSA0038,"CENTER 1.2 NE","SAGUACHE",CO,7623,37.76,-106.09,T,0.4,0.1,0,0,0,0,0,0,0,0,0,0,0,0,0,0,0,0,0,0,0,0,0,0,0,0,0,0,0,0
US1COJF0061,"CHATFIELD DAM 2 NW","JEFFERSON",CO,5583,39.58,-105.08,0,0,0,3.2,T,M,0,0,0,0,0,0,0,0,0,0,0,0,0,0,0,0,0,0,0,1.4,0,0,0,0,0
USC00051528,"CHEESMAN","JEFFERSON",CO,6878,39.22,-105.28,0,T,0,1,0,0,0,0,0,0,0,0,0,0,0,0,0,0,0,0.7,0,0,0,0,0,1.5,0,0,0,0,0
US1COOT0006,"CHERAW .15 NNE","OTERO",CO,4143,38.11,-103.51,0,0,0,T,0.5,0,0,0,0,0,0,0,0,0,0,0,0,0,M,M,0,0,0,0,0,M,0,0,0,0,0
US1COOT0013,"CHERAW 1.9 W","OTERO",CO,4159,38.1,-103.55,0,0,0,M,M,0,0,0,0,0,0,0,0,0,0,0,0,0,M,M,0,0,0,0,0,M,0,0,0,0,0
USC00051539,"CHERAW 1 N","OTERO",CO,4146,38.12,-103.51,0,0,0,0,T,0,0,0,0,0,0,0,0,0,0,0,0,0,0,0,0,0,0,0,0,0,0,0,0,0,0
US1COAR0087,"CHERRY CREEK DAM 4.7 ESE","ARAPAHOE",CO,5841,39.62,-104.78,M,M,M,3,M,M,M,M,M,M,M,M,M,M,M,M,M,M,M,M,M,M,M,M,M,2.6,M,M,M,M,M
US1CODN0120,"CHERRY CREEK RESERVOIR 1.9 N","DENVER",CO,5476,39.66,-104.88,M,M,M,3.1,T,M,M,M,M,M,M,M,M,M,M,M,M,M,M,M,M,M,M,M,0.4,0,M,M,M,M,M
US1CODN0109,"CHERRY HILLS VILLAGE 2.1 N","DENVER",CO,5412,39.67,-104.94,0,0,0,0,0,0,0,0,0,0,0,0,0,0,0,0,0,0,0,0,0,0,0,0,0,M,0,0,0,0,0
US1COCH0031,"CHEYENNE WELLS 0.7 WNW","CHEYENNE",CO,4277,38.82,-102.36,M,M,0,M,0,0,0,0,0,0,0,0,0,0,0,0,0,0,M,M,0,0,0,M,0,M,0,0,0,0,0
US1COCH0028,"CHEYENNE WELLS 1.6 N","CHEYENNE",CO,4251,38.84,-102.35,M,M,0,0.2,0,0,0,0,0,0,0,0,0,0,0,0,0,0,M,M,M,M,0,M,0,M,0,0,0,0,0
USC00051564,"CHEYENNE WELLS 2NE","CHEYENNE",CO,4202,38.86,-102.33,0,0,0,0.4,0,0,0,0,0,0,0,0,0,0,0,0,0,0,0,0,0,0,0,0,0,0,0,0,0,0,0
USC00051609,"CIMARRON","MONTROSE",CO,6888,38.44,-107.56,4,0,0,2.5,0,0,0,0,0,0,0,0,0,0,0,0,0,0,0,0,0,0,0,0,T,0,0,0,0,0,0
US1COGN0047,"CIMARRON 11.2 S","GUNNISON",CO,8354,38.29,-107.55,4.5,3,2,3.5,0,M,0,0,M,0,0,0,0,0,0,0,0,0,M,0,0,0,0,T,2,M,0,0,0,0,0
US1CORT0022,"CLARK 0.7 NW","ROUTT",CO,7219,40.71,-106.93,3,3,4,4,0,0,0,0,0,0,0,0,0,0,0,0,0,0,0,0,0,0,0,0,0,0,0,0,0,0,0
USC00051620,"CLARKVILLE 4W","YUMA",CO,4080,40.4,-102.7,0,0,0,1.2,0,0,0,0,0,M,M,0,0,0,0,0,0,0,0,0,0,0,M,0,0,T,T,0,0,0,0
USC00051660,"CLIMAX","LAKE",CO,11341,39.37,-106.19,4,2,2,2.5,1,0,0,0,0,0,0,0,0.3,0.2,0,0,0,0,3,0,0,0,0,5,4,T,0,0,2.5,0,0
USC00051681,"COAL CREEK CANYON","JEFFERSON",CO,8948,39.9,-105.38,0,0.3,1.6,T,0,0,0,0,0,0,0,0,7.7,0,0,0,0,0,1,0,0,T,T,1.3,4.1,T,0,T,T,0,0
USC00051713,"COCHETOPA CREEK","GUNNISON",CO,8004,38.44,-106.76,1.8,1.4,2.1,0.1,0.2,0,0,0,0,0,0,0,0,0,0,0,0,0,0,0,0,0,0,0.2,0.2,0,0,0,0,0,0
US1COME0053,"COLLBRAN 0.2 ESE","MESA",CO,6041,39.24,-107.96,M,M,M,1.2,M,M,M,M,M,M,M,M,M,M,M,M,M,M,M,M,M,M,M,M,M,M,M,M,M,M,M
USC00051743,"COLLBRAN 1WSW","MESA",CO,6007,39.24,-107.98,0,0.2,T,1.6,0,0,0,0,0,0,0,0,0,0,0,0,0,0,0,0,0,0,0,M,0,0,0,0,0,0,0
USC00051772,"COLORADO NATIONAL MONUMENT","MESA",CO,5779,39.1,-108.73,M,M,M,1,M,M,M,0,0,M,M,M,0,0,0,0,M,M,0,0,0,0,M,M,M,M,0,0,0,0,M
US1COEP0194,"COLORADO SPRINGS 1.1 NE","ELPASO",CO,6063,38.84,-104.81,0,0.4,0,1.5,1,0,0,0,0,0,0,0,0,0,0,0,0,0,M,M,0,0,0,0,0,T,0,0,0,0,0
US1COEP0303,"COLORADO SPRINGS 1.1 W","ELPASO",CO,6007,38.83,-104.84,0,0.5,0,2,1,0,0,0,0,0,0,0,0,0,0,0,0,M,M,M,0,0,0,0,0,M,0,0,0,0,0
US1COEP0192,"COLORADO SPRINGS 13.9 NNE","ELPASO",CO,7283,39.03,-104.75,0,1,0,2,0.5,0,0,0,0,0,0,0,0,T,0,0,0,0,0,1,0,0,0,0,T,3,0,M,M,M,M
US1COEP0060,"COLORADO SPRINGS 1.3 ESE","ELPASO",CO,6081,38.83,-104.8,M,M,M,2,1,M,M,M,M,M,M,M,M,M,M,M,M,M,M,M,M,M,M,M,M,M,M,M,M,M,M
US1COEP0183,"COLORADO SPRINGS 14.9 N","ELPASO",CO,6865,39.05,-104.84,M,0.6,M,2,0.1,M,M,M,M,M,M,M,M,M,M,M,M,M,T,T,M,M,M,M,M,2,M,M,M,M,M
US1COEP0012,"COLORADO SPRINGS 18.7 N","ELPASO",CO,7429,39.1,-104.76,T,0.9,T,3.2,0.7,0,0,0,0,0,0,0,0,T,0,0,0,0,4.5,3.2,0,0,0,0.3,T,5.1,0,0,0,0,0
US1COEP0226,"COLORADO SPRINGS 2.0 N","ELPASO",CO,6107,38.86,-104.81,0,T,0,M,M,0,0,0,0,0,0,0,0,0,0,0,0,M,M,M,0,0,0,M,0,M,0,0,0,0,0
US1COEP0064,"COLORADO SPRINGS 2.1 NW","ELPASO",CO,6192,38.85,-104.85,0,0.5,T,1.6,1.2,0,0,M,0,0,0,0,0,0,0,0,0,0,0,0,0,0,0,0,0,1.8,0,0,0,0,0
US1COEP0230,"COLORADO SPRINGS 2.1 SSW","ELPASO",CO,6010,38.81,-104.84,0,M,0,M,M,0,0,0,0,0,0,0,0,0,0,M,0,0,M,M,0,0,0,0,0,M,0,0,0,0,0
US1COEP0309,"COLORADO SPRINGS 2.7 NE","ELPASO",CO,6279,38.86,-104.79,0,0.2,0,1.7,0.7,M,0,0,0,0,M,M,0,0,M,0,0,M,M,M,M,M,0,M,M,M,M,0,M,M,0
US1COEP0158,"COLORADO SPRINGS 2.7 WSW","ELPASO",CO,6278,38.82,-104.86,0,0.5,M,2,3,0,0,0,0,0,0,0,0,0,0,0,0,M,M,M,0,0,0,M,0,1.5,0,0,0,0,0
US1COEP0231,"COLORADO SPRINGS 2.9 NE","ELPASO",CO,6290,38.87,-104.79,0,M,0,M,M,M,M,M,M,M,M,M,M,M,M,0,0,0,M,M,0,0,0,M,0,M,0,0,0,0,M
US1COEP0210,"COLORADO SPRINGS 3.0 S","ELPASO",CO,5996,38.79,-104.81,0,0.5,0,2.6,1.2,0,M,0,0,0,0,0,0,0,0,0,0,M,M,M,0,M,0,M,0,0.2,0,0,0,0,0
US1COEP0264,"COLORADO SPRINGS 3.5 S","ELPASO",CO,6031,38.78,-104.83,0,0.5,0,2.5,1,0,0,0,0,0,0,0,0,0,0,0,0,0,M,M,0,0,0,0,0,1,0,0,0,0,0
US1COEP0188,"COLORADO SPRINGS 3.7 ENE","ELPASO",CO,6320,38.86,-104.76,0,0.4,0,2.3,0.6,0,0,0,0,0,0,0,0,0,0,0,0,0,0,0,0,0,0,0,0,T,0,0,0,0,0
US1COEP0320,"COLORADO SPRINGS 4.1 NNE","ELPASO",CO,6328,38.89,-104.78,0,0.6,0,1.4,0.9,0,0,0,0,M,M,M,M,M,M,M,M,M,M,M,M,M,M,M,M,M,0,M,M,M,M
US1COEP0337,"COLORADO SPRINGS 4.1 S","ELPASO",CO,6133,38.77,-104.83,0,M,M,3,M,0,M,M,0,0,0,M,0,M,M,M,M,M,M,M,M,M,M,M,0,M,0,M,M,M,M
US1COEP0228,"COLORADO SPRINGS 5.0 NNE","ELPASO",CO,6393,38.9,-104.78,M,0.8,0,1,0.5,0,0,0,0,0,0,0,0,0,0,0,0,M,M,M,M,M,M,0,0,M,0,M,M,M,M
US1COEP0267,"COLORADO SPRINGS 5.1 ESE","ELPASO",CO,5977,38.79,-104.74,M,0.3,0,2.6,0.8,0,0,0,0,0,0,0,0,0,0,0,0,M,M,M,0,0,0,0,0,1,0,0,0,0,0
US1COEP0263,"COLORADO SPRINGS 5.3 ENE","ELPASO",CO,6542,38.87,-104.73,M,M,M,2.8,M,M,M,M,M,M,M,M,M,M,M,M,M,M,M,M,M,M,M,M,M,M,M,M,M,M,M
US1COEP0037,"COLORADO SPRINGS 5.7 WNW","ELPASO",CO,6602,38.91,-104.85,0,0.7,0,1,1.9,0,0,0,0,0,0,0,0,0,0,0,0,0,0,0,0,0,0,0,T,2.1,0,0,0,0,0
US1COEP0068,"COLORADO SPRINGS 5.8 ENE","ELPASO",CO,6484,38.87,-104.73,0,M,0,M,0,0,0,0,0,0,0,0,0,0,0,0,0,0,M,M,0,0,0,M,0,M,0,0,0,0,0
US1COEP0165,"COLORADO SPRINGS 6.1 NE","ELPASO",CO,6799,38.92,-104.74,0,0.4,M,M,M,M,M,M,M,M,M,M,M,M,M,M,M,M,M,M,0,0,0,M,0,M,0,0,0,0,0
US1COEP0325,"COLORADO SPRINGS 6.1 NNW","ELPASO",CO,6497,38.92,-104.86,M,0.8,M,1.6,2.2,M,M,M,M,M,M,M,M,M,M,M,M,M,M,M,M,M,M,M,M,2.8,M,M,M,M,M
US1COEP0180,"COLORADO SPRINGS 6.6 SE","ELPASO",CO,5964,38.78,-104.73,0,0.2,0,2.8,1,0,0,0,0,0,0,0,0,0,0,0,0,0,0,0,0,0,0,0,0,0.3,0,0,0,0,0
US1COEP0282,"COLORADO SPRINGS 6.9 NE","ELPASO",CO,6773,38.92,-104.75,M,0.4,M,1.5,0.2,M,M,M,M,M,M,M,M,M,M,M,M,M,M,M,M,M,M,M,M,1,M,M,M,M,M
US1COEP0234,"COLORADO SPRINGS 7.0 NNE","ELPASO",CO,6625,38.94,-104.78,0,0.2,0,1.5,0.2,0,0,0,0,0,0,0,0,0,0,0,0,0,M,M,0,0,0,M,0,1.5,0,0,0,0,0
US1COEP0258,"COLORADO SPRINGS 7.0 NNW","ELPASO",CO,6688,38.93,-104.86,M,M,M,M,M,M,M,M,0,0,0,0,0,0,0,0,0,0,M,M,0,0,0,0,0,M,0,0,0,0,M
US1COEP0207,"COLORADO SPRINGS 7.1 NNW","ELPASO",CO,6683,38.94,-104.85,0,0.2,0,0.8,0.9,0,0,0,0,0,0,0,0,M,0,0,0,M,M,M,0,0,0,M,M,0.1,0,0,0,0,0
US1COEP0306,"COLORADO SPRINGS 7.5 NNE","ELPASO",CO,6595,38.93,-104.76,M,M,M,M,M,M,0,M,M,M,M,M,M,M,M,M,0,M,M,M,M,M,M,M,M,M,M,M,M,M,0
US1COEP0291,"COLORADO SPRINGS 8.2 SE","ELPASO",CO,5733,38.74,-104.73,0,0,0,3,0.5,0,0,0,0,0,0,0,0,M,0,0,0,M,M,M,0,0,0,M,0,0,0,0,0,0,0
USC00051780,"COLORADO SPRINGS FIRE DEPARTMENT","ELPASO",CO,5989,38.83,-104.76,M,M,M,1,T,M,M,M,M,M,0,M,0,M,M,M,M,M,M,M,M,M,M,M,M,M,M,M,M,M,M
USC00051781,"COLORADO SPRINGS FIRE STATION 18","ELPASO",CO,6631,38.93,-104.87,0,0.5,0,1,4.2,0,0,0,0,0,0,0,0,0,0,0,0,0,0,0,0,0,0,0,0,0,0,0,0,0,0
USC00051782,"COLORADO SPRINGS FIRE STATION 19","ELPASO",CO,6772,38.96,-104.78,0,M,0,M,M,0,0,0,0,0,0,0,0,0,0,0,0,0,M,M,0,0,0,M,0,0,0,0,0,0,0
USC00051784,"COLORADO SPRINGS FIRE STATION 20","ELPASO",CO,6716,38.93,-104.75,0,0.5,0,0,0.5,0,0,0,0,0,0,0,0,0,0,0,0,0,0,0,0,0,0,0,0,0,0,0,0,0,0
USW00093037,"COLORADO SPRINGS MUNICIPAL AP","ELPASO",CO,6180,38.81,-104.69,0.3,T,0.3,3.3,T,0,0,0,0,0,0,0,0,0,0,0,0,0,0,0,0,0,0,0,T,0,0,0,0,0,0
US1COAD0183,"COMMERCE CITY 0.7 WNW","ADAMS",CO,5147,39.82,-104.94,0,0,M,M,M,0,0,0,0,0,0,0,0,0,0,0,0,0,0,0,0,0,0,0,M,0,0,0,0,0,0
US1COAD0141,"COMMERCE CITY 1.9 NNE","ADAMS",CO,5145,39.84,-104.91,M,M,M,2,M,M,M,M,M,M,M,M,M,M,M,M,M,M,M,M,M,M,M,M,M,1,M,M,M,M,M
US1COJF0078,"CONIFER 2.1 WSW","JEFFERSON",CO,8915,39.51,-105.34,M,M,M,1,M,M,M,M,M,M,M,M,2,M,M,M,M,M,0.7,0.3,M,M,M,1,M,3.2,M,M,M,M,M
US1COJF0053,"CONIFER 3.2 SW","JEFFERSON",CO,8480,39.49,-105.35,0.2,0,M,0.7,T,0,0,0,0,0,0,0,1.8,M,0,0,0,0,0.3,0.3,M,0,0,0.3,0.4,1.9,0,0,0,0,0
US1COJF0081,"CONIFER 3.9 SE","JEFFERSON",CO,8398,39.48,-105.24,T,0,T,1.2,0.2,M,0,0,0,0,0,M,1.2,T,0,0,0,0,1.3,0.2,0,0,0,0.2,0.5,3.5,0,M,M,0,0
US1COJF0024,"CONIFER 4.2 ENE","JEFFERSON",CO,7757,39.53,-105.23,0,T,M,2.6,0.7,0,0,0,0,0,0,0,T,0,0,0,0,0,0.7,0.8,0,0,0,T,0.2,6.5,0,0,0,0,0
US1COJF0386,"CONIFER 5.2 WNW","JEFFERSON",CO,9393,39.55,-105.39,0.3,T,M,M,M,M,M,M,M,M,M,M,6,M,M,M,M,M,2,M,M,M,M,M,M,M,M,M,M,M,M
US1COJF0222,"CONIFER 5.7 SW","JEFFERSON",CO,8541,39.47,-105.39,0.5,0,T,1.2,T,0,0,0,0,0,0,0,1.5,0,0,0,M,0,0,M,0,0,0,1,T,1.5,0,M,0,0,0
USC00051886,"CORTEZ","MONTEZUMA",CO,6165,37.34,-108.6,7.4,T,T,0.1,M,M,M,M,M,M,M,M,M,M,M,M,M,M,M,M,M,M,M,M,M,M,M,M,M,M,M
US1COMZ0052,"CORTEZ 1.0 ESE","MONTEZUMA",CO,6170,37.35,-108.56,M,M,T,M,M,0,M,M,0,0,0,0,0,M,M,0,0,0,M,M,M,M,M,M,M,M,0,M,M,0,0
US1COMZ0034,"CORTEZ 1.2 SW","MONTEZUMA",CO,6163,37.34,-108.59,3.1,T,T,1,0,0,0,0,0,0,0,0,0,M,0,0,0,0,0,M,0,0,0,0,0,0,0,0,0,0,0
US1COMZ0053,"CORTEZ 2.0 NW","MONTEZUMA",CO,6169,37.37,-108.61,2.5,M,M,T,M,M,M,M,M,M,M,M,M,M,M,M,M,M,M,M,M,M,M,M,M,M,M,M,M,M,M
US1COMZ0043,"CORTEZ 2.3 NW","MONTEZUMA",CO,6189,37.37,-108.61,6,0,0,M,0,0,0,0,0,0,0,0,0,M,0,0,0,0,0,M,0,0,0,0,0,0,M,0,0,0,0
US1COMZ0031,"CORTEZ 7.7 W","MONTEZUMA",CO,5654,37.34,-108.72,M,M,M,M,0,0,0,0,0,0,0,0,0,M,0,0,0,0,0,M,M,0,0,0,0,0,0,0,0,0,0
US1COMZ0051,"CORTEZ 7.8 WSW","MONTEZUMA",CO,5719,37.33,-108.72,0.3,M,M,0.1,M,M,M,M,M,M,M,M,M,M,M,M,M,M,M,M,M,M,M,M,M,M,M,M,M,M,M
US1COFM0072,"COTOPAXI 0.8 NW","FREMONT",CO,6516,38.38,-105.69,M,M,M,M,M,M,M,M,M,0,0,0,M,M,M,M,0,0,M,M,M,M,M,M,M,M,M,M,M,M,0
US1COFM0021,"COTOPAXI 4.8 SSE","FREMONT",CO,7465,38.31,-105.64,0,1.8,0.8,0.6,0.2,0,0,0,0,0,0,0,0,M,0,0,0,M,M,M,0,0,0,M,0,2.1,0,0,0,0,0
US1COFM0014,"COTOPAXI 4.9 SE","FREMONT",CO,7386,38.31,-105.63,0,0.3,M,0,0.3,0,0,0,0,0,0,0,0,M,0,0,0,M,M,M,0,0,0,0,0,2,0,0,0,0,0
US1COMF0021,"CRAIG 1.2 ESE","MOFFAT",CO,6193,40.51,-107.53,M,M,M,M,0,0,M,M,0,0,0,0,0,M,M,0,0,M,0,0,M,M,0,M,M,M,0,M,M,M,M
US1COMF0026,"CRAIG 4.9 WNW","MOFFAT",CO,6670,40.54,-107.64,0.7,1.4,4.5,M,T,0,0,0,0,0,0,0,0,0,0,0,0,0,0,0,0,0,M,0.2,T,0,0,0,0,0,0
USC00051932,"CRAIG 4SW","MOFFAT",CO,6494,40.45,-107.59,M,3.6,2.6,1.2,T,0,M,M,0,0,0,0,0,M,M,0,0,0,0,0,M,M,0,0.4,1.1,0,0,M,M,0,0
US1COMN0004,"CREEDE 0.2 WSW","MINERAL",CO,8918,37.85,-106.93,T,1.5,4,T,0,0,0,0,0,0,0,0,0,T,0,0,0,0,M,0.2,0,0,0,0,0,0,0,0,0,0,0
USC00051948,"CREEDE WATER TREATMENT","MINERAL",CO,8622,37.83,-106.93,1,1,3,0,0,0,0,0,0,0,0,0,0,0,0,0,0,0,0,T,0,0,0,0,0,0,0,0,0,0,0
USC00051959,"CRESTED BUTTE","GUNNISON",CO,8865,38.87,-106.98,9.5,3.8,5.6,5.3,0,0,0,0,0,0,0,0,0,0,0,M,0,0,0,0,0,0,M,2,1.6,0,0,0,0,0,0
US1COGN0018,"CRESTED BUTTE 6.2 N","GUNNISON",CO,9604,38.96,-106.99,13.5,8,4,8,1,0,0,0,0,0,0,0,T,T,0,0,0,0,0.5,0,0,0,0,3.5,2,1.5,0,0,0,0,0
US1COSA0002,"CRESTONE 1.2 SSE","SAGUACHE",CO,8083,37.98,-105.69,0.8,0.4,T,0,T,0,0,0,0,0,0,0,0,T,0,0,0,0,T,T,0,0,0,T,0,T,0,0,0,0,0
USC00051964,"CRESTONE 2 SE","SAGUACHE",CO,8001,37.98,-105.69,0.4,T,0,T,0,0,0,0,0,0,0,0,T,0,0,0,0,0,T,0,0,0,0,T,T,0,0,0,0,0,0
US1COTL0026,"CRIPPLE CREEK 3.0 NE","TELLER",CO,9902,38.78,-105.15,M,0.6,0.5,1,M,M,M,M,M,M,M,M,M,M,M,M,M,M,4,0.7,M,M,M,1,M,3.5,M,M,M,M,M
USC00051977,"CRIPPLE CREEK 3NNW","TELLER",CO,9233,38.8,-105.2,0.1,1.2,0.6,2,0.6,0,0,0,0,0,0,0,0,T,0,0,0,T,2.8,M,M,M,M,M,T,3,0,0,0,0,0
US1COTL0016,"CRIPPLE CREEK 5.1 NW","TELLER",CO,8506,38.81,-105.23,M,1,M,3,1,0,0,0,0,0,0,0,0,0,0,0,M,0,1.5,0.3,0,0,0,1,M,2,0,0,0,0,0
USC00051996,"CROOK","LOGAN",CO,3708,40.86,-102.8,0,0,0,1,0,0,0,0,0,0,0,0,0,0,0,0,0,0,0,0,0,0,0,0,0,T,0,0,0,0,0
US1COCR0008,"CROWLEY 0.2 E","CROWLEY",CO,4351,38.19,-103.85,M,M,M,1,M,M,M,M,M,M,M,M,M,M,M,M,M,M,M,M,M,M,M,M,M,M,M,M,M,M,M
US1COWE0450,"DACONO 0.4 NNW","WELD",CO,5043,40.08,-104.95,0,0,0,2.3,0,0,0,0,0,0,0,0,0,0,0,0,0,0,M,M,0,0,0,M,0,0,0,0,0,0,0
US1COEL0010,"DEER TRAIL 6.1 SW","ELBERT",CO,5504,39.55,-104.13,0,T,0,2.5,0,0,0,0,0,0,0,0,0,0,0,0,0,0,M,M,0,0,0,M,M,1.5,0,M,0,0,0
US1CORG0009,"DEL NORTE 0.25 NW","RIOGRANDE",CO,7882,37.68,-106.36,0.3,0.3,0,0,0,0,0,0,0,0,0,0,0,0,0,0,0,0,M,0.7,0,0,0,0,0,0,0,0,0,0,0
US1CORG0016,"DEL NORTE 3.3 E","RIOGRANDE",CO,7824,37.68,-106.29,0.4,0.1,0.1,0,0,0,0,0,0,0,0,0,0,0,0,0,0,0,0,0.6,0,0,0,0,0,0,0,M,M,M,M
USC00052184,"DEL NORTE 3ENE","RIOGRANDE",CO,7843,37.69,-106.31,0.9,1.2,0.1,0,0,0,0,0,0,0,0,0,0,0,0,0,0,0,0,0.8,0,0,0,0,0,0,0,0,0,0,0
US1CORG0024,"DEL NORTE 7.1 S","RIOGRANDE",CO,9024,37.58,-106.37,M,M,M,M,M,M,M,M,M,M,0,0,0,M,0,0,0,0,M,2.7,0,M,M,M,M,M,M,M,M,M,M
US1CODL0042,"DELTA 1.6 ESE","DELTA",CO,5077,38.74,-108.05,M,M,M,M,M,0,M,M,M,M,M,M,M,M,M,M,M,M,M,M,M,M,M,M,M,M,M,M,M,M,M
USC00052196,"DELTA 3E","DELTA",CO,5026,38.75,-108.03,T,0,0,T,0,0,0,0,0,0,0,0,0,0,M,0,0,0,0,0,0,0,0,0,0,0,0,0,0,0,0
US1CODN0112,"DENVER 0.2 NNW (BOTANIC GARDENS)","DENVER",CO,5396,39.73,-104.96,0,0,0,2.5,T,M,M,M,M,0,0,0,0,M,M,M,0,M,0,0,M,M,M,0,0,0.9,0,M,M,M,0
US1CODN0175,"DENVER 0.4 E","DENVER",CO,5371,39.73,-104.95,0,0,0,2.5,T,0,0,0,0,0,0,0,M,0,0,0,0,0,M,0,0,0,0,0,M,1,0,0,0,0,0
US1COJF0026,"DENVER 10.3 WNW","JEFFERSON",CO,5537,39.82,-105.15,M,T,M,1.9,T,M,M,M,0,0,M,0,M,0,0,0,M,M,M,M,M,M,0,M,0,T,M,M,M,0,M
US1COJF0001,"DENVER 11.0 SSW","JEFFERSON",CO,5553,39.59,-105.07,0,M,0,3,M,0,0,0,0,0,0,M,M,0,0,0,0,0,M,0,M,0,0,0,0,M,0,M,0,0,0
US1COJF0057,"DENVER 11.4 NNW","JEFFERSON",CO,5311,39.89,-105.06,0,0,0,2,M,0,0,0,0,0,0,0,0,0,0,0,0,0,M,M,M,M,M,M,M,M,M,M,M,M,M
US1CODN0196,"DENVER 13.4 ENE","DENVER",CO,5422,39.8,-104.75,M,M,M,2.4,M,0,0,M,0,0,0,0,M,M,M,M,0,0,M,M,M,0,0,0,M,M,M,M,0,0,0
US1CODN0190,"DENVER 1.7 SSW","DENVER",CO,5303,39.71,-104.98,M,M,M,M,M,M,M,M,0,0,0,0,0,0,0,0,0,0,M,M,0,0,0,0,0,M,0,0,0,0,0
USC00052213,"DENVER 1 SW 7NEWS","DENVER",CO,5248,39.73,-104.99,0,0,0,2.7,0,0,0,0,0,0,0,0,0,0,0,0,0,0,0,0,0,0,0,0,0,0,0,0,0,0,0
US1CODN0177,"DENVER 2.0 ESE","DENVER",CO,5438,39.72,-104.93,M,M,M,3,M,M,M,M,M,M,M,M,M,M,M,M,M,M,M,M,M,M,M,M,M,M,M,M,M,M,M
US1CODN0116,"DENVER 2.0 SSE","DENVER",CO,5399,39.7,-104.95,M,0,M,3.5,T,0,0,0,0,0,0,0,0,0,0,0,0,0,M,0,0,0,M,0,M,M,M,0,0,M,M
US1CODN0025,"DENVER 2.1 ESE","DENVER",CO,5399,39.73,-104.95,0,0,0,2.7,T,0,M,M,M,M,M,M,0,0,0,0,M,0,0,M,0,0,0,0,M,1.5,0,M,0,0,0
US1CODN0231,"DENVER 2.6 SSW","DENVER",CO,5329,39.69,-104.97,0,0,0,2.5,T,0,0,0,0,0,0,0,0,0,0,0,0,0,M,M,0,0,0,0,M,M,0,0,0,M,0
US1CODN0049,"DENVER 3.2 SSE","DENVER",CO,5390,39.72,-104.92,M,0,0,3,M,0,0,0,0,0,0,0,0,0,0,0,0,0,M,M,0,0,0,0,M,2,0,0,0,0,0
US1CODN0089,"DENVER 3.6 WSW","DENVER",CO,5235,39.75,-105,0,0,0,3,0,0,M,M,0,M,M,M,M,M,M,M,M,M,M,M,M,M,M,M,M,M,M,M,M,M,M
US1CODN0180,"DENVER 3.9 WNW","DENVER",CO,5312,39.75,-105.03,M,M,M,M,M,M,M,M,M,M,M,M,M,M,M,M,M,M,M,M,M,M,M,M,M,M,M,M,M,0,M
US1CODN0103,"DENVER 4.7 SW","DENVER",CO,5399,39.68,-105.03,0,0,0,3.3,T,0,M,M,0,0,0,0,M,M,0,0,0,0,M,M,M,0,0,M,M,M,M,0,0,0,0
US1CODN0183,"DENVER 5.1 ENE","DENVER",CO,5304,39.76,-104.87,0,0,0,2.5,M,0,0,0,0,0,0,0,0,M,0,0,0,M,M,M,0,M,M,0,M,0,0,0,0,0,0
US1CODN0016,"DENVER 5.2 S","DENVER",CO,5399,39.67,-104.97,0,0,0,3,T,0,0,0,0,0,M,0,M,0,0,0,0,M,0,0,0,0,0,0,0,T,0,0,0,0,0
US1CODN0141,"DENVER 5.3 SW","DENVER",CO,5444,39.68,-105.04,M,M,M,3,M,M,M,M,M,M,M,M,M,M,M,M,M,M,M,M,M,M,M,M,M,M,M,M,M,M,M
US1CODN0079,"DENVER 5.6 W","DENVER",CO,5424,39.76,-105.04,0,0,0,2.2,0,0,0,0,0,0,0,0,M,0,0,0,0,0,M,0,0,0,0,M,0,M,0,0,0,0,0
US1CODN0074,"DENVER 6.0 W","DENVER",CO,5452,39.76,-105.05,0,0,0,3,0,0,0,0,0,0,0,0,M,0,0,0,0,0,M,0,0,0,0,0,0,0,0,0,0,0,0
US1COJF0003,"DENVER 6.1 WSW","JEFFERSON",CO,5573,39.7,-105.1,0,0,T,3.2,0.3,0,0,0,0,0,0,0,0,0,0,0,0,0,0,0,0,0,0,0,T,1,0,0,0,0,0
US1CODN0223,"DENVER 6.2 SSE","DENVER",CO,5566,39.65,-104.91,0,0,0,M,0,0,0,0,0,0,0,0,0,0,0,0,0,0,M,M,0,0,0,0,M,M,0,0,0,0,0
US1COAR0105,"DENVER 6.3 SSE","ARAPAHOE",CO,5522,39.68,-104.88,0,0,0,3,T,0,0,0,0,0,0,0,0,0,0,0,0,0,M,M,0,0,0,0,M,T,0,0,0,0,0
US1CODN0212,"DENVER 6.5 SW","DENVER",CO,5377,39.66,-105.05,M,M,M,2.5,M,M,M,M,M,M,M,M,M,M,M,M,M,M,M,M,M,M,M,M,M,M,M,M,M,M,M
US1COJF0217,"DENVER 6.6 W","JEFFERSON",CO,5402,39.77,-105.06,0,M,M,1.7,M,M,M,M,M,0,0,0,M,0,0,0,0,0,M,M,0,M,0,0,M,M,0,0,0,0,0
US1COJF0372,"DENVER 7.6 SW","JEFFERSON",CO,5473,39.65,-105.07,M,M,0,2,M,0,M,M,M,0,0,0,M,M,M,M,M,0,M,M,M,M,M,M,M,M,M,M,M,M,0
US1CODN0030,"DENVER 8 SSW","DENVER",CO,5511,39.63,-105.05,0,0,M,M,M,0,M,M,0,0,0,0,M,M,M,M,0,0,0,M,0,0,0,0,0,0.5,0,0,0,0,0
US1COAR0043,"DENVER 9.4 S","ARAPAHOE",CO,5499,39.6,-104.98,0,0,0,2.9,T,0,0,0,0,0,0,0,0,0,0,0,0,0,M,M,0,0,0,0,0,1.7,0,0,0,0,0
USW00023062,"DENVER-CENTRAL PARK","DENVER",CO,5283,39.77,-104.87,0,0,0,2.6,T,0,0,0,0,0,0,0,0,0,0,0,0,0,0,0,0,0,0,0,0,0.5,0,0,0,0,0
USW00003017,"DENVER INTL AP","DENVER",CO,5413,39.83,-104.66,0,0,1.9,T,0,0,0,0,0,0,0,0,0,0,0,0,0,0,T,0,0,0,0,0,1,0,0,0,0,0,0
USC00052228,"DENVER MUSEUM","DENVER",CO,5306,39.75,-104.94,0,0,0,2,0,0,0,0,0,0,0,0,0,0,0,0,0,0,0,0,0,0,0,0,1.3,0,0,0,0,0,0
USC00052223,"DENVER WATER DEPARTMENT","DENVER",CO,5224,39.73,-105.01,0,0,0,2.5,T,0,0,0,0,0,0,0,0,0,0,0,0,0,0,0,0,0,0,0,0,T,0,0,0,0,0
US1COBA0019,"DEORA 10.7 SW","BACA",CO,4841,37.48,-103.07,0,0,0,T,0.5,0,0,0,0,0,0,0,0,0,0,0,0,M,M,M,0,M,0,0,0,M,0,M,0,0,0
USC00052281,"DILLON 1 E","SUMMIT",CO,9079,39.62,-106.03,1,T,1,2,T,0,0,0,0,0,0,0,3,0,0,0,0,0,T,0,0,0,0,1,2,0,0,0,0,0,0
US1COSU0016,"DILLON 2.3 SE","SUMMIT",CO,9096,39.6,-106.01,0.6,0.2,1.4,2.5,T,0,0,0,0,0,0,0,3,0,0,0,0,0,0.4,0,0,0,0,4.5,3.5,0.1,0,0,0,0,0
US1COMF0028,"DINOSAUR 0.3 SW","MOFFAT",CO,5871,40.24,-109.01,0.9,2,1.5,0.2,0,0,0,0,0,0,0,0,0,0,M,0,0,0,0,0,0,0,0,0,T,0,0,0,0,0,0
US1COMF0025,"DINOSAUR 1.5 ENE","MOFFAT",CO,6163,40.25,-108.98,M,2,M,M,0,M,M,M,M,M,0,0,M,M,M,0,M,M,M,M,M,M,M,M,M,0,0,M,M,M,0
USC00052286,"DINOSAUR NATL MONUMENT","MOFFAT",CO,5958,40.24,-108.97,0,2.2,T,0,0,0,0,0,0,0,0,0,0,0,0,0,0,0,0,0,0,0,0,0,0,0,0,0,0,0,0
US1COTL0029,"DIVIDE 1.0 E","TELLER",CO,9438,38.93,-105.13,M,M,0.3,2.2,0.3,0,M,M,M,M,M,0,0,M,M,M,0,0,4.3,M,M,M,M,M,0,3.3,0,0,M,0,0
USC00052294,"DIVIDE 4NW","TELLER",CO,9132,38.96,-105.22,0,1,T,2.2,0,0,0,0,0,0,0,0,0,0,0,0,0,0,6,2,0,0,0,1,0,5.6,0,0,0,0,0
US1COMZ0048,"DOLORES 3.9 SSW","MONTEZUMA",CO,6677,37.42,-108.52,3.7,M,M,0.3,0,M,0,M,0,M,0,M,M,M,M,M,M,M,M,M,M,M,0,M,M,M,M,M,M,M,M
US1COMZ0030,"DOLORES 4.8 ENE","MONTEZUMA",CO,7130,37.49,-108.42,6,M,1.5,1,0,0,0,0,0,0,0,0,0,0,0,0,0,0,M,0,M,0,0,0,0,0,0,0,0,0,0
US1COSA0055,"DOME LAKES 3.0 ESE","SAGUACHE",CO,9436,38.17,-106.66,M,2.7,2,2,M,M,M,M,M,M,M,M,M,0.1,M,M,M,M,M,M,2,M,M,M,0.5,M,M,M,M,M,M
US1CODR0003,"DOVE CREEK 12.4 SSW","DOLORES",CO,6602,37.6,-109,2,0,0.5,2.5,0,0,0,0,0,0,0,0,0,0,0,0,0,0,0,0,0,0,0,0,0,0,0,0,0,0,0
US1COGN0049,"DOYLEVILLE 2.1 W","GUNNISON",CO,8132,38.42,-106.62,2.5,1,T,M,M,M,M,M,M,M,M,M,M,M,M,M,M,M,M,T,M,M,M,T,M,M,M,M,M,M,M
US1COLR0225,"DRAKE 3.0 NNE","LARIMER",CO,6750,40.47,-105.31,0,0,M,M,0,0,0,0,0,0,0,0,M,0,0,0,0,0,0,M,0,0,0,0,0,M,M,M,M,M,M
US1COLR1026,"DRAKE 4.3 WSW","LARIMER",CO,6945,40.41,-105.41,0.3,1.2,0,2.7,0,0,0,0,0,0,0,0,M,0,0,0,0,0,0,0,0,M,M,M,0.3,M,M,M,M,M,M
US1COLR0749,"DRAKE 4.7 SSE","LARIMER",CO,6463,40.37,-105.29,M,0.4,M,3.5,M,M,M,M,M,M,M,M,M,M,M,M,M,M,M,M,M,M,M,M,M,2.3,M,M,M,M,M
USC00052441,"DURANGO","LAPLATA",CO,6759,37.29,-107.86,3.5,0.1,M,M,M,M,M,M,M,M,M,M,M,M,M,M,M,M,M,M,M,M,M,M,M,M,M,M,M,M,M
US1COLP0041,"DURANGO 0.7 NNE","LAPLATA",CO,6592,37.3,-107.87,2.2,T,T,T,0,0,0,0,0,0,0,0,0,M,0,0,0,0,0,M,M,0,M,M,0,0,0,0,0,0,0
US1COLP0022,"DURANGO 0.8 SSW","LAPLATA",CO,6622,37.27,-107.87,3,1.5,M,T,0,0,0,0,0,0,0,0,0,M,0,0,0,0,0,0,0,0,0,0,0,0,0,0,0,0,0
US1COLP0020,"DURANGO 10 NNE","LAPLATA",CO,6619,37.41,-107.83,0.5,0,M,M,0,0,0,0,0,0,0,0,0,0,0,0,0,0,0,1,0,0,0,0,0,0,0,0,0,M,M
US1COLP0059,"DURANGO 1.5 SW","LAPLATA",CO,6579,37.27,-107.89,M,M,M,M,M,M,M,M,M,M,M,M,M,M,M,M,M,M,M,0,M,M,M,M,M,M,M,M,M,M,M
US1COLP0080,"DURANGO 2.8 S","LAPLATA",CO,6523,37.25,-107.88,M,M,M,M,0,0,M,M,0,0,0,0,0,M,M,M,0,0,0,M,M,M,M,M,M,M,M,0,0,0,0
US1COLP0061,"DURANGO 4.8 WSW","LAPLATA",CO,7428,37.25,-107.95,3.8,1.1,0.9,1.7,T,0,0,0,0,0,0,0,0,M,0,0,0,M,M,T,M,0,0,0,0,0,M,0,0,0,0
US1COLP0008,"DURANGO 4.9 ESE","LAPLATA",CO,7121,37.26,-107.79,2.5,M,T,T,0,0,0,0,0,M,0,0,0,0,0,0,M,M,M,M,M,0,0,0,0,0,0,0,0,0,0
US1COLP0034,"DURANGO 7.1 N","LAPLATA",CO,6573,37.39,-107.85,0.4,M,M,M,0,0,0,0,0,0,M,M,M,M,M,M,0,M,M,M,0,0,0,0,0,0,0,0,0,0,0
USC00052446,"EADS","KIOWA",CO,4211,38.48,-102.78,0,0,0,0.2,0,0,0,0,0,0,0,0,0,0,0,0,0,0,0,0,0,0,0,0,0,0,0,0,0,0,0
US1COKW0029,"EADS 16.6 SW","KIOWA",CO,4309,38.28,-102.95,0,0,0,0,M,0,0,0,0,0,0,0,0,M,0,0,M,0,M,M,0,0,0,0,0,M,0,0,0,0,0
US1COKW0004,"EADS .45 E","KIOWA",CO,4209,38.48,-102.77,0,0,0,T,0,0,0,0,0,0,0,0,0,0,0,0,0,0,0,0,0,0,0,0,0,0,0,0,0,0,0
US1COKW0038,"EADS 6.1 ESE","KIOWA",CO,4108,38.45,-102.67,0,M,M,M,M,0,M,M,M,0,M,M,M,M,M,M,M,M,M,M,0,M,0,M,0,M,0,0,0,0,0
USC00052494,"EASTONVILLE 2 NNW","ELPASO",CO,7208,39.11,-104.6,0.5,0,0.4,2.9,0,0,0,0,0,0,0,0,0,0,0,0,T,0,5.5,0,0,0,0,0.2,2.9,0,0,0,0,0,0
US1COWE0423,"EATON 0.8 WNW","WELD",CO,4844,40.53,-104.72,M,M,M,M,M,M,M,M,M,0,0,0,M,M,M,M,M,M,M,M,M,M,M,M,M,M,M,M,M,M,M
US1COWE0441,"EATON 1.8 SE","WELD",CO,4789,40.51,-104.68,M,M,0,1.1,0,0,0,0,0,0,0,M,0,0,M,M,M,0,M,0,0,M,M,0,M,M,0,0,M,M,0
US1COWE0129,"EATON 3.4 SE","WELD",CO,4743,40.49,-104.67,0,0,0,0,0,0,0,0,0,0,0,0,0,0,0,0,0,0,0,0,0,0,0,0,M,M,0,0,0,0,0
US1COWE0124,"EATON 3.6 WSW","WELD",CO,4878,40.51,-104.77,M,M,M,1.5,M,M,M,M,M,M,M,M,M,M,M,M,M,M,M,M,M,M,M,M,M,M,M,M,M,M,M
US1COWE0397,"EATON 4.3 ENE","WELD",CO,4864,40.54,-104.63,1,0,0,1.6,0,0,0,0,0,0,0,0,0,0,0,0,0,0,0,M,0,0,0,0,M,M,0,0,M,0,0
US1CODL0023,"ECKERT 1.1 SW","DELTA",CO,5484,38.83,-107.97,M,0,0,0.3,0,0,0,0,0,0,0,0,0,0,0,0,0,0,0,0,0,0,0,0,0,0,0,0,0,0,0
US1CODL0031,"ECKERT 1.4 W","DELTA",CO,5542,38.85,-107.98,T,T,T,T,0,0,0,0,0,0,0,0,0,0,0,0,0,0,M,0,0,0,0,M,0,M,M,M,M,M,M
US1COEG0003,"EDWARDS 1.3 WNW","EAGLE",CO,7170,39.65,-106.62,1.7,2.5,2,3.9,M,M,M,M,M,M,M,M,M,M,M,M,M,M,M,M,M,M,M,M,M,M,M,M,M,M,M
US1COEL0076,"ELBERT 4.6 SSE","ELBERT",CO,7185,39.16,-104.5,M,0.3,0,4.5,T,0,0,M,M,0,0,M,0,M,M,0,0,M,1.5,0.5,0,0,0,T,T,2.7,0,0,0,0,0
US1COEL0071,"ELIZABETH 12.1 NNE","ELBERT",CO,6093,39.52,-104.52,0,0,M,M,M,M,M,M,M,M,M,M,M,M,M,M,M,M,M,M,M,M,M,M,M,M,0,0,0,0,0
US1COEL0077,"ELIZABETH 1.7 WSW","ELBERT",CO,6686,39.35,-104.63,M,M,M,M,M,M,M,M,M,M,M,M,M,M,M,M,M,M,0.4,M,M,M,M,M,M,M,M,M,M,M,M
US1COEL0075,"ELIZABETH 2.0 NNE","ELBERT",CO,6584,39.39,-104.59,0,T,0,2.1,M,0,0,0,0,0,0,0,0,M,0,0,0,0,0.5,M,0,0,0,M,M,2,M,M,0,0,0
US1COEL0063,"ELIZABETH 8.7 NNE","ELBERT",CO,6150,39.48,-104.56,0,0,0,2.5,M,0,0,0,0,0,0,0,0,0,0,0,0,0,T,T,0,0,0,M,T,2,0,0,0,0,0
USC00052668,"ELLICOTT 7S","ELPASO",CO,5737,38.74,-104.4,0,0,0,1.5,0.5,0,0,0,0,0,0,0,0,0,0,0,0,0,0,0,0,0,0,0,0,0,0,0,0,0,0
US1COCC0005,"EMPIRE .2 E","CLEARCREEK",CO,8682,39.76,-105.68,1,0.5,0.5,0.7,0,0,0,0,0,0,0,0,6,0,0,0,0,0,0,0.3,0,0,0,4,0.5,0,0,0,0,0,0
US1COAR0137,"ENGLEWOOD 0.6 SE","ARAPAHOE",CO,5350,39.64,-105,0,0,0,2.5,M,0,0,0,0,0,0,0,M,M,0,0,0,0,M,M,0,0,0,0,0,M,0,0,0,0,0
US1COAR0292,"ENGLEWOOD 1.4 N","ARAPAHOE",CO,5304,39.67,-104.99,0,0,0,2.7,T,0,0,0,0,0,0,0,0,0,0,0,0,0,0,0,0,0,0,0,0,M,0,0,0,0,0
US1COAR0239,"ENGLEWOOD 2.0 ESE","ARAPAHOE",CO,5443,39.63,-104.96,M,M,0,3,0,0,M,M,M,0,0,0,0,M,M,M,0,M,0,0,M,M,M,0,0,M,M,M,M,M,M
US1COWE0392,"ERIE 0.5 SE","WELD",CO,5131,40.02,-105.04,M,M,M,M,M,M,M,M,0,0,0,0,M,0,0,0,0,M,0,0,M,M,M,0,M,M,0,M,0,0,0
US1COWE0209,"ERIE 1.6 NE","WELD",CO,5081,40.07,-105.03,T,0,0,2.5,T,0,0,0,0,0,0,0,0,0,0,0,0,0,0,0,0,0,0,0,0,0,0,0,0,0,0
US1COBO0285,"ERIE 1.7 WNW","BOULDER",CO,5130,40.04,-105.07,T,0,0,3,T,0,0,0,0,0,0,0,M,M,0,0,0,0,M,M,0,0,M,0,0,0.8,0,0,0,0,0
US1COBO0271,"ERIE 1.9 WNW","BOULDER",CO,5168,40.04,-105.08,0,0,0,2.8,T,0,0,0,0,0,0,0,M,M,0,0,0,0,M,M,0,M,0,0,M,M,0,0,0,M,0
US1COLR1019,"ESTES PARK 10.5 SE","LARIMER",CO,6730,40.28,-105.37,1,1.3,0,6.3,0.8,0,0,M,M,M,M,M,M,M,M,M,M,M,M,T,M,M,M,M,M,M,M,M,M,M,M
US1COLR0767,"ESTES PARK 1.8 S","LARIMER",CO,7938,40.35,-105.52,1.4,1.7,1.3,4.3,0,0,0,0,0,0,0,0,T,T,0,0,0,0,0.2,0.5,0,0,0,0.5,0.1,0.4,0,0,0,0,0
US1COLR0987,"ESTES PARK 1.8 SSE","LARIMER",CO,7640,40.35,-105.5,0.7,1.1,0.3,2.5,0,0,0,0,0,0,0,0,M,0,0,0,0,0,M,M,M,M,M,M,M,M,M,M,M,M,0
US1COLR0240,"ESTES PARK 2.2 NE","LARIMER",CO,7770,40.4,-105.49,1,2.5,0.3,3.7,0,0,0,0,0,0,0,0,M,T,0,0,0,0,M,1.3,0,0,0,0.3,0.2,0.6,0,0,0,0,0
US1COLR0247,"ESTES PARK 3.3 SSW","LARIMER",CO,8092,40.33,-105.52,1.3,1.4,0.8,3,0,0,0,0,0,0,0,0,T,0,0,0,0,0,M,0.7,0,0,0,0.8,0.6,T,0,0,0,0,0
USC00052761,"ESTES PARK 3 SSE","LARIMER",CO,7810,40.35,-105.52,1.2,2.2,0.7,3.4,0,0,0,0,0,0,0,0,0,0.1,0,0,0,0,0,0.9,0,0,0,0.3,0.4,0.3,0,0,0,0,0
US1COWE0185,"EVANS 0.8 WSW","WELD",CO,4687,40.37,-104.71,0,0,0,2,0,0,0,0,0,0,0,0,0,0,0,0,0,0,M,0,0,0,0,0,M,M,0,0,0,0,0
US1COWE0372,"EVANS 2.0 WSW","WELD",CO,4739,40.37,-104.73,M,M,M,M,M,M,M,M,M,M,M,M,M,M,M,M,M,M,M,M,M,M,0,0,M,M,M,M,M,M,M
USC00052790,"EVERGREEN","JEFFERSON",CO,7000,39.64,-105.32,0,T,0,1,0.1,0,0,0,0,0,0,0,0,0,0,0,0,0,0,0,0,0,0,0,T,2.5,0,0,0,0,0
US1COJF0433,"EVERGREEN 1.1 S","JEFFERSON",CO,7464,39.62,-105.34,M,0,0,M,M,M,M,M,M,0,0,0,M,0,0,0,0,0,T,0.2,0,0,0,T,T,3.2,M,M,M,M,M
US1COJF0424,"EVERGREEN 1.3 NNE","JEFFERSON",CO,7452,39.65,-105.34,0,0,0,1.5,0,0,0,0,0,0,0,0,0,M,0,0,0,0,M,M,0,0,M,M,M,M,0,0,0,0,0
US1COJF0434,"EVERGREEN 1.4 ENE","JEFFERSON",CO,7106,39.64,-105.32,M,M,M,M,M,0,0,0,0,0,0,0,M,0,0,0,0,0,M,0,0,0,M,M,1.5,0,0,M,M,M,M
US1COJF0395,"EVERGREEN 2.0 ESE","JEFFERSON",CO,7736,39.62,-105.31,T,T,0,1.2,0.1,0,0,0,0,0,0,0,0.4,M,0,0,0,0,T,0.3,0,0,0,T,T,3.4,0,0,0,0,0
US1COJF0084,"EVERGREEN 3.2 ESE","JEFFERSON",CO,7078,39.62,-105.25,M,M,M,M,M,0,0,M,0,0,0,0,M,M,0,0,M,0,M,M,M,M,M,M,M,M,M,M,0,0,0
US1COCC0022,"EVERGREEN 3.4 WNW","CLEARCREEK",CO,7930,39.65,-105.4,0.1,T,T,1.2,0.1,0,0,0,0,0,0,0,0.5,T,0,0,0,0,0.1,0.2,0,0,0,0.1,T,1.1,0,0,0,0,0
US1COJF0403,"EVERGREEN 3.5 SE","JEFFERSON",CO,7847,39.6,-105.3,M,M,M,1,T,M,M,M,M,M,M,M,1.1,M,M,M,M,M,0.5,M,M,M,M,T,2.6,2.7,M,M,M,M,M
US1COCC0018,"EVERGREEN 3.5 W","CLEARCREEK",CO,7676,39.64,-105.41,0,0,T,1.2,T,0,0,0,0,0,0,0,0.1,0,0,0,0,0,T,0,0,0,0,0.1,T,0,0,0,0,0,0
US1COJF0146,"EVERGREEN 3.6 SSW","JEFFERSON",CO,8023,39.59,-105.37,M,M,M,1,T,0,0,0,0,0,0,0,0.5,0,0,0,0,M,T,M,0,0,M,T,T,M,0,0,0,0,M
US1COJF0157,"EVERGREEN 4.2 SSE","JEFFERSON",CO,7800,39.58,-105.28,T,0,0,0.5,0.2,M,0,0,0,0,0,0,0.5,T,0,0,0,0,M,M,0,0,0,M,M,3,0,0,0,0,0
US1COJF0125,"EVERGREEN 4.6 S","JEFFERSON",CO,7905,39.57,-105.31,T,T,0,0.6,T,0,0,0,0,0,0,0,0.8,T,0,0,0,0,T,T,0,0,0,T,0,2.3,0,0,0,0,0
US1COJF0404,"EVERGREEN 4.9 SSE","JEFFERSON",CO,7960,39.56,-105.32,T,T,T,1,T,0,0,0,M,0,0,M,1.9,T,0,0,0,0,0.2,0.1,0,0,0,0.4,0.3,2.7,0,0,0,0,0
US1COCC0027,"EVERGREEN 5.0 NW","CLEARCREEK",CO,8207,39.69,-105.41,M,0,T,1.9,0.5,M,0,M,0,0,0,M,2.4,T,M,M,0,0,M,0.2,M,0,0,1.2,0,1.2,0,0,0,0,0
US1COJF0051,"EVERGREEN 5.3 S","JEFFERSON",CO,7993,39.56,-105.31,0.1,T,0.1,1,0.1,0,0,0,0,0,0,0,1.2,1,0,0,0,0,0.2,0.3,0,0,0,0.5,0.1,3.6,0,0,0,0,0
US1COCC0002,"EVERGREEN 5 W","CLEARCREEK",CO,7787,39.64,-105.41,0.1,T,T,1.2,0.2,M,0,0,M,0,0,0,T,M,0,0,0,M,T,T,0,M,0,0.1,0.2,1,M,M,0,0,0
US1COJF0383,"EVERGREEN 6.2 NNW","JEFFERSON",CO,7471,39.71,-105.36,0.1,0,M,1.5,0,0,0,0,0,0,0,0,M,M,0,0,0,0,M,M,0,0,0,0.8,M,M,0,0,0,0,0
US1COCC0001,"EVERGREEN 6.5 WSW","CLEARCREEK",CO,8095,39.61,-105.44,0.5,0,0.1,0.9,0.1,0,0,0,0,0,0,0,1.2,T,0,0,0,0,0.2,0.2,0,0,0,0.3,1.1,3.3,0,0,0,0,0
US1COCC0024,"EVERGREEN 7.0 W","CLEARCREEK",CO,8392,39.65,-105.47,T,0,0,1,T,0,0,0,0,0,0,0,5,0.5,0,0,0,0,T,0.5,0,0,0,0.5,1,T,0,0,0,0,0
US1COPK0078,"FAIRPLAY 2.7 SW","PARK",CO,10218,39.2,-106.04,M,1.3,0.5,0.5,T,0,0,0,0,0,0,0,0.3,0,0,0,0,0,2,0,0,0,0,3,0.3,0,0,0.4,0,0,0
US1COPK0015,"FAIRPLAY 2.7 WNW","PARK",CO,10391,39.23,-106.05,1.9,1.3,0.8,0.4,0.3,0,0,0,0,0,0,0,0.2,0.3,0,0,0,0,1.7,T,0,0,0,3.5,0.2,M,0,0,0.5,0,0
USC00052816,"FAIRPLAY S PARK RD","PARK",CO,9993,39.22,-105.99,M,0,0,2,0,0,0,0,0,0,0,0,0.5,0,0,0,0,0,M,T,0,0,0,T,0.5,0,0,0,0,0,0
US1COEP0237,"FALCON 2.3 NNE","ELPASO",CO,7021,38.96,-104.61,0,0.5,0,1,T,0,0,0,0,0,0,0,0,0,0,0,0,M,M,M,0,0,0,M,0,M,0,0,0,0,0
US1COEP0189,"FALCON ESTATES 2.4 WNW","ELPASO",CO,6548,38.94,-104.84,0,1,M,2,1.6,0,0,0,0,0,0,0,0,0,0,0,0,M,M,M,0,0,0,M,0,1.1,0,0,0,0,0
US1COLR0255,"FCL","LARIMER",CO,5009,40.58,-105.09,0.2,T,T,3.5,0.1,0,0,0,0,0,0,0,0,0,0,0,0,0,0,0,0,0,0,0,0,T,0,0,0,0,0
US1COLR0316,"FCL 1.5 N","LARIMER",CO,4999,40.6,-105.09,M,M,0,M,M,0,0,0,0,0,0,0,0,0,0,0,0,0,M,M,0,0,0,0,M,M,0,0,0,0,0
US1COLR0270,"FCL 1.7 SE","LARIMER",CO,4996,40.56,-105.06,0.3,T,0,3,0,0,0,0,0,0,0,M,M,0,0,0,0,0,0,0,0,0,0,0,M,M,0,0,0,0,0
US1COLR0320,"FCL 1.7 SW","LARIMER",CO,5071,40.56,-105.11,0.2,T,0,3.3,T,0,0,0,0,0,0,0,0,0,0,0,0,0,0,M,0,0,0,0,M,M,0,0,0,0,0
US1COLR0372,"FCL 2.1 S","LARIMER",CO,5071,40.55,-105.09,0.2,T,0,4.5,0,0,0,0,0,0,0,0,0,0,0,0,0,0,0,0,0,0,0,0,M,M,0,0,0,0,0
US1COLR0273,"FCL 2.2 NW","LARIMER",CO,5066,40.6,-105.12,0.3,0.1,T,3.8,0.1,0,0,0,0,0,0,0,0,0,0,0,0,0,0,0,0,0,0,0,0,T,0,0,0,0,0
US1COLR0311,"FCL 2.3 NW","LARIMER",CO,5075,40.6,-105.12,0.2,0.1,T,3,0.1,0,0,0,0,0,0,0,0,0,0,0,0,0,0,0,0,0,0,0,0,0,0,0,0,0,0
US1COLR0340,"FCL 2.55 NE","LARIMER",CO,4976,40.61,-105.06,0.1,T,0,2.9,T,0,0,0,0,0,0,0,0,0,0,0,0,0,0,M,0,0,0,0,M,T,0,M,0,M,M
US1COLR0259,"FCL 2.5 W","LARIMER",CO,5117,40.59,-105.13,0.3,0.1,T,4.7,T,0,0,0,0,0,0,0,0,0,0,0,0,0,0,0,0,0,0,0,0,0,0,0,0,0,0
US1COLR0391,"FCL 3.0 SW","LARIMER",CO,5140,40.54,-105.12,0.2,T,0,5.3,T,0,0,0,0,0,0,0,0,0,0,0,0,0,0,0,0,0,0,0,0,0,0,0,0,0,0
US1COLR0284,"FCL 3.0 W","LARIMER",CO,5219,40.59,-105.15,0.3,0.1,T,3.6,0.1,0,0,0,0,0,0,0,0,0,0,0,0,0,M,M,0,0,0,0,0,T,0,M,0,0,0
US1COLR0403,"FCL 3.7 E","LARIMER",CO,4927,40.57,-105.01,0.2,T,M,2.5,M,M,M,M,M,M,M,M,M,M,M,M,M,M,M,M,M,M,M,M,M,M,M,M,M,M,M
US1COLR0370,"FCL 4.7 SW","LARIMER",CO,5452,40.54,-105.16,M,M,M,M,M,M,M,M,M,M,M,M,M,M,M,M,M,M,M,M,M,M,M,M,M,M,0,0,0,0,0
US1COLR0393,"FCL 5.6 E","LARIMER",CO,4917,40.57,-104.98,0,0,0,M,0,0,0,0,0,0,0,0,0,0,0,0,0,0,0,0,0,0,0,0,0,M,0,0,0,0,0
US1COWE0250,"FCL 7.9 ENE","WELD",CO,5128,40.59,-104.93,M,M,0,1,T,0,0,0,0,0,0,0,0,0,0,0,0,0,M,0,0,0,0,0,M,M,0,0,0,0,0
US1COKC0131,"FLAGLER 0.3 NNE","KITCARSON",CO,4947,39.3,-103.06,M,M,M,M,M,M,M,M,M,M,M,M,M,M,M,M,M,M,M,M,0,0,M,M,M,M,M,M,M,M,M
USC00052932,"FLAGLER 1S","KITCARSON",CO,4920,39.28,-103.06,0,0,2,3,0,0,0,0,0,0,0,0,0,0,0,0,0,0,0,0,0,0,0,0,0,0,0,0,0,0,0
USC00052934,"FLATIRON RESERVOIR","LARIMER",CO,5503,40.37,-105.24,M,0.2,0,4,T,0,0,0,0,0,0,0,0,0,0,0,0,0,0,0,0,0,0,0,T,0,0,0,0,0,0
USC00052947,"FLEMING 3SW","LOGAN",CO,4255,40.65,-102.86,0,0,T,1.2,T,0,0,0,0,0,0,0,0,0,0,0,0,0,0,0,0,0,0,0,0,0,0,0,0,0,0
US1COTL0031,"FLORISSANT 4.8 NNE","TELLER",CO,8851,38.99,-105.26,M,M,M,M,M,M,M,M,M,M,0,M,M,M,M,M,M,M,4.5,T,M,M,M,0.7,M,5.6,M,M,M,M,M
US1COTL0019,"FLORISSANT 5.0 N","TELLER",CO,9552,39,-105.29,M,M,M,2.1,0.2,0,0,0,0,0,0,0,0,0.1,0,0,0,0,6,1.3,0,0,0,1.4,T,5.1,M,M,M,M,M
USC00052965,"FLORISSANT FOSSIL BED","TELLER",CO,8400,38.91,-105.28,0,0.6,T,3,0,0,0,0,0,0,0,0,T,0,0,0,0,0,M,0,0,0,0,0,3.7,0,0,0,0,0,0
USC00053005,"FORT COLLINS","LARIMER",CO,5003,40.58,-105.09,0.2,T,1.8,1.8,0,0,0,0,0,0,0,0,0,0,0,0,0,0,0,0,0,0,0,0,T,0,0,0,0,0,0
US1COLR1049,"FORT COLLINS 0.3 SSE","LARIMER",CO,5001,40.55,-105.07,0.1,T,T,M,T,0,0,0,0,0,0,0,0,0,0,0,0,0,0,0,0,0,0,0,0,T,0,0,0,0,0
US1COLR1044,"FORT COLLINS 0.7 SSW","LARIMER",CO,5027,40.55,-105.07,0.1,T,T,2.7,T,0,0,0,0,0,0,0,0,0,0,0,0,0,0,0,0,0,0,0,0,T,0,0,0,0,0
US1COLR0849,"FORT COLLINS 0.9 N","LARIMER",CO,4988,40.57,-105.07,0.2,T,T,2.8,T,0,0,0,0,0,0,0,0,0,0,0,0,0,0,0,0,0,0,0,0,T,0,0,0,0,0
US1COLR1056,"FORT COLLINS 1.0 SE","LARIMER",CO,4988,40.54,-105.06,M,M,0.7,M,0,0,0,0,0,0,0,0,0,0,0,0,0,0,M,M,0,0,0,0,M,0,0,0,0,0,0
US1COLR0917,"FORT COLLINS 1.0 SW","LARIMER",CO,5052,40.55,-105.08,M,M,M,M,M,M,M,M,M,0,M,M,M,M,M,M,M,M,M,M,M,M,M,0,M,M,0,M,M,M,0
US1COLR0863,"FORT COLLINS 1.1 WNW","LARIMER",CO,4995,40.56,-105.09,0.3,T,0,3,T,0,0,0,0,0,0,0,0,0,0,0,0,0,0,0,0,0,0,0,0,0,0,0,0,0,0
US1COLR0800,"FORT COLLINS 1.2 WSW","LARIMER",CO,5055,40.55,-105.09,M,M,M,M,M,M,M,M,M,M,M,M,M,M,M,M,M,M,M,M,M,M,M,M,M,M,0,M,M,M,M
US1COLR1004,"FORT COLLINS 1.3 ENE","LARIMER",CO,4929,40.57,-105.05,0.1,T,0,2.4,T,0,0,0,0,0,0,0,M,M,0,0,0,0,M,M,0,0,0,0,M,T,0,0,0,0,0
US1COLR0953,"FORT COLLINS 1.5 NE","LARIMER",CO,4942,40.57,-105.04,M,M,0,1.2,M,0,M,M,M,0,0,0,M,M,M,M,M,M,M,M,M,M,0,M,0,M,M,M,M,0,0
US1COLR0737,"FORT COLLINS 1.8 S","LARIMER",CO,5015,40.53,-105.07,0.5,M,M,5,M,M,M,M,M,M,M,M,M,M,M,M,M,M,M,M,M,M,M,M,M,M,M,M,M,M,M
US1COLR0925,"FORT COLLINS 1.9 E","LARIMER",CO,4937,40.55,-105.03,M,M,M,M,0,M,M,M,0,0,0,0,M,M,M,M,M,M,M,M,M,M,M,M,M,M,0,M,M,M,0
US1COLR0921,"FORT COLLINS 2.1 NW","LARIMER",CO,5024,40.58,-105.09,M,M,M,M,M,M,M,M,M,0,0,0,M,M,M,M,M,M,M,M,M,M,0,0,M,M,0,M,M,0,0
US1COLR0798,"FORT COLLINS 2.3 N","LARIMER",CO,4948,40.59,-105.07,M,M,0,1.8,M,0,M,M,M,0,M,M,0,M,M,M,0,0,M,M,M,M,M,0,M,M,0,M,M,M,0
US1COLR0825,"FORT COLLINS 2.4 NNW","LARIMER",CO,5005,40.59,-105.09,0.2,0.1,0.6,3.5,T,0,0,0,0,0,0,0,0,M,0,0,0,0,M,M,0,0,0,0,M,M,0,0,0,0,0
US1COLR0997,"FORT COLLINS 2.4 NW","LARIMER",CO,5028,40.58,-105.09,M,M,M,0,0,0,0,0,0,0,0,0,0,0,0,0,0,0,M,M,0,0,0,0,0,0,0,M,M,M,M
US1COLR0933,"FORT COLLINS 2.5 SE","LARIMER",CO,4947,40.53,-105.03,M,M,M,M,M,0,M,M,M,0,0,0,M,M,M,M,M,M,M,M,M,M,M,0,M,0,0,M,M,M,M
US1COLR0636,"FORT COLLINS 2.8 NE","LARIMER",CO,5032,40.61,-105.04,T,M,0,2.1,M,0,0,0,0,0,0,0,0,0,0,0,0,0,M,0,0,0,0,0,M,M,0,0,0,0,0
US1COLR1009,"FORT COLLINS 2.8 W","LARIMER",CO,5116,40.56,-105.12,M,M,0,4.6,0,0,0,0,0,0,0,0,0,0,0,0,0,0,0,0,0,0,0,0,M,M,M,M,M,M,M
US1COLR0075,"FORT COLLINS 2.8 WSW","LARIMER",CO,5140,40.55,-105.13,0.2,T,0,M,T,0,0,0,0,0,0,0,0,0,0,0,0,0,0,0,0,0,0,0,0,0,0,0,0,0,0
US1COLR0412,"FORT COLLINS 2.9 NW","LARIMER",CO,5111,40.6,-105.13,0.2,0.1,M,4,0.1,0,0,0,0,0,0,0,0,M,0,0,0,0,M,0,0,0,0,0,M,M,0,M,0,0,0
US1COLR0654,"FORT COLLINS 2.9 WNW","LARIMER",CO,5094,40.57,-105.12,0.2,M,M,3.6,T,M,M,M,M,M,M,M,M,M,M,M,M,M,M,M,M,M,M,M,M,M,M,M,M,M,M
US1COLR0707,"FORT COLLINS 3.3 SSW","LARIMER",CO,5078,40.52,-105.1,M,M,M,M,T,0,M,0,0,M,0,0,M,M,M,0,0,0,M,M,0,0,0,0,M,M,0,0,0,0,0
US1COLR0653,"FORT COLLINS 3.4 N","LARIMER",CO,4973,40.61,-105.06,0.2,T,T,2.5,T,0,0,0,0,0,0,0,0,0,0,0,0,0,0,0,0,0,0,0,0,T,0,0,0,0,0
US1COLR0895,"FORT COLLINS 3.5 N","LARIMER",CO,4969,40.61,-105.06,M,M,M,M,M,M,M,M,0,M,M,M,M,M,M,M,M,M,M,M,M,M,M,M,M,M,M,M,M,M,M
US1COLR0610,"FORT COLLINS 3.5 SW","LARIMER",CO,5133,40.55,-105.13,M,M,0,M,M,0,0,0,0,0,0,0,0,0,0,0,0,0,M,M,0,0,0,0,M,M,0,M,0,0,0
US1COLR0885,"FORT COLLINS 3.7 S","LARIMER",CO,4951,40.5,-105.07,0.1,T,0,2.9,T,0,0,0,0,0,0,0,0,0,0,0,0,0,0,M,0,0,0,0,M,M,0,0,0,0,0
US1COLR0025,"FORT COLLINS 3.7 SW","LARIMER",CO,5170,40.53,-105.12,0.2,0.1,0,5.2,T,0,0,0,0,0,0,0,0,0,0,0,0,0,M,M,0,0,0,0,M,T,0,M,0,0,0
US1COLR0836,"FORT COLLINS 3.92 NNE","LARIMER",CO,5008,40.61,-105.04,M,M,0,M,M,0,0,0,0,0,0,0,0,0,0,0,0,0,M,0,0,0,0,0,M,M,0,0,0,0,0
US1COLR0112,"FORT COLLINS 3.9 NNE","LARIMER",CO,5019,40.61,-105.04,M,M,0,M,M,0,0,0,0,0,0,0,0,0,0,0,0,0,M,0,0,0,0,0,M,M,0,0,0,0,0
US1COLR0758,"FORT COLLINS 4.2 S","LARIMER",CO,4901,40.5,-105.06,0.1,0,0,3,T,0,0,0,0,0,0,0,0,0,0,0,0,0,M,M,0,0,0,0,M,M,0,M,0,0,0
US1COLR0816,"FORT COLLINS 4.5 SSE","LARIMER",CO,4925,40.5,-105.05,0.1,T,0,2.2,0,0,0,0,0,0,0,0,0,0,0,0,0,0,M,M,0,0,0,0,M,M,0,M,0,0,0
US1COLR0762,"FORT COLLINS 4.6 N","LARIMER",CO,5078,40.62,-105.06,T,T,0,2.5,T,0,0,0,0,0,0,0,0,0,0,0,0,0,0,M,0,0,0,0,M,M,0,0,0,0,0
US1COLR0632,"FORT COLLINS 4.8 SE","LARIMER",CO,4940,40.53,-105.03,0.2,T,0,2.8,0,0,0,0,0,0,0,0,M,0,0,0,0,0,M,0,0,0,0,0,M,M,0,0,0,0,0
US1COLR1020,"FORT COLLINS 4.9 N","LARIMER",CO,5072,40.63,-105.06,0.1,T,T,2.5,T,0,0,0,0,0,0,0,0,0,0,0,0,0,0,0,0,0,0,0,0,0,0,0,0,0,0
USC00053006,"FORT COLLINS 4 E","LARIMER",CO,4919,40.58,-105.02,0,0.2,1.9,0.9,0,0,0,0,0,0,0,0,0,0,0,0,0,0,0,0,0,0,0,0,T,0,0,0,0,0,0
US1COLR0797,"FORT COLLINS 5.4 N","LARIMER",CO,5042,40.64,-105.08,0.2,0.1,T,2.7,0.1,0,0,0,0,0,0,0,0,0,0,0,M,0,0,0,0,0,0,0,M,M,0,0,0,0,0
US1COLR0623,"FORT COLLINS 5.4 WSW","LARIMER",CO,5658,40.52,-105.16,0.3,0.2,0,5,0.1,0,0,0,0,0,0,0,0,0,0,0,0,0,0,M,0,0,0,0,0,M,0,0,0,0,0
US1COLR1038,"FORT COLLINS 5.6 NW","LARIMER",CO,5111,40.61,-105.14,M,M,M,M,M,0,0,0,0,0,0,0,0,0,0,0,0,0,M,M,0,0,0,0,0,M,0,0,0,0,0
US1COWE0132,"FORT COLLINS  8.3 ENE","WELD",CO,5111,40.6,-104.93,T,T,0,1.5,T,0,M,0,0,0,0,0,M,0,M,0,0,0,M,M,0,0,0,M,M,T,0,0,0,0,0
US1COLR0630,"FORT COLLINS 9.6 SE","LARIMER",CO,4950,40.48,-104.97,T,0,0,3.5,T,0,0,0,0,0,0,0,0,0,0,0,M,0,0,0,0,0,0,0,0,T,0,0,0,0,0
US1COCS0014,"FORT GARLAND","COSTILLA",CO,7926,37.42,-105.43,M,M,M,M,M,M,M,M,M,M,M,M,M,M,M,M,M,M,M,M,0,0,0,0,0,M,M,M,M,M,M
US1COCS0011,"FORT GARLAND 5.8 ESE","COSTILLA",CO,8354,37.39,-105.34,M,T,0,0,0,0,M,M,0,0,0,0,0,M,M,0,0,0,M,0,M,M,0,0,0,M,M,M,M,0,0
USC00053016,"FORT LEWIS","LAPLATA",CO,7612,37.23,-108.05,2,0,0,0,0,0,0,0,0,0,0,0,0,0,0,0,0,0,0,0,0,0,0,0,0,0,0,0,0,0,0
US1COWE0389,"FORT LUPTON 0.5 NE","WELD",CO,4924,40.09,-104.8,0,0,0,2,0,0,0,0,0,0,0,0,0,0,0,0,0,0,M,0,0,0,0,0,0,0.5,0,0,0,0,0
US1COWE0326,"FORT LUPTON 7.4 NW","WELD",CO,4913,40.17,-104.89,M,M,M,1.5,M,M,M,M,M,M,M,M,M,M,M,M,M,M,M,M,M,M,M,M,M,M,M,M,M,M,M
US1COMR0100,"FORT MORGAN 5.1 WNW","MORGAN",CO,4387,40.28,-103.89,M,0,0,1.5,M,0,0,0,0,0,0,0,0,0,0,0,0,0,M,M,M,M,0,0,M,M,0,0,0,0,0
US1COMR0086,"FORT MORGAN 6.2 NE","MORGAN",CO,4331,40.33,-103.72,0,0,0,M,0,0,0,0,0,0,0,0,0,0,0,0,0,0,0,M,0,0,0,0,M,M,0,0,0,0,0
US1COMR0048,"FORT MORGAN .7 SE","MORGAN",CO,4326,40.24,-103.79,0,0,0,1.3,M,M,M,M,M,M,M,M,M,M,M,M,0,0,M,M,0,0,0,0,M,M,0,0,0,0,0
US1COEP0169,"FOUNTAIN 0.5 E","ELPASO",CO,5520,38.67,-104.68,M,M,M,M,M,M,M,M,M,M,M,M,M,M,0,0,0,0,0,M,M,M,M,M,M,M,M,M,0,0,0
US1COEP0334,"FOUNTAIN 1.3 NE","ELPASO",CO,5625,38.68,-104.68,0,0,0,M,M,0,0,0,0,M,M,M,M,M,0,0,0,0,M,0,0,0,0,0,0,1.5,0,M,0,0,0
US1COEP0202,"FOUNTAIN 1.8 NNE","ELPASO",CO,5562,38.69,-104.68,0,0.3,0,2.8,0.7,0,0,0,0,0,0,0,0,0,0,0,0,0,0,0,0,0,0,0,0,2,0,0,0,0,0
USC00053079,"FOWLER 1 SE","OTERO",CO,4329,38.12,-104.01,0,0,0,0,T,0,0,0,0,0,0,0,0,0,0,0,0,0,0,0,0,0,0,0,0,0,0,0,0,0,0
US1COAR0288,"FOXFIELD 3.7 ESE","ARAPAHOE",CO,6110,39.57,-104.73,0,0,0,1.3,0,0,0,0,0,0,0,0,0,0,0,0,0,0,M,M,0,0,0,0,M,2.5,0,0,0,0,0
US1CODG0162,"FRANKTOWN 2.1 ENE","DOUGLAS",CO,6505,39.39,-104.71,T,0.1,0,1.7,0,0,0,0,0,0,0,0,0,0,0,0,0,0,0.8,T,0,0,0,0,T,1.4,0,0,0,0,0
US1CODG0030,"FRANKTOWN 3.5 NE","DOUGLAS",CO,6399,39.43,-104.7,0,0,0,2.4,0,0,0,0,0,0,0,0,0,0,0,0,0,0,0.2,M,0,0,0,0,T,T,0,0,0,0,0
US1CODG0148,"FRANKTOWN 5.4 SE","DOUGLAS",CO,6785,39.33,-104.67,0,0.3,0,M,M,M,M,M,M,0,0,0,0,0,0,0,0,0,0.5,M,0,0,0,0,T,1.5,0,0,0,0,0
USC00053116,"FRASER","GRAND",CO,8558,39.94,-105.82,1,0,1,0,1,0,0,0,0,0,0,0,0,0,0,0,0,0,0,0,0,0,0,0,0.4,0,0,0,0,0,0
US1COWE0364,"FREDERICK 2.0 NW","WELD",CO,4925,40.12,-104.97,0,0,0,2,M,0,0,0,0,0,0,0,0,M,M,0,0,0,M,0,0,0,0,0,M,M,0,0,0,0,0
US1COSU0004,"FRISCO 0.5 N","SUMMIT",CO,9076,39.58,-106.1,2.7,1.2,2.6,2.2,T,0,0,0,0,0,0,0,2.8,0,0,0,0,0,0.1,0,0,M,M,M,M,M,0,0,0,0,0
US1COME0007,"FRUITA 4.5 NNE","MESA",CO,4681,39.22,-108.71,M,M,M,M,M,M,M,M,M,M,M,M,M,M,M,M,M,M,M,M,M,M,M,M,M,M,M,M,M,M,0
US1COWE0296,"GALETON 1.4 SE","WELD",CO,4851,40.5,-104.56,0,0,0,1,0,0,0,0,0,0,0,0,0,0,0,0,0,0,0,0,0,0,0,0,M,M,0,0,0,0,0
US1COHF0032,"GARDNER 5.2 ENE","HUERFANO",CO,7338,37.82,-105.09,0.5,1,M,M,M,M,M,M,M,M,M,M,M,M,M,M,M,M,M,M,M,M,M,M,M,M,M,M,M,M,M
USC00053246,"GATEWAY 1ENE","MESA",CO,4670,38.69,-108.96,0,0,M,0,0,0,0,0,0,0,0,0,0,0,0,0,0,0,0,0,0,0,0,0,0,0,0,0,0,0,0
US1COJF0011,"GENESEE 1 SW","JEFFERSON",CO,7308,39.69,-105.29,2,M,M,M,M,M,M,M,M,M,M,M,M,M,M,M,M,M,M,M,M,M,M,M,M,3.4,M,M,M,M,M
USC00053258,"GENOA","LINCOLN",CO,5591,39.28,-103.49,0,0,0,1.6,0,0,0,0,0,0,0,0,0,0,0,0,0,0,0,0,0,0,0,0,0,T,0,0,0,0,0
USC00053261,"GEORGETOWN","CLEARCREEK",CO,8518,39.71,-105.7,0.5,0.3,0.5,1,T,0,0,0,0,0,0,0,5,T,0,0,0,0,0,0.3,0,0,0,1.7,0.3,T,0,0,0,0,0
US1COWE0367,"GILL 3.8 NE","WELD",CO,4666,40.49,-104.48,M,M,M,2,M,M,M,M,M,M,M,M,M,M,M,M,M,M,M,M,M,M,M,M,M,M,M,M,M,M,M
USC00053307,"GLADE PARK 17W","MESA",CO,6322,38.95,-109.05,0.6,0.5,1.4,1.5,0,0,0,0,0,0,0,0,0,0,0,0,0,0,0,0,0,0,0,0,0,0,0,0,0,0,0
US1COEP0247,"GLENEAGLE 0.3 S","ELPASO",CO,6915,39.04,-104.82,M,M,M,2.5,0.5,M,0,0,0,0,M,M,0,M,M,M,M,0,M,M,M,0,M,M,M,1.5,M,0,0,0,0
US1COEP0061,"GLENEAGLE 0.4 WNW","ELPASO",CO,6917,39.05,-104.83,T,1.1,0,2.2,1.1,0,0,0,0,0,0,0,0,0,0,0,0,0,0.3,0,0,0,0,0,T,2.5,0,0,0,0,0
US1COLR0868,"GLEN HAVEN 1.2 N","LARIMER",CO,7101,40.47,-105.43,0.7,2.1,M,3.1,T,0,0,0,0,0,0,0,M,M,M,M,M,M,M,M,M,M,M,M,M,M,M,M,M,M,M
US1COLR0210,"GLEN HAVEN 1.7 NE","LARIMER",CO,7291,40.47,-105.44,0.8,2,0.8,3,T,M,M,M,M,M,M,M,M,M,M,M,M,M,M,M,M,M,M,M,M,M,M,M,M,M,M
USC00053359,"GLENWOOD SPGS #2","GARFIELD",CO,5729,39.56,-107.34,0,T,T,T,0,0,0,0,0,0,0,0,0,0,0,0,0,0,0,0,0,0,0,0,0,0,0,0,0,0,0
US1COGF0004,"GLENWOOD SPRINGS 1.4 S","GARFIELD",CO,5904,39.53,-107.32,T,0.2,1,1.5,0,0,0,0,0,0,0,0,0,0,0,0,0,0,M,0,0,0,0,0,M,M,0,0,0,0,0
US1COGF0040,"GLENWOOD SPRINGS 1.7 NW","GARFIELD",CO,6048,39.57,-107.35,0.2,1.1,0.1,0.7,T,0,0,0,0,0,0,0,0,0,0,0,0,0,M,0,0,0,0,M,M,M,0,0,0,0,0
US1COGF0046,"GLENWOOD SPRINGS 2.1 NW","GARFIELD",CO,6068,39.57,-107.36,0,0,0,0,0,0,0,0,0,0,0,0,0,0,0,0,0,0,0,0,0,0,0,0,0,0,0,0,0,0,0
US1COGF0060,"GLENWOOD SPRINGS 2.7 SSE","GARFIELD",CO,5945,39.51,-107.32,0,M,2,1.5,0,0,0,0,0,0,0,0,0,0,0,0,0,0,M,0,0,0,0,M,M,M,0,0,0,0,0
US1COGF0033,"GLENWOOD SPRINGS 5.3 SSE","GARFIELD",CO,5940,39.48,-107.29,M,M,M,M,M,M,M,M,M,M,M,M,M,M,M,0,0,0,M,0,0,M,0,M,M,M,0,0,0,0,0
US1COGF0001,"GLENWOOD SPRINGS .64 S","GARFIELD",CO,5823,39.54,-107.33,T,0.3,1,1.3,T,0,0,0,0,0,0,0,0,0,0,0,0,0,0,0,0,0,0,0,0,0,0,0,0,0,0
US1COWE0065,"GLY 4.3 NE","WELD",CO,4677,40.45,-104.64,M,M,0,1.9,0,M,M,M,M,0,0,0,0,M,M,M,M,0,M,0,M,M,M,M,M,M,0,M,M,M,0
US1COJF0425,"GOLDEN 11.8 NW","JEFFERSON",CO,7769,39.9,-105.35,0.1,M,M,2.5,0.1,M,0,0,M,M,M,M,0.2,M,0,M,M,M,0.2,M,0,0,M,0.2,M,1,M,M,M,M,0
US1COJF0331,"GOLDEN 12.5 NW","JEFFERSON",CO,9190,39.88,-105.39,0.1,T,0.3,0.6,0.3,0,0,0,0,0,0,0,5.9,T,0,0,0,0,0.1,0.1,0,0,0,1,0.2,1.5,0,0,0,0,0
US1COJF0440,"GOLDEN 1.4 S","JEFFERSON",CO,6152,39.72,-105.21,0,0,0,2.8,0,0,0,0,0,0,0,0,M,M,0,0,0,0,M,0,0,0,0,M,M,1,0,0,0,0,0
US1COJF0281,"GOLDEN 2.0 NNW","JEFFERSON",CO,5920,39.77,-105.23,0,0,M,1.6,M,0,0,0,0,0,0,0,M,M,0,0,0,0,M,M,0,0,0,M,0,M,0,0,0,0,M
US1COJF0365,"GOLDEN 2.1 SW","JEFFERSON",CO,7442,39.72,-105.25,T,0.1,0,2.4,0.9,0,0,0,0,0,0,0,0,M,0,0,0,0,0,0.1,0,0,0,0.4,T,1.3,0,0,0,0,0
USC00053387,"GOLDEN 3SW","JEFFERSON",CO,7453,39.72,-105.25,0.1,0,2.4,0.9,0,0,0,0,0,0,0,0,0,0,0,0,0,0,T,0,0,0,T,0.4,1.3,0,0,0,0,0,0
US1COJF0063,"GOLDEN 4.8 NW","JEFFERSON",CO,7521,39.79,-105.28,T,T,T,1.5,0.2,0,0,0,0,0,0,0,M,M,0,0,0,0,0.1,M,0,0,0,0.1,0,1,0,0,0,0,0
USC00053446,"GOULD 4SE S.F.S.P","JACKSON",CO,8998,40.51,-106.01,3,0.2,0.3,0.3,0.5,0,0,0,0,0,0,0,0,0,0,0,0,0,0,0,0,0,0,0.1,7,0.2,0,0,0,0,0
US1COGR0039,"GRANBY 6.3 NNE","GRAND",CO,8341,40.17,-105.9,3.3,3,2.1,1.1,0,0,0,0,0,0,0,0,M,0,M,0,0,0,M,M,0,0,M,M,M,0,M,0,M,0,0
US1COME0097,"GRAND JUNCTION 0.6 WSW","MESA",CO,4626,39.08,-108.56,M,M,M,0.5,0,0,0,0,0,0,0,0,0,0,0,0,0,0,M,0,0,0,0,M,0,0,0,0,0,0,0
US1COME0067,"GRAND JUNCTION 1.0 E","MESA",CO,4750,39.09,-108.54,T,0,0,0.8,0,0,M,0,0,0,0,0,0,0,0,0,0,0,0,0,0,0,0,0,0,0,M,M,M,M,M
US1COME0049,"GRAND JUNCTION 1.0 ESE","MESA",CO,4628,39.07,-108.54,M,M,M,0.7,0,0,0,0,0,0,0,0,0,0,0,0,0,0,M,0,0,0,0,M,0,0,0,M,M,M,M
US1COME0078,"GRAND JUNCTION 1.0 SSW","MESA",CO,4605,39.07,-108.56,M,M,M,M,0,0,0,0,0,0,0,0,0,0,0,0,0,0,M,0,0,0,0,M,0,0,0,0,0,0,0
US1COME0075,"GRAND JUNCTION 1.1 SSW","MESA",CO,4603,39.07,-108.56,T,0,0,0.7,0,0,0,0,0,0,0,0,0,0,0,0,0,0,0,0,0,0,0,0,0,0,0,0,0,0,0
US1COME0108,"GRAND JUNCTION 2.3 N","MESA",CO,4742,39.12,-108.56,M,M,M,M,M,M,M,M,0,0,0,M,0,M,M,0,M,M,M,M,M,M,M,M,M,M,M,M,M,M,M
US1COME0113,"GRAND JUNCTION 2.7 N","MESA",CO,4741,39.13,-108.55,M,M,M,0.9,0,M,M,M,M,0,M,M,M,M,M,M,0,0,0,0,M,M,M,M,0,M,0,M,M,0,0
US1COME0013,"GRAND JUNCTION 2.7 SSE","MESA",CO,4658,39.05,-108.54,0,M,M,0.5,0,0,0,0,0,0,0,0,0,0,0,0,0,0,M,0,0,M,M,M,M,M,M,M,M,M,M
US1COME0100,"GRAND JUNCTION 3.7 SSE","MESA",CO,4676,39.04,-108.52,0,0,0,M,0,0,0,0,0,0,0,0,0,0,0,0,0,0,0,0,0,0,0,0,0,0,0,0,0,0,0
US1COME0088,"GRAND JUNCTION 3.7 SW","MESA",CO,4804,39.06,-108.61,0,M,M,0.6,0,0,0,0,0,0,0,0,0,0,0,0,0,0,M,0,0,0,0,M,0,0,0,0,0,0,0
US1COME0102,"GRAND JUNCTION 3.9 SSE","MESA",CO,4675,39.03,-108.54,M,M,M,0.5,0,0,0,M,0,M,0,M,0,M,0,M,0,M,M,0,M,0,0,M,0,0,0,0,M,M,M
US1COME0079,"GRAND JUNCTION 3.9 WSW","MESA",CO,4666,39.08,-108.62,M,M,M,0.8,0,0,0,0,0,0,0,0,0,0,0,0,0,0,M,0,0,0,0,M,0,0,0,0,0,0,0
US1COME0069,"GRAND JUNCTION 4.0 W","MESA",CO,4629,39.09,-108.63,T,0,0,1,0,0,0,0,0,0,0,0,0,0,0,0,0,0,0,0,0,0,0,0,0,0,0,0,0,0,0
US1COME0118,"GRAND JUNCTION 4.1 ENE","MESA",CO,4768,39.1,-108.48,M,M,M,2,M,M,M,M,M,M,M,M,M,M,M,M,M,M,M,M,M,M,M,M,M,M,M,M,M,M,M
US1COME0103,"GRAND JUNCTION 4.1 W","MESA",CO,4629,39.09,-108.63,T,0,0,0.9,0,0,0,0,0,0,0,0,0,0,0,0,0,0,0,0,0,0,0,0,0,0,0,0,0,0,0
US1COME0112,"GRAND JUNCTION 4.3 SW","MESA",CO,4875,39.05,-108.62,M,M,M,0.4,0,0,0,0,0,0,0,0,M,0,0,0,0,M,M,0,0,0,0,M,0,0,0,0,0,0,0
US1COME0109,"GRAND JUNCTION 4.6 E","MESA",CO,4698,39.09,-108.47,0,0,0,2,0,0,0,0,0,0,0,0,0,0,0,0,0,0,0,0,0,0,0,0,0,0,0,0,0,0,0
US1COME0093,"GRAND JUNCTION 4.9 W","MESA",CO,4767,39.08,-108.64,M,M,M,1.1,M,M,M,M,M,M,M,M,M,M,M,M,M,M,M,M,M,M,M,M,M,M,M,M,M,M,M
US1COME0091,"GRAND JUNCTION 5.1 ESE","MESA",CO,4637,39.06,-108.46,0,M,M,0.4,0,M,0,0,0,0,0,0,M,0,0,0,0,0,0,0,0,M,0,M,0,0,0,0,0,0,0
US1COME0104,"GRAND JUNCTION 5.6 WSW","MESA",CO,4904,39.05,-108.65,0,0,0,0.8,0,0,0,0,0,0,0,0,0,0,0,0,0,0,0,0,0,0,0,0,0,0,0,0,0,0,0
US1COME0105,"GRAND JUNCTION 5.7 W","MESA",CO,4645,39.09,-108.66,0,0,0,2,0,M,0,0,0,M,0,M,M,M,0,0,M,0,M,0,0,0,M,0,0,0,0,0,M,0,0
US1COME0101,"GRAND JUNCTION 6.4 W","MESA",CO,4619,39.1,-108.67,M,M,M,M,0,0,0,0,0,0,0,0,0,0,0,0,0,0,0,0,0,0,0,M,0,0,0,0,0,0,0
USC00053489,"GRAND JUNCTION 6ESE","MESA",CO,4759,39.04,-108.47,M,M,M,0.4,M,M,M,M,M,M,M,M,M,M,M,M,M,M,M,M,M,M,M,M,M,M,M,M,M,M,M
US1COME0003,"GRAND JUNCTION 8NNW","MESA",CO,4750,39.18,-108.62,0,0,0,0.5,0,0,0,0,0,0,0,0,0,0,0,0,0,0,0,0,0,0,0,0,0,0,0,0,0,0,0
USW00023066,"GRAND JUNCTION WALKER FIELD","MESA",CO,4857,39.13,-108.54,0,0,0.3,1.6,0,0,0,0,0,0,0,0,0,0,0,0,0,0,0,0,0,0,0,0,0,0,0,0,0,0,0
USC00053486,"GRAND JUNCTION WFO","MESA",CO,4825,39.12,-108.52,0,0,0.3,1.6,0,0,0,0,0,0,0,0,0,0,0,0,0,0,0,0,0,0,0,0,0,0,0,0,0,0,0
USC00053496,"GRAND LAKE 1 NW","GRAND",CO,8718,40.27,-105.83,0.8,0.5,3,0.4,0,0,0,0,0,0,0,0,0,0,0,0,0,0,0,0,0,0,0,0.5,0.5,0,0,0,0,0,0
USC00053530,"GRANT","PARK",CO,8673,39.46,-105.68,1,1,T,1,0,0,0,0,0,0,0,0,4,0.2,0,0,0,0,0,0,0,0,0,1,0,0,0,0,0,0,0
US1COAM0010,"GREAT SAND DUNES 7.0 SSW","ALAMOSA",CO,7888,37.65,-105.58,M,M,M,M,M,M,M,M,M,0,0,0,0,0,0,0,0,0,M,M,0,0,0,0,0,M,0,0,0,0,0
US1COAM0032,"GREAT SAND DUNES 7.6 SSW","ALAMOSA",CO,8939,37.63,-105.55,0.8,M,M,0,0,0,0,0,0,0,0,0,0,0,0,0,0,0,M,M,0,0,0,0,0,M,0,0,0,0,0
USC00053541,"GREAT SAND DUNES NATIONAL PARK AN","ALAMOSA",CO,8181,37.73,-105.51,0.2,0,0,0,0,0,0,0,0,0,0,0,0,0,0,0,0,0,0,0,0,0,0,0,0,0,0,0,0,0,0
US1COWE0360,"GREELEY 0.3 WNW","WELD",CO,4798,40.42,-104.75,M,M,M,M,M,M,M,M,M,M,M,M,M,M,M,M,M,M,M,M,M,M,M,M,M,M,M,M,M,0,0
US1COWE0043,"GREELEY 10.5 SSE","WELD",CO,4717,40.29,-104.64,M,M,M,M,0,0,M,M,M,M,0,0,0,0,0,M,M,M,M,0,0,0,0,M,M,M,M,0,0,0,0
US1COWE0066,"GREELEY 1.1 ENE","WELD",CO,4694,40.43,-104.73,M,M,M,3.5,M,M,M,M,M,M,M,M,M,M,M,M,M,M,M,M,M,M,M,M,M,M,M,M,M,M,M
US1COWE0424,"GREELEY 1.7 ESE","WELD",CO,4768,40.41,-104.71,0,0,0,M,M,0,0,0,0,0,0,0,0,0,0,0,0,0,M,0,0,0,0,0,M,M,0,0,0,0,0
US1COWE0137,"GREELEY 1.8 N","WELD",CO,4671,40.43,-104.7,0,0,0,2.5,0,0,0,0,0,0,0,0,0,0,0,0,0,0,0,0,0,0,0,0,M,M,0,0,0,0,0
US1COWE0161,"GREELEY 1 SW","WELD",CO,4809,40.39,-104.72,M,M,T,2.3,M,M,M,M,M,M,M,M,M,M,M,M,M,M,M,M,M,M,M,M,M,M,M,M,M,M,M
US1COWE0430,"GREELEY 2.0 E","WELD",CO,4682,40.42,-104.71,0,M,0,2.8,0,0,0,0,0,0,0,M,M,M,M,0,0,0,M,M,0,0,0,0,M,M,0,0,M,0,0
US1COWE0432,"GREELEY 2.4 E","WELD",CO,4681,40.42,-104.7,M,M,M,1.7,M,M,M,M,M,M,M,M,M,M,M,M,M,M,M,M,M,M,M,M,M,M,M,M,M,M,M
US1COWE0428,"GREELEY 2.4 WSW","WELD",CO,4877,40.4,-104.78,0,0,0,1.8,0,0,0,0,0,0,0,0,0,M,0,0,0,0,M,M,0,0,0,0,M,M,0,M,M,M,M
US1COWE0171,"GREELEY 2.6 W","WELD",CO,4845,40.4,-104.75,T,T,0,3,0,0,0,0,0,0,0,0,0,0,0,0,0,M,M,M,M,M,0,M,M,M,M,M,M,M,M
US1COWE0287,"GREELEY 3.5 ESE","WELD",CO,4671,40.4,-104.68,M,0,T,M,M,M,M,M,M,M,M,M,M,M,M,M,M,M,M,M,M,M,M,M,M,M,M,M,M,M,M
US1COWE0176,"GREELEY 3.8 W","WELD",CO,4920,40.39,-104.77,0,0,0,3.3,0,0,0,0,0,0,0,0,M,M,0,0,0,0,M,M,0,0,0,0,M,M,0,0,0,0,0
US1COWE0003,"GREELEY 3.9 ENE","WELD",CO,4687,40.45,-104.68,0,0,0,1.8,0,0,0,0,0,0,0,0,0,0,0,0,0,0,0,0,0,0,0,0,0,T,0,0,0,0,0
US1COWE0025,"GREELEY 4.4 W","WELD",CO,4799,40.41,-104.79,0,0,0,2,0,0,0,0,0,0,0,0,0,0,0,0,0,0,M,0,0,0,0,0,M,0,0,0,0,0,0
US1COWE0318,"GREELEY 4.6 WNW","WELD",CO,4750,40.44,-104.81,0,T,0,1.5,T,0,0,0,0,0,0,0,0,0,0,0,0,0,0,0,0,0,0,0,0,T,0,0,0,0,0
US1COWE0433,"GREELEY 4.7 SSW","WELD",CO,4697,40.35,-104.76,0,0,0,3,0,0,0,0,0,M,0,0,0,M,0,0,0,0,M,0,0,0,0,0,M,M,0,M,M,0,0
US1COWE0163,"GREELEY 5.2 SW","WELD",CO,4753,40.36,-104.78,0,T,0,2.1,T,0,0,0,0,0,0,0,M,0,0,0,0,0,M,M,0,0,0,M,M,M,0,0,0,0,0
US1COWE0042,"GREELEY 6.6 E","WELD",CO,4645,40.43,-104.58,0,0,0,1.5,0,0,0,0,0,0,0,0,0,0,0,0,0,0,M,0,0,0,0,0,M,M,0,0,0,0,0
USC00053553,"GREELEY UNC","WELD",CO,4714,40.4,-104.7,0,0,T,0.8,0,0,0,0,0,0,0,0,0,0,0,0,0,0,0,0,0,0,0,0,0,0,0,0,0,0,0
USC00053592,"GREEN MT DAM","SUMMIT",CO,7738,39.88,-106.33,M,3,T,0.5,M,M,M,M,M,0,0,0,M,M,M,0,0,0,0,M,M,M,0,0.5,0,0,M,M,M,0,0
USC00053629,"GROSS RESERVOIR","BOULDER",CO,7968,39.94,-105.35,0,0,0,4,0,0,0,0,0,0,0,0,0,0,0,0,0,0,0,0,0,0,0,T,T,T,0,0,0,0,0
US1COPK0067,"GUFFEY 5.5 W","PARK",CO,9502,38.75,-105.62,0.6,2.1,0.9,3.2,0,0,0,0,0,0,0,0,0,0,0,0,0,0,3,1.5,0,0,0,1,0.4,0.8,0,0,0,0,0
USC00053652,"GUFFEY 9SE","FREMONT",CO,8913,38.69,-105.39,T,0,2.5,2.7,0,0,0,0,0,0,0,0,0,0,0,0,0,0,4.1,1.2,0,0,0,0.7,2.9,0,0,0,0,0,0
US1COGN0052,"GUNNISON 0.8 N","GUNNISON",CO,7734,38.56,-106.93,M,M,0,M,0,0,M,M,M,0,0,0,0,M,M,M,0,0,0,0,M,M,M,0,0,M,M,M,M,M,0
US1COGN0041,"GUNNISON 0.8 NNW","GUNNISON",CO,7692,38.54,-106.92,M,M,M,M,M,0,0,0,0,0,0,0,0,0,0,0,0,0,M,M,0,0,0,M,0,M,0,0,0,0,0
USC00053662,"GUNNISON 3SW","GUNNISON",CO,7620,38.53,-106.97,2.2,1.6,0.1,T,0,0,0,0,0,0,0,0,0,0,0,0,0,0,0,T,0,0,0,T,0,T,0,0,0,0,0
US1COGN0040,"GUNNISON 6.6 N","GUNNISON",CO,7939,38.64,-106.94,4,1,0,0.3,0,0,0,0,0,0,0,0,0,0,0,0,0,M,M,0,0,0,0,0.5,0.3,T,0,0,0,0,0
US1COEG0030,"GYPSUM 0.5 E","EAGLE",CO,6383,39.64,-106.94,T,2.7,0.5,1.7,M,M,M,M,M,M,M,M,M,M,M,0,M,0,M,M,0,0,M,M,M,T,0,M,0,0,0
US1COEG0029,"GYPSUM 1.9 SSW","EAGLE",CO,6529,39.62,-106.96,0.5,1.7,0.5,1.9,0,0,0,0,0,0,0,M,M,M,M,M,M,M,M,0,M,M,0,0,M,0,0,M,0,0,0
US1COEG0001,"GYPSUM 3.0 SE","EAGLE",CO,7035,39.61,-106.91,M,M,M,M,M,M,M,M,0,M,0,M,M,M,0,0,M,M,M,M,M,M,M,M,M,T,M,M,M,M,M
US1COMF0027,"HAMILTON 0.8 WNW","MOFFAT",CO,6260,40.37,-107.62,M,M,M,M,M,M,0,0,0,0,0,0,0,M,0,M,0,0,M,0,0,0,0,M,M,M,0,0,0,0,0
US1COPK0090,"HARTSEL 12.0 S","PARK",CO,9351,38.85,-105.78,M,M,M,M,M,0,0,0,M,0,0,0,0,0,M,0,0,0,M,1,0,0,0,M,0,0,M,0,0,0,0
USC00053828,"HASWELL","KIOWA",CO,4521,38.45,-103.16,0,0,0,T,0,0,0,0,0,0,0,0,0,0,0,0,0,0,0,0,0,0,0,0,0,0,0,0,0,0,0
US1COPH0037,"HAXTUN 0.2 N","PHILLIPS",CO,4034,40.65,-102.63,0,0,0,0.7,0,0,0,0,0,0,0,0,0,0,0,0,0,0,0,M,0,0,0,M,M,M,0,0,0,0,0
US1COLG0024,"HAXTUN 6.7 SW","LOGAN",CO,4130,40.57,-102.71,0,0,M,0,0,0,0,0,0,0,0,0,0,0,0,0,0,0,0,0,0,0,M,0,0,0,0,0,0,0,0
USC00053867,"HAYDEN","ROUTT",CO,6465,40.49,-107.25,3,5,7.5,T,0,0,0,0,0,0,0,0,0,0,0,0,0,0,0,0,0,0,0,0.5,0.5,0,0,0,0,0,0
US1COSU0058,"HEENEY 0.5 NW","SUMMIT",CO,7992,39.87,-106.31,T,2.1,1.4,0.6,0,0,0,0,0,0,0,0,0.4,M,0,0,0,0,0.2,0,0,0,0,3,M,M,M,M,0,0,M
USC00053951,"HERMIT 8 SE","MINERAL",CO,8947,37.75,-107.1,T,1.5,1.2,0,0,0,0,0,0,0,0,0,0,0,0,0,0,0,0,T,0,0,0,0,0,0,0,0,0,0,0
US1COLP0044,"HERMOSA 2.8 E","LAPLATA",CO,6657,37.42,-107.8,1.5,T,T,T,0,0,0,0,0,0,0,0,0,M,0,0,0,0,0,0.5,T,0,0,0,0,0,0,0,0,0,0
US1COLP0026,"HESPERUS 13.3 SSW","LAPLATA",CO,6684,37.11,-108.14,1.9,0,0.5,0.1,0,0,0,0,0,0,0,0,0,M,0,0,0,0,0,0,M,0,0,0,0,0,0,0,0,0,0
US1COLP0074,"HESPERUS 14.1 SSW","LAPLATA",CO,6626,37.09,-108.13,T,T,T,0,0,0,0,0,0,0,0,0,0,0,0,0,0,0,0,0,0,0,0,0,0,0,0,0,0,0,0
US1COLP0072,"HESPERUS 4.9 SE","LAPLATA",CO,7200,37.23,-107.97,5,3,3,0.3,0,0,0,0,0,0,0,0,0,M,0,0,0,0,M,M,M,0,0,0,0,0,0,0,0,0,0
US1COLP0078,"HESPERUS 6.9 S","LAPLATA",CO,7274,37.18,-108.04,M,M,M,M,0,0,0,0,0,0,0,0,0,0,0,0,0,0,0,M,0,0,0,0,0,0,M,M,M,M,M
US1CODG0176,"HIGHLANDS RANCH 0.6 SSE","DOUGLAS",CO,5774,39.55,-104.97,0,T,0,2,T,0,0,0,0,0,0,0,0,0,0,0,0,0,0,0,0,0,0,0,0,T,0,0,0,0,0
US1CODG0207,"HIGHLANDS RANCH 0.7 ESE","DOUGLAS",CO,5782,39.55,-104.96,0,0,0,1,M,0,0,0,0,0,0,0,M,M,M,M,M,M,M,M,M,M,0,0,M,M,0,0,0,0,0
US1CODG0181,"HIGHLANDS RANCH 1.1 E","DOUGLAS",CO,-9999,39.56,-104.95,M,M,0,M,M,0,M,M,M,0,0,0,0,M,M,M,0,0,M,M,M,M,M,M,M,M,M,M,M,M,0
US1CODG0165,"HIGHLANDS RANCH 1.1 ENE","DOUGLAS",CO,5786,39.56,-104.95,T,0,0,2.1,T,0,0,0,0,0,0,0,0,M,0,0,0,0,M,M,0,0,0,0,M,0.1,0,0,0,0,0
US1CODG0222,"HIGHLANDS RANCH 1.5 SSE","DOUGLAS",CO,5956,39.53,-104.96,0,0,0,2,T,0,0,0,0,0,0,0,M,0,0,0,0,M,M,M,0,0,0,M,0,1,0,0,0,0,0
US1CODG0033,"HIGHLANDS RANCH 2.0 SSE","DOUGLAS",CO,5973,39.53,-104.95,M,M,M,M,M,M,M,M,M,0,0,0,0,M,0,0,0,0,M,T,0,0,0,0,M,2,0,0,0,0,M
US1CODG0175,"HIGHLANDS RANCH 2.5 E","DOUGLAS",CO,5755,39.56,-104.92,M,M,M,M,M,M,M,M,M,M,M,M,M,M,M,M,M,M,M,M,0,0,M,M,M,M,M,M,M,M,M
US1CODG0178,"HIGHLANDS RANCH 2.5 SSW","DOUGLAS",CO,5836,39.52,-104.99,0,0,0,2.2,T,0,0,0,0,0,0,0,0,0,0,0,0,0,0,0,0,0,0,0,0,2.3,0,0,0,0,0
US1CODG0183,"HIGHLANDS RANCH 2.7 SSE","DOUGLAS",CO,6035,39.52,-104.94,T,0,0,1.5,T,0,0,0,0,0,0,0,0,M,0,0,0,0,M,M,0,0,0,M,0,2,0,0,0,0,0
US1CODG0074,"HIGHLANDS RANCH 3.2 ESE","DOUGLAS",CO,5923,39.54,-104.91,0,0,0,1.6,T,0,0,0,0,0,0,0,0,0,0,0,0,0,0,0,0,0,0,0,0,1.9,0,0,0,0,0
US1COMR0081,"HILLROSE 2.5 SSW","MORGAN",CO,4215,40.29,-103.55,M,M,M,2,M,M,M,M,M,M,M,M,M,M,M,M,M,M,M,M,M,M,M,M,M,M,M,M,M,M,M
US1COFM0077,"HILLSIDE 5 NE","FREMONT",CO,7805,38.3,-105.52,M,0.3,0.4,M,T,M,M,M,M,M,M,M,M,T,M,M,M,M,M,T,M,M,M,M,M,2.4,0,0,0,0,0
USC00054054,"HOHNHOLZ RANCH","LARIMER",CO,7795,40.97,-106,1,T,2,T,0,0,0,0,0,0,0,0,T,T,0,0,0,0,0,M,M,M,0,1,1,T,0,0,0,0,0
USC00054076,"HOLLY","PROWERS",CO,3400,38.05,-102.13,0,0,0,0,T,0,0,0,0,0,0,0,0,0,0,0,0,0,0,0,0,0,0,0,0,0,0,0,0,0,0
US1COPW0018,"HOLLY 0.1 ENE","PROWERS",CO,3395,38.06,-102.12,M,M,M,M,M,M,M,M,M,M,M,M,M,M,M,M,M,M,M,M,0,0,M,M,M,M,M,M,M,M,M
US1COPW0032,"HOLLY 10.9 S","PROWERS",CO,3622,37.9,-102.12,0,0,0,0,0,0,0,0,0,0,0,0,0,0,0,0,0,0,0,0,0,0,0,0,0,0,0,0,0,0,0
USC00054082,"HOLYOKE","PHILLIPS",CO,3779,40.55,-102.34,T,0,0,1.1,0,0,0,0,0,0,0,0,0,0,0,0,0,0,0,0,0,0,0,0,0,T,0,0,0,0,0
US1COPH0045,"HOLYOKE 0.3 WSW","PHILLIPS",CO,3745,40.58,-102.31,T,0,0,1,0,0,0,0,0,0,0,0,0,0,0,0,0,0,0,0,0,0,0,M,0,T,0,0,0,0,0
US1COPH0033,"HOLYOKE 13 SE","PHILLIPS",CO,3673,40.47,-102.11,0,0,0,M,0,0,M,M,M,M,M,M,0,0,0,0,0,0,0,0,0,0,0,0,0,M,M,0,0,0,0
US1COPH0014,"HOLYOKE .59 SW","PHILLIPS",CO,3746,40.58,-102.31,M,M,M,M,M,M,M,M,M,M,M,M,M,M,M,M,M,M,M,M,M,M,M,M,M,T,M,M,M,M,M
US1COLR0683,"HORSETOOTH MOUNTAIN 3.2 NNW","LARIMER",CO,6898,40.58,-105.22,T,M,M,6,M,M,M,M,M,M,M,M,M,M,M,M,M,M,M,M,M,M,M,M,M,M,M,M,M,M,M
US1CODL0001,"HOTCHKISS 1.8 NNE","DELTA",CO,5772,38.82,-107.71,0.4,M,M,1,M,M,M,M,M,M,M,M,M,M,M,M,M,M,M,M,M,M,M,M,M,M,M,M,M,M,M
US1CODL0016,"HOTCHKISS 4.7 W","DELTA",CO,5766,38.82,-107.8,0.2,M,M,0.7,M,M,M,M,0,0,0,M,M,M,0,0,0,M,M,0,0,0,M,M,M,M,M,M,0,0,0
US1CODL0022,"HOTCHKISS 5.1 WNW","DELTA",CO,6309,38.84,-107.8,0.6,T,M,0.4,0,0,0,0,0,0,0,0,0,0,0,0,0,0,M,M,0,0,0,M,0,0,0,0,0,0,0
US1CODL0026,"HOTCHKISS 7.1 WNW","DELTA",CO,6598,38.86,-107.83,1.1,M,T,0.5,M,0,M,M,0,M,0,0,0,0,0,M,0,M,M,M,0,M,M,0,0,0,M,0,0,0,0
US1CODL0008,"HOTCHKISS 9.0 WNW","DELTA",CO,6222,38.85,-107.88,0.6,T,T,0.1,0,0,0,0,0,0,0,0,0,0,0,0,0,0,0,M,0,0,0,M,0,M,M,M,M,M,M
USC00054135,"HOURGLASS RESERVOIR","LARIMER",CO,9518,40.58,-105.63,1.5,3.5,3,4,T,0,0,0,0,0,0,0,1,T,0,0,0,0,T,2,0,0,0,3,5,T,0,T,0,0,0
US1COWE0187,"HUDSON 4.8 WSW","WELD",CO,5035,40.04,-104.73,0,0,0,2.5,0,0,0,0,0,0,0,0,0,0,0,0,0,0,0,0,0,0,0,0,0,0.2,0,0,0,0,0
USC00054172,"HUGO 1 NW","LINCOLN",CO,5024,39.14,-103.49,0,T,0,1.5,0,0,0,0,0,0,0,0,0,0,0,0,0,0,0,0,0,0,0,0,0,0,0,0,0,0,0
US1COBO0099,"HYGIENE .79 N","BOULDER",CO,5166,40.2,-105.18,0.3,T,0,2,1,0,0,0,0,0,0,0,0,0,0,0,0,0,0,0,0,0,0,0,0,0.5,0,0,0,0,0
US1COCC0007,"IDAHO SPRINGS 4.7 SSE","CLEARCREEK",CO,9797,39.68,-105.47,M,M,M,1.5,M,M,M,M,M,M,M,M,6.1,0.9,M,M,M,M,1.6,2.1,M,M,M,1.2,M,2.1,M,M,M,M,M
US1COCC0019,"IDAHO SPRINGS 4.9 NW","CLEARCREEK",CO,9247,39.79,-105.57,0,M,M,T,M,M,M,M,M,M,0,M,M,M,M,M,M,0,M,M,0,M,M,M,T,T,M,M,0,M,M
USC00054242,"IDALIA","YUMA",CO,3964,39.7,-102.29,0,0,0,3.1,0,0,0,0,0,0,0,0,0,0,0,0,0,0,0,0,0,0,0,0,0,0,0,0,M,0,0
US1COLP0067,"IGNACIO 2.9 N","LAPLATA",CO,6676,37.16,-107.63,M,M,M,M,0,0,0,0,0,0,0,0,0,0,0,0,0,M,0,M,0,0,0,0,0,0,0,0,0,0,0
US1COLP0048,"IGNACIO 6.9 NW","LAPLATA",CO,6735,37.19,-107.72,M,M,M,M,M,M,M,M,M,M,M,M,M,M,M,M,M,M,M,0,M,M,M,M,M,M,M,M,M,M,M
USC00054254,"IGNACIO 6ESE","LAPLATA",CO,6546,37.09,-107.53,3.5,0.1,T,1,0,0,0,0,0,0,0,0,0,0,0,0,0,0,0,0,0,0,0,0,0,0,0,0,0,0,0
US1COLG0056,"ILIFF 0.1 NNW","LOGAN",CO,3840,40.76,-103.07,0,0,0,0,0,0,0,0,0,0,0,0,0,0,0,0,0,0,0,0,0,0,0,0,0,0,0,0,0,0,0
USC00054293,"INTER CANYON","JEFFERSON",CO,7178,39.57,-105.22,T,T,T,1,0.5,0,0,0,0,0,0,0,0,0,0,0,0,0,0.2,T,0,0,0,0,1,6,0,0,0,0,0
US1COEP0058,"IVYWILD 0.6 E","ELPASO",CO,6058,38.8,-104.84,0,0.3,0,2.6,0.9,0,0,0,0,0,0,0,0,0,0,0,0,0,0,0,0,0,0,0,0,1.6,0,0,0,0,0
US1COBO0343,"JAMESTOWN 2.5 SSE","BOULDER",CO,7043,40.08,-105.37,1.1,T,T,5.2,2.4,0,0,0,M,M,0,0,M,M,0,0,M,M,M,T,0,M,0,T,0.6,0.5,0,0,0,0,0
USC00054380,"JOES","YUMA",CO,4274,39.66,-102.68,T,0,0,2,0,0,0,0,0,0,0,0,0,0,0,0,0,0,0,0,0,0,0,0,0,T,0,0,0,0,0
USC00054388,"JOHN MARTIN DAM","BENT",CO,3810,38.06,-102.93,0,0,0,0,0,0,0,0,0,0,0,0,0,0,0,0,0,0,0,0,0,0,0,0,0,0,0,0,0,0,0
USC00054413,"JULESBURG","SEDGWICK",CO,3476,40.99,-102.27,0,0,0,1,0,0,0,0,0,0,0,0,0,0,0,0,0,0,0,0,0,0,0,0,0,0,0,0,0,0,0
US1COSG0004,"JULESBURG 0.1 WNW","SEDGWICK",CO,3483,40.99,-102.27,M,M,M,2.5,M,M,M,M,M,M,M,M,M,M,M,M,M,M,M,M,M,M,M,M,M,M,M,M,M,M,M
USC00054444,"KARVAL","LINCOLN",CO,5074,38.74,-103.54,0,0,0,T,T,0,0,0,0,0,0,0,0,0,0,0,0,0,0,0,0,0,0,0,0,T,0,0,0,0,0
US1COLN0036,"KARVAL 0.2 NE","LINCOLN",CO,5130,38.74,-103.53,0,0,0,0,0,0,0,0,0,0,0,0,0,0,0,0,0,0,0,0,0,0,0,0,0,M,0,0,0,0,0
US1COLN0034,"KARVAL 4.8 W","LINCOLN",CO,5261,38.72,-103.63,0,0,0,0.5,0,0,0,0,0,0,0,0,0,0,0,0,0,0,M,M,0,0,0,0,0,M,0,0,0,0,0
US1COLN0018,"KARVAL 9.8 WSW","LINCOLN",CO,4920,38.68,-103.7,T,0,0,0.4,0,0,0,0,0,0,0,0,0,0,0,0,0,0,M,M,0,0,0,0,0,M,0,0,0,0,0
USC00054452,"KASSLER","JEFFERSON",CO,5586,39.49,-105.1,0,0,0,2.5,T,0,0,0,0,0,0,0,0,0,0,0,0,0,0,0,0,0,0,0,0,T,0,0,0,0,0
US1COWE0400,"KEENESBURG 2.9 E","WELD",CO,4814,40.1,-104.47,0,0,M,M,M,0,0,0,0,0,0,0,0,0,0,0,0,0,M,0,0,0,0,M,M,M,0,0,0,0,0
US1COJF0338,"KEN CARYL 0.6 WSW","JEFFERSON",CO,5785,39.57,-105.12,0,0,0,3.5,T,0,M,M,0,M,M,0,M,M,0,0,M,0,M,M,M,M,M,0,0,M,0,M,M,0,0
US1COJF0402,"KEN CARYL 2.9 NNW","JEFFERSON",CO,5802,39.61,-105.14,0,0,0,3,0.3,0,0,0,0,0,0,0,M,0,0,0,0,0,M,M,0,0,0,0,M,M,0,0,0,0,0
US1COJF0439,"KEN CARYL 3.0 WNW","JEFFERSON",CO,6132,39.59,-105.17,T,M,M,M,M,0,0,0,0,0,M,0,0,0,0,0,0,0,0,0,0,0,M,0,0,1.7,0,0,0,0,0
US1COWE0380,"KERSEY 0.3 NNE","WELD",CO,4617,40.39,-104.56,M,M,M,M,M,M,M,M,M,M,M,M,M,M,M,M,M,M,M,M,M,M,M,M,M,M,M,M,M,0,0
US1COWE0447,"KERSEY 1.3 WSW","WELD",CO,4642,40.38,-104.58,0,0,0,M,M,0,0,0,0,0,0,0,0,0,0,0,0,0,0,M,0,0,0,0,M,M,0,0,0,0,0
US1COWE0340,"KERSEY 4.5 E","WELD",CO,4557,40.39,-104.47,0,T,0,1.7,0,0,0,0,0,0,0,0,M,M,0,0,0,0,M,M,0,0,0,0,M,T,0,0,0,0,0
US1COWE0480,"KERSEY 6.9 ESE","WELD",CO,4564,40.35,-104.44,0,0,0,1.5,0,0,0,0,0,0,0,0,0,0,0,0,0,0,0,0,0,0,0,0,0,0,0,0,0,0,0
US1COSU0052,"KEYSTONE 0.7 SW","SUMMIT",CO,9248,39.6,-105.98,0.9,0.2,1.3,2.2,T,0,0,0,0,0,0,0,3.4,T,0,0,0,0,0.2,0,0,0,0,4.2,3,0.2,0,0,0,0,0
US1COLA0066,"KIM 0.2 W","LASANIMAS",CO,5705,37.25,-103.36,M,M,M,M,M,M,M,M,M,M,0,0,0,0,0,0,0,0,M,M,M,M,M,M,M,M,M,M,M,M,M
USC00054546,"KIM 10SSE","LASANIMAS",CO,5256,37.12,-103.3,0,0,0,0,0.2,0,0,0,0,0,0,0,0,0,0,0,0,0,0,0,0,0,0,0,0,0,0,0,0,0,0
USC00054538,"KIM 15 NNE","LASANIMAS",CO,5189,37.45,-103.32,0,0,0,0,0.8,0,0,0,0,0,0,0,0,0,0,0,0,0,0,0,0,0,0,0,0,1.1,0,0,0,0,0
US1COEL0046,"KIOWA 12.7 ENE","ELBERT",CO,6130,39.41,-104.24,0,0,T,2,0,0,0,0,0,0,0,0,0,0,0,0,0,0,0.8,0,0,0,0,0,3,0,0,0,0,0,M
US1COEL0013,"KIOWA 2.2 WNW","ELBERT",CO,6556,39.35,-104.51,0,0,0,2,0,0,0,0,0,0,0,0,0,0,0,0,0,0,0.8,M,0,0,0,0,M,1.8,0,0,0,0,0
US1COEL0036,"KIOWA 3.9 S","ELBERT",CO,6704,39.29,-104.45,M,M,M,2.7,0,0,M,0,0,0,0,0,0,0,0,0,0,0,M,M,0,0,0,0,T,M,M,M,M,M,M
US1COYU0059,"KIRK 6.2 E","YUMA",CO,4136,39.61,-102.48,T,0,T,1.5,0,0,0,0,0,0,0,0,0,0,0,0,0,0,0,M,0,0,0,M,0,T,0,0,0,0,0
USC00054603,"KIT CARSON","CHEYENNE",CO,4301,38.76,-102.8,0,0,0,0,0,M,0,0,0,0,0,0,0,0,0,0,0,0,0,0,0,0,0,0,0,0,0,0,0,0,0
USC00054606,"KIT CARSON 9NNE","CHEYENNE",CO,4345,38.89,-102.72,T,T,0,1,0,0,0,M,0,M,M,0,0,0,0,0,0,0,0,0,0,0,0,0,0,0,0,0,0,0,0
US1COJF0128,"KITTREDGE 2.5 SSE","JEFFERSON",CO,8118,39.62,-105.28,M,M,M,2.3,M,M,M,M,M,M,M,M,M,T,M,M,M,M,M,M,M,M,M,0.2,M,3.7,M,M,M,M,M
USC00054664,"KREMMLING","GRAND",CO,7458,40.06,-106.37,0.4,3.6,1.5,0,0,0,0,0,0,0,0,0,0,0,0,0,0,0,T,0,0,0,0,0.5,0.2,0,0,0,0,0,0
US1COGR0046,"KREMMLING 10.0 NW","GRAND",CO,8614,40.14,-106.53,2,4,4,M,M,0,M,M,M,M,0,M,0,M,M,0,M,0,M,M,0,M,0,5,2.5,M,0,0,0,0,M
US1COGR0045,"KREMMLING 1.1 WNW","GRAND",CO,7322,40.06,-106.4,M,M,M,0,0,0,0,0,0,0,0,0,M,0,0,0,0,0,M,0,0,0,0,M,M,0,0,0,0,0,0
US1COGR0029,"KREMMLING 7.8 WNW","GRAND",CO,8495,40.12,-106.52,2,4,3.5,M,M,M,M,M,M,M,M,M,M,M,M,M,M,M,M,M,M,M,M,3,2,M,M,M,M,M,M
US1COBO0018,"LAFAYETTE 0.2 S","BOULDER",CO,5248,39.99,-105.1,M,M,M,M,M,M,M,M,M,M,0,0,M,0,0,0,M,M,M,0,0,M,M,M,M,M,M,0,0,0,M
US1COBO0008,"LAFAYETTE 0.4 WSW","BOULDER",CO,5284,39.99,-105.11,T,T,0,3.7,0.6,0,0,0,0,0,0,0,0,0,0,0,0,0,0,0,0,0,0,0,0,0.3,0,0,0,0,0
US1COBO0266,"LAFAYETTE 0.8 WSW","BOULDER",CO,5279,39.99,-105.11,T,0,0,M,0.2,0,0,0,0,0,0,0,0,0,0,0,0,M,0,0,0,0,0,0,0,0,0,0,M,0,0
US1COBO0367,"LAFAYETTE 0.9 NE","BOULDER",CO,5198,40,-105.09,M,M,M,2,M,M,M,M,M,M,M,M,M,M,M,M,M,M,M,M,M,M,M,M,M,M,M,M,M,M,M
US1COBO0290,"LAFAYETTE 2.3 NW","BOULDER",CO,5263,40.02,-105.13,0,0,0,M,T,0,0,0,0,0,0,0,M,0,0,0,0,0,M,0,0,0,M,0,0,M,0,0,0,0,0
US1COBO0351,"LAFAYETTE 2.3 WNW","BOULDER",CO,5375,40,-105.14,M,M,M,4,M,M,M,M,M,M,M,M,M,M,M,M,M,M,M,M,M,M,M,M,M,M,M,M,M,M,M
US1COBO0222,"LAFAYETTE 2.5 NW","BOULDER",CO,5286,40.02,-105.14,T,T,0,4.1,0.5,0,0,0,0,0,0,0,M,0,0,0,0,0,M,0,0,0,M,0,M,M,0,0,0,0,0
US1COSA0011,"LA GARITA 5.6 WSW","SAGUACHE",CO,8249,37.79,-106.34,M,M,M,0,0,0,0,0,0,0,0,0,0,M,0,0,0,0,M,M,0,0,0,0,0,0,0,0,0,0,0
USC00054724,"LA JUNTA","OTERO",CO,4088,37.98,-103.54,0,0,0,T,2.1,0,0,0,0,0,0,0,0,0,0,0,0,0,0,0,0,0,0,0,0,0,0,0,0,0,0
US1COOT0025,"LA JUNTA 1.0 S","OTERO",CO,4204,37.97,-103.54,0,0,0,T,M,0,0,0,0,0,0,0,0,0,0,0,0,0,0,0,0,0,0,0,0,M,0,0,0,0,0
USC00054726,"LA JUNTA 20 S","OTERO",CO,4209,37.75,-103.48,0,0,0,0,2,0,0,0,0,0,0,0,0,0,0,0,0,0,0,0,0,0,0,0,0,0,0,0,0,0,0
US1COOT0031,"LA JUNTA 7.4 W","OTERO",CO,4187,37.98,-103.68,0,0,0,T,1,0,0,0,0,0,0,0,0,M,0,0,0,0,M,M,0,M,0,0,0,M,0,0,0,0,0
USC00054736,"LAKE CITY 1NNE","HINSDALE",CO,8712,38.05,-107.3,1,4,M,M,M,M,M,M,M,M,M,M,M,M,M,M,M,M,M,M,M,M,M,M,M,M,M,M,M,M,M
US1COPK0088,"LAKE GEORGE 1.1 SE","PARK",CO,8079,38.97,-105.36,M,0,M,M,0,0,M,M,M,0,0,0,0,M,M,M,0,0,M,M,M,M,M,0,0,0,0,M,M,M,M
US1COPK0039,"LAKE GEORGE 7.2 WNW","PARK",CO,8998,39.02,-105.49,0.3,1.5,M,1.4,0,0,0,0,0,0,0,0,T,0,0,0,0,0,4.1,1.4,0,0,M,M,M,M,M,M,0,0,0
US1COPK0046,"LAKE GEORGE 7.5 WSW","PARK",CO,8889,38.94,-105.49,M,2,0.5,1,0,0,0,0,0,0,0,0,0,0,0,0,0,0,3.5,2.5,0,0,0,1.8,M,6.5,0,0,0,0,0
USC00054742,"LAKE GEORGE 8 SW","PARK",CO,8548,38.91,-105.47,T,1,T,2,0,0,0,0,0,0,0,0,0,0,0,0,0,0,2,2,0,0,0,T,0,2,0,0,0,0,0
USC00054762,"LAKEWOOD","JEFFERSON",CO,5639,39.75,-105.12,0,0,0,2.3,0,0,0,0,0,0,0,0,0,0,0,0,0,0,0,0,0,0,0,0,0,1,0,0,0,0,0
US1COJF0391,"LAKEWOOD 1.2 E","JEFFERSON",CO,5552,39.7,-105.09,0,M,M,3,M,0,0,0,0,0,0,0,M,M,M,M,M,M,M,M,M,M,M,M,M,M,M,M,M,M,M
US1COJF0333,"LAKEWOOD 1.7 SW","JEFFERSON",CO,5744,39.68,-105.14,0,T,T,2.4,0.1,0,0,0,0,0,0,0,0,0,0,0,0,0,0,0,0,0,0,0,0,2,0,0,0,0,0
US1COJF0179,"LAKEWOOD 2.2 ESE","JEFFERSON",CO,5514,39.68,-105.08,0,T,0,2.7,T,0,0,0,0,0,0,0,M,0,0,0,0,M,M,M,0,0,0,M,0,1.5,0,0,0,0,0
US1COJF0441,"LAKEWOOD 2.6 WSW","JEFFERSON",CO,6019,39.68,-105.16,M,M,M,M,M,M,M,M,M,M,M,M,M,M,M,M,M,M,M,M,M,M,M,M,M,M,0,M,M,M,0
USC00054770,"LAMAR","PROWERS",CO,3626,38.09,-102.63,0,0,0,T,T,0,0,0,0,0,0,0,0,0,0,0,0,0,0,0,0,0,0,0,0,0,0,0,0,0,0
US1COPW0034,"LAMAR 2.9 S","PROWERS",CO,3742,38.04,-102.61,0,0,0,T,0.2,M,0,0,M,M,M,M,M,M,0,M,0,0,0,M,0,0,M,M,M,M,0,M,M,0,0
US1COPW0040,"LAMAR 4.3 NE","PROWERS",CO,3617,38.12,-102.56,M,M,M,M,M,M,M,M,M,M,M,M,M,M,M,M,0,M,M,M,M,M,M,M,M,M,M,M,0,M,M
USW00003013,"LAMAR MUNICIPAL AP","PROWERS",CO,3687,38.07,-102.69,0,0,0,M,0,0,0,0,0,0,0,0,0,0,0,0,0,0,0,0,0,0,0,0,M,0,0,0,0,0,0
US1COLR0806,"LAPORTE 0.3 WNW","LARIMER",CO,5073,40.63,-105.14,M,M,0.8,3.5,M,M,M,M,M,M,M,M,M,M,M,M,M,M,M,M,M,M,M,M,M,M,M,M,M,M,M
US1COLR0567,"LA PORTE 10.0 NNW","LARIMER",CO,6095,40.76,-105.2,0.8,0.3,T,1.9,T,0,0,0,0,0,0,0,0,0,0,0,0,0,0,M,0,0,0,0,0,M,0,0,0,0,0
US1COLR0761,"LAPORTE 1.4 NW","LARIMER",CO,5143,40.63,-105.15,0.2,T,0.5,2,M,0,0,0,0,0,M,M,M,0,0,0,0,0,0,0,0,0,0,0,M,0,0,0,0,0,0
US1CODG0231,"LARKSPUR 2.2 WNW","DOUGLAS",CO,7193,39.19,-104.93,T,0.5,0,3.1,0.6,0,0,0,0,0,0,0,0,M,0,0,0,0,1.5,1.6,0,0,0,0,M,M,M,M,M,0,0
US1CODG0211,"LARKSPUR 3.5 N","DOUGLAS",CO,6965,39.23,-104.9,M,M,M,M,M,M,M,M,M,M,M,M,M,0,M,M,M,M,M,M,M,M,M,M,M,M,M,M,M,0,0
USC00054834,"LAS ANIMAS","BENT",CO,3889,38.06,-103.22,0,0,0,0.1,T,0,0,0,0,0,0,0,0,0,0,0,0,0,0,0,0,0,0,0,0,0,0,0,0,0,0
US1COWA0021,"LAST CHANCE 6.1 N","WASHINGTON",CO,4641,39.83,-103.57,0,0,0,2.4,0,0,0,0,0,0,0,0,0,0,0,0,0,0,M,M,0,0,0,M,M,M,0,0,0,0,0
US1COHF0037,"LA VETA 6.5 ESE","HUERFANO",CO,7604,37.46,-104.9,M,M,0,M,M,0,0,0,0,0,0,0,0,0,0,0,0,0,0,M,0,0,M,M,M,M,M,0,0,0,0
US1COCS0020,"LA VETA PASS 12.1 S","COSTILLA",CO,9699,37.42,-105.16,2,1,M,M,M,M,M,M,M,M,M,M,M,3,M,M,M,M,2,2,M,M,M,M,M,3,M,M,M,M,M
US1COMR0063,"LDR 9.6 N","MORGAN",CO,4809,39.99,-104.1,0,0,0,M,0,0,0,0,0,M,0,0,0,M,0,0,0,0,0,M,M,M,0,M,M,M,M,0,0,M,M
US1COLK0028,"LEADVILLE 0.5 NW","LAKE",CO,10078,39.25,-106.3,2,M,M,1.6,T,M,0,0,M,0,0,0,0.3,0,0,0,0,0,T,0,0,M,0,4.5,2.7,T,0,0,M,M,M
US1COLK0001,"LEADVILLE 1.4 WNW","LAKE",CO,9964,39.26,-106.32,2.5,2.3,2,2.1,T,0,0,0,T,0,0,0,0.3,T,0,0,0,0,0.5,0,0,0,0,4.9,2.9,M,0,0,0,0,0
USC00054888,"LEADVILLE 1SSW","LAKE",CO,10042,39.24,-106.3,1.9,2.1,1.1,1.8,T,0,0,0,T,0,0,0,0.3,0.1,0,0,0,0,0,0,0,0,0,4.2,2.7,T,0,0,0.1,0,0
US1COLK0010,"LEADVILLE 6.3 S","LAKE",CO,9706,39.16,-106.28,2,3,2,0.5,0.2,0,0,0,0,0,0,0,0.2,M,0,0,0,0,M,0,0,0,0,4,0.2,M,0,0,0,0,0
USW00093009,"LEADVILLE LAKE COUNTY AP","LAKE",CO,9930,39.23,-106.32,M,M,M,M,0,0,0,M,0,0,0,M,M,0,0,0,0,M,M,0,0,0,M,M,M,0,0,M,M,0,0
USC00054934,"LEMON DAM","LAPLATA",CO,8108,37.38,-107.66,3.3,1.5,0.4,0.1,0,0,0,0,0,0,0,0,0,0,0,0,0,0,0,0,0,0,0,0,0,0,0,0,0,0,0
USC00054945,"LEROY 5 WSW","LOGAN",CO,4466,40.51,-102.99,0,0,0,0.9,0,0,0,0,0,0,0,0,0,0,0,0,0,0,0,0,0,0,0,0,0,T,0,0,0,0,0
US1COKC0050,"LIBERTY 15 SW","KITCARSON",CO,4533,39.49,-102.82,T,0,0,1.8,0,0,0,0,0,0,0,0,0,0,0,0,0,0,M,M,0,0,0,M,0,0.1,0,0,0,0,0
US1COYU0024,"LIBERTY 5.5 NW","YUMA",CO,4228,39.7,-102.71,0,0,0,1,0,0,0,0,0,0,0,0,0,0,0,0,0,0,M,M,0,0,0,M,0,M,0,0,0,0,0
US1COLN0053,"LIMON 0.3 W","LINCOLN",CO,5395,39.27,-103.7,0,0.1,T,1.5,0,0,0,0,0,0,0,0,0,0,0,0,0,0,M,M,0,0,0,M,0,M,0,0,0,0,M
US1COLN0054,"LIMON 6.9 NE","LINCOLN",CO,5649,39.33,-103.58,0,0,0,0,0,0,0,0,0,0,0,0,0,0,0,0,0,0,M,0,0,0,0,0,0,0,0,0,0,0,0
USC00055020,"LIMON ATWATER RANCH","ELBERT",CO,5570,38.95,-103.77,0,0,0,1,0,0,0,0,0,0,0,0,0,0,0,0,0,0,0,0,0,0,0,0,0,T,0,0,0,0,0
US1COWA0026,"LINDON 5S","WASHINGTON",CO,5061,39.66,-103.43,M,M,M,M,M,M,M,M,M,M,M,M,M,M,M,M,M,M,M,M,M,M,M,M,0,M,M,M,M,M,M
USC00055025,"LINDON 5 WNW","WASHINGTON",CO,4850,39.76,-103.5,0,0,0,2,T,0,0,0,0,0,0,0,0,0,0,0,0,0,0,0,0,0,0,0,0,0,0,0,0,0,0
US1COAR0297,"LITTLETON 0.3 NNE","ARAPAHOE",CO,5432,39.6,-105.01,M,M,0,2.8,0,0,0,0,0,0,0,0,0,M,0,0,0,0,M,M,0,0,0,0,0,M,0,0,0,0,0
US1COAR0211,"LITTLETON 0.3 SSE","ARAPAHOE",CO,5470,39.59,-105.01,0,0,0,M,0,0,0,0,0,0,0,0,0,0,0,0,0,0,M,0,M,0,M,0,0,M,0,0,0,0,0
US1COAR0290,"LITTLETON 1.5 NE","ARAPAHOE",CO,5461,39.61,-105,0,0,0,2.7,0,0,0,0,0,M,0,0,0,M,0,0,0,0,M,M,0,0,0,0,M,2,0,0,0,0,0
US1COAR0286,"LITTLETON 1.6 NW","ARAPAHOE",CO,5340,39.61,-105.03,0,0,M,3.2,0,0,0,0,0,0,0,0,0,0,0,0,0,0,M,M,0,M,0,0,0,M,0,0,0,0,0
US1COAR0240,"LITTLETON 2.0 ENE","ARAPAHOE",CO,5471,39.61,-104.98,0,0,0,2.5,0,0,0,0,0,0,0,0,0,0,0,0,0,0,M,M,0,0,M,M,M,M,M,M,M,M,M
US1COJF0362,"LITTLETON 2.8 WNW","JEFFERSON",CO,5470,39.61,-105.06,M,M,0,M,0,0,M,M,M,0,0,0,0,M,M,M,0,0,M,0,M,M,M,M,M,M,M,M,M,M,M
US1COJF0413,"LITTLETON 3.3 WSW","JEFFERSON",CO,5512,39.57,-105.07,M,M,M,M,M,M,M,M,M,M,M,M,M,M,M,M,M,M,M,M,M,M,M,M,0,M,M,M,M,M,M
US1COJF0335,"LITTLETON 4.6 W","JEFFERSON",CO,5644,39.59,-105.1,0,0,0,2.5,0.1,0,0,0,0,0,0,0,0,0,0,0,0,0,M,0,0,0,0,0,0,0.8,0,0,0,0,0
US1COJF0414,"LITTLETON 4.7 W","JEFFERSON",CO,5618,39.62,-105.1,0,0,M,M,M,M,M,M,0,0,0,0,M,0,0,0,0,0,M,M,0,0,0,0,0,M,0,0,0,0,0
US1COJF0184,"LITTLETON 4.7 WSW","JEFFERSON",CO,5616,39.59,-105.1,0,0,T,M,M,0,0,0,0,0,0,0,0,0,0,0,0,0,M,0,0,0,0,0,0,M,0,0,0,0,0
US1COAR0321,"LITTLETON 5.0 ESE","ARAPAHOE",CO,5761,39.57,-104.93,M,M,M,2,M,M,M,M,M,M,M,M,M,M,M,M,M,M,M,M,M,M,M,M,M,1.9,M,M,M,M,M
US1COJF0332,"LITTLETON 5.7 SW","JEFFERSON",CO,5553,39.54,-105.1,0,0,0,3.3,T,0,0,0,0,0,0,0,0,0,0,0,0,0,M,M,0,0,0,0,0,M,0,0,0,0,0
US1COJF0376,"LITTLETON 6.0 W","JEFFERSON",CO,5760,39.62,-105.13,0,0,0,2.4,0.2,0,0,0,0,0,0,0,M,M,0,0,0,0,M,M,0,0,0,M,0,1.5,0,0,0,0,0
US1COJF0227,"LITTLETON 6.0 WSW","JEFFERSON",CO,5727,39.59,-105.12,0,T,0,2.8,T,0,0,0,0,0,0,0,M,M,0,0,0,0,M,M,0,0,0,0,0,1,0,0,0,0,0
US1COJF0215,"LITTLETON 6.2 WNW","JEFFERSON",CO,5626,39.64,-105.13,0,0,0,2.6,T,0,0,0,0,0,0,0,M,M,0,0,0,0,M,0,0,0,0,M,0,T,0,0,0,0,0
US1COJF0212,"LITTLETON 6.4 W","JEFFERSON",CO,5849,39.61,-105.14,0,0,0,2.5,0.4,0,0,0,0,0,0,0,0,0,0,0,0,0,M,M,0,0,0,0,0,2.2,0,0,0,0,0
US1COJF0359,"LITTLETON 6.6 W","JEFFERSON",CO,5854,39.61,-105.14,M,M,M,M,M,M,M,M,M,M,M,M,M,M,M,M,M,M,M,M,M,M,M,M,M,2.2,M,M,M,M,M
US1CODG0032,"LITTLETON 7.7 ESE","DOUGLAS",CO,5872,39.55,-104.9,0,0,0,1.3,0,0,0,0,0,0,0,0,0,M,0,0,0,0,M,M,0,0,0,0,M,3.1,0,0,0,0,0
US1COJF0201,"LITTLETON 8.2 WSW","JEFFERSON",CO,6052,39.58,-105.16,M,M,M,2.7,T,M,M,M,M,M,M,M,M,M,M,M,M,M,M,M,M,M,M,M,M,M,M,M,M,M,M
US1COLR0250,"LIVERMORE 10.5 WSW","LARIMER",CO,7442,40.75,-105.41,1,1.5,0.5,3,0.5,0,0,0,0,0,0,0,0,0,0,0,0,0,0,0.3,0,0,0,0,T,0,0,0,0,0,0
US1COLR1017,"LIVERMORE 12.2 NW","LARIMER",CO,7001,40.87,-105.41,2,0.5,1.5,2.7,0,0,0,0,0,0,0,0,0,0,0,0,0,0,0,M,0,0,M,0,0.2,0,0,0,0,0,0
US1COLR0555,"LIVERMORE 8.5 WSW","LARIMER",CO,7018,40.73,-105.41,10,1.5,1.5,2.5,0.5,0,0,0,0,0,0,0,0,0,0,0,0,0,T,M,0,0,0,0,0,M,0,0,0,0,0
US1COLR0875,"LIVERMORE 9.2 W","LARIMER",CO,7093,40.74,-105.4,0,2,0,2.5,0,0,0,0,0,0,0,0,0,0,0,0,0,0,0,0,0,0,0,0,0,0,0,0,0,0,0
US1COLR0897,"LIVERMORE 9.9 WSW","LARIMER",CO,7555,40.72,-105.41,M,1.1,1.6,3,0.2,0,0,0,0,0,0,0,T,T,0,0,0,0,0,0.5,0,0,0,T,0.2,T,0,0,0,0,0
US1COME0117,"LOMA 0.9 E","MESA",CO,4520,39.2,-108.8,M,M,M,1,0,0,0,0,0,0,0,0,0,0,0,0,0,0,0,0,0,0,0,M,0,0,0,0,0,0,0
US1CODG0133,"LONE TREE 2.0 SW","DOUGLAS",CO,6119,39.51,-104.91,M,M,M,M,M,M,M,M,M,M,M,M,M,M,M,M,M,M,M,M,M,M,M,M,M,M,0,0,0,0,0
US1COBO0254,"LONGMONT 1.4 WNW","BOULDER",CO,5053,40.18,-105.14,T,0,M,M,0,0,0,0,0,0,0,0,0,0,0,0,0,0,M,0,0,0,0,0,0,0.5,0,0,0,0,0
US1COBO0149,"LONGMONT 1.7 NNE","BOULDER",CO,5061,40.19,-105.09,T,M,M,2.5,M,M,M,M,M,M,M,M,M,M,M,M,M,M,M,M,M,M,M,M,M,1,M,M,M,M,M
US1COBO0361,"LONGMONT 1.8 E","BOULDER",CO,5013,40.17,-105.08,T,0,0,2.5,0,0,0,0,0,0,0,0,0,0,0,0,0,0,M,0,0,0,0,0,M,M,0,0,0,0,0
US1COBO0352,"LONGMONT 1.8 ENE","BOULDER",CO,5059,40.18,-105.08,T,T,0,3,0.1,0,0,0,0,0,0,0,M,0,0,0,0,0,0,0,0,0,0,0,0,1,0,0,0,0,0
US1COBO0150,"LONGMONT 2.0 SSW","BOULDER",CO,4996,40.14,-105.12,0.1,M,0,2.5,0,0,0,0,0,0,0,0,0,0,0,0,0,0,M,M,0,0,0,0,M,T,0,0,0,0,0
US1COBO0143,"LONGMONT 2.1 N","BOULDER",CO,5048,40.2,-105.11,T,T,0,2,T,0,0,0,0,0,0,0,0,0,0,0,0,0,0,0,0,0,0,0,0,0.6,0,0,0,0,0
US1COBO0261,"LONGMONT 2.3 WNW","BOULDER",CO,5034,40.18,-105.15,0.2,0,0,2.5,0,0,0,0,0,0,0,M,M,M,M,0,0,0,M,M,0,0,0,0,M,M,0,0,0,0,0
US1COBO0252,"LONGMONT 2.6 NE","BOULDER",CO,5024,40.2,-105.08,T,M,0,2.4,0,0,0,0,0,0,0,0,0,0,0,0,0,0,M,M,M,0,M,0,M,0.2,0,0,0,0,0
US1COBO0084,"LONGMONT 2.6 NW","BOULDER",CO,5068,40.2,-105.13,T,0,0,2.2,0,0,0,0,0,0,0,0,0,0,0,0,0,0,0,0,0,0,0,0,T,T,0,0,0,0,0
US1COBO0292,"LONGMONT 2.7 SW","BOULDER",CO,5022,40.15,-105.15,T,0,M,2.3,M,M,M,M,M,M,M,M,M,M,M,M,M,M,0,M,M,M,M,M,M,M,0,M,M,M,M
US1COBO0305,"LONGMONT 3.4 SW","BOULDER",CO,5068,40.14,-105.16,0.2,0,M,2,M,M,M,M,M,M,0,0,0,0,0,0,0,0,M,0,0,0,0,0,M,M,0,0,0,0,0
US1COBO0331,"LONGMONT 3.8 WSW","BOULDER",CO,5066,40.14,-105.17,M,M,0,2,0,M,M,M,M,0,0,0,0,0,0,0,0,0,M,0,0,0,0,0,M,M,0,M,0,0,0
US1COWE0311,"LONGMONT 4.6 NE","WELD",CO,5096,40.21,-105.04,T,T,0,1.8,0,0,0,0,0,0,0,0,0,0,0,0,0,0,0,0,0,0,0,0,0.6,0,0,0,0,0,0
US1COWE0302,"LONGMONT 5.1 E","WELD",CO,4917,40.17,-105.02,T,0,0,1.8,0,0,0,0,0,0,0,0,0,0,0,M,0,0,M,M,M,M,0,0,M,M,M,0,M,M,0
US1COWE0203,"LONGMONT 8.2 ESE","WELD",CO,4963,40.12,-104.96,T,0,0,2.5,0,0,0,0,0,0,0,0,M,M,0,0,0,0,M,M,0,0,0,M,M,0.5,0,0,0,0,0
US1COBO0366,"LOUISVILLE 1.2 NNW","BOULDER",CO,5540,39.98,-105.15,0,0,M,M,M,M,M,M,M,0,0,0,M,0,0,0,0,0,M,M,M,M,M,M,M,M,M,0,0,0,0
US1COBO0243,"LOUISVILLE 2.6 WSW","BOULDER",CO,5678,39.96,-105.19,M,M,M,0,0,0,0,M,M,M,0,0,0,M,0,0,0,0,M,0,0,M,M,M,M,M,0,0,M,M,M
US1COLR0528,"LOV 1.0 NNW","LARIMER",CO,5055,40.43,-105.09,0,M,0,M,M,0,0,0,0,0,0,0,0,0,0,0,0,0,M,0,0,0,0,M,M,M,0,0,0,0,0
US1COLR0501,"LOV 1.8 NW","LARIMER",CO,5127,40.43,-105.12,0,0,0,3.8,T,0,0,0,0,0,0,0,M,0,0,0,0,0,0,0,0,0,0,M,M,M,0,0,0,M,0
US1COLR0458,"LOV 3.0 SW","LARIMER",CO,5111,40.37,-105.14,0,T,M,2,0,0,0,0,0,0,0,0,M,0,0,0,0,0,M,0,0,0,0,0,0.3,0,0,0,0,0,0
US1COLR0472,"LOV 3.4 S","LARIMER",CO,5084,40.37,-105.1,0,T,0,2.6,T,0,0,0,0,0,0,0,0,0,0,0,0,M,M,M,M,M,M,M,T,M,M,0,0,0,0
US1COLR0500,"LOV 3.8 S","LARIMER",CO,5084,40.37,-105.1,0,T,0,2.6,T,0,0,0,0,0,0,0,0,0,0,0,0,0,M,0,0,0,0,0,M,M,0,0,0,0,0
US1COLR0509,"LOV 4.0 W","LARIMER",CO,5124,40.39,-105.16,T,T,T,4.7,T,0,0,0,0,0,0,0,0,0,0,0,0,0,M,0,0,0,0,0,M,T,0,0,0,0,0
US1COLR0464,"LOV 5.0 S","LARIMER",CO,5140,40.34,-105.09,0,M,0,2.4,0,0,0,0,0,0,0,0,0,0,0,0,0,0,M,0,0,0,0,0,M,M,0,0,0,0,0
US1COLR0493,"LOV 9.0 W","LARIMER",CO,6360,40.41,-105.25,0.3,0.4,M,3.4,T,M,M,M,M,M,M,M,M,M,M,M,M,M,M,M,M,M,M,M,0.4,M,M,M,M,M,M
US1COLR0691,"LOVELAND 1.8 W","LARIMER",CO,5075,40.42,-105.1,0,T,T,3,T,0,0,0,0,0,0,0,0,M,0,0,0,0,M,0,0,0,0,M,T,0,0,0,0,0,0
US1COLR0941,"LOVELAND 1.9 SSE","LARIMER",CO,4964,40.39,-105.06,0,0,0,2.7,0,0,0,0,0,0,0,0,0,0,0,0,0,0,M,0,0,0,0,0,M,M,0,0,0,0,0
US1COLR0662,"LOVELAND 2.0 SSE","LARIMER",CO,4963,40.39,-105.05,T,T,T,2.7,T,0,0,0,0,0,0,0,0,0,0,0,0,0,M,0,0,0,0,0,T,T,0,0,0,0,0
US1COLR0854,"LOVELAND 2.3 NW","LARIMER",CO,5090,40.44,-105.1,T,T,0,3,T,0,0,0,0,0,0,0,M,0,0,0,0,0,M,M,0,0,0,M,M,T,0,0,0,0,0
US1COLR0667,"LOVELAND 2.4 NNW","LARIMER",CO,5094,40.45,-105.09,M,T,0,M,0,M,0,0,0,0,M,0,M,0,0,0,0,0,M,0,0,0,M,0,M,M,0,0,0,0,0
US1COLR0676,"LOVELAND 2.4 NW","LARIMER",CO,5097,40.44,-105.11,T,T,0,3.2,T,0,0,0,0,0,0,0,0,M,0,0,0,0,0,0,0,0,0,M,T,T,0,0,0,0,M
US1COLR0840,"LOVELAND 2.4 SSE","LARIMER",CO,4935,40.39,-105.05,0,T,0,3.1,T,0,0,0,0,0,0,0,0,0,0,0,0,0,0,0,0,0,0,0,0,T,0,0,0,0,0
US1COLR0687,"LOVELAND 2.7 E","LARIMER",CO,4986,40.43,-105.02,0,T,0,3,T,0,0,0,0,0,0,0,M,0,0,0,0,0,M,0,0,0,0,M,M,M,0,0,0,0,0
US1COLR0869,"LOVELAND 2.8 E","LARIMER",CO,4969,40.41,-105.02,M,M,M,2.5,M,M,M,M,M,M,M,M,M,M,M,M,M,M,M,M,M,M,M,M,M,M,M,M,M,M,M
USC00055236,"LOVELAND 2N","LARIMER",CO,5079,40.44,-105.08,T,T,0,3.5,T,0,0,0,0,0,0,0,0,0,0,0,0,0,0,0,0,0,0,0,0,T,0,0,0,0,0
US1COLR0104,"LOVELAND 3.0 NNE","LARIMER",CO,4983,40.44,-105.06,T,T,0,2.7,T,0,0,0,0,0,0,0,0,0,0,0,0,0,0,0,0,0,0,0,T,T,0,0,M,0,0
US1COLR0812,"LOVELAND 3.1 WNW","LARIMER",CO,5184,40.43,-105.13,0,T,0,3.8,T,0,0,0,0,0,0,0,0,0,0,0,0,0,0,0,0,0,0,M,T,0,0,0,0,0,0
US1COLR0530,"LOVELAND 3.4 NNE","LARIMER",CO,5035,40.46,-105.06,T,0,0,M,T,0,0,0,0,0,0,0,M,0,0,0,0,0,0,0,0,0,0,0,T,M,0,M,0,0,0
US1COLR0923,"LOVELAND 3.8 SW","LARIMER",CO,5064,40.38,-105.12,M,M,0,3,T,M,M,M,0,0,0,0,0,M,M,0,0,0,0,M,M,M,M,M,M,M,0,0,0,0,0
US1COLR0495,"LOVELAND 4.3 SW","LARIMER",CO,5079,40.38,-105.14,M,T,M,2.9,0,0,M,M,0,0,0,0,0,0,0,0,0,0,M,0,0,0,0,0,0,M,0,0,0,0,M
US1COLR1052,"LOVELAND 4.7 SW","LARIMER",CO,5106,40.38,-105.14,M,M,M,M,M,M,M,M,M,0,0,M,M,M,M,M,M,M,M,M,M,M,M,M,M,M,M,M,M,M,M
US1COLR0799,"LOVELAND 5.0 SW","LARIMER",CO,5143,40.38,-105.15,T,0,0,3.3,0,0,0,0,0,0,0,0,0,0,0,0,0,0,M,M,M,M,M,0,M,M,0,0,0,0,0
US1COLR0954,"LOVELAND 5.3 W","LARIMER",CO,5125,40.42,-105.17,0,T,T,3.5,M,M,M,M,0,0,0,0,M,0,0,0,0,0,0,0,0,0,0,0,M,M,0,0,0,0,0
US1COLR0843,"LOVELAND 5.3 WSW","LARIMER",CO,5156,40.39,-105.16,0,0.2,0,3.6,M,M,0,0,0,0,0,0,0,0,0,0,0,0,M,0,0,0,0,0,M,M,0,0,0,0,0
US1COLR0519,"LOVELAND 7 SE","LARIMER",CO,4956,40.37,-104.97,0,0,0,M,0,0,0,0,0,0,0,0,M,M,0,0,0,0,0,0,0,0,0,0,M,M,0,0,0,0,0
US1COBO0146,"LYONS 0.3 NNE","BOULDER",CO,5398,40.23,-105.27,0.2,0.1,0,2.1,T,0,0,0,0,0,0,0,M,0,0,0,0,0,M,0,0,0,0,0,M,T,0,0,0,0,0
US1COBO0137,"LYONS 1.8 N","BOULDER",CO,6478,40.25,-105.26,M,M,M,2.5,0,0,0,0,0,0,0,0,0,0,0,0,0,0,M,M,0,0,0,0,0.3,1.5,0,0,0,0,0
US1COLR0050,"LYONS 4.8 N","LARIMER",CO,5616,40.29,-105.27,0.2,0.2,0,3.5,M,M,M,M,M,M,M,M,0,0,0,0,0,0,0,0,0,0,0,0,0.2,T,0,0,0,0,0
US1COLR1028,"LYONS 6.2 NW","LARIMER",CO,6475,40.28,-105.35,0.5,1,M,4,0.5,M,M,M,M,M,M,M,M,M,M,M,M,M,M,M,M,M,M,M,T,M,M,M,M,M,M
US1COLR0735,"LYONS 6.4 NW","LARIMER",CO,6665,40.28,-105.36,0.5,0.5,2.5,2,0.3,0,M,M,0,0,0,0,0,0,0,0,0,0,M,M,0,0,M,M,0.5,1.2,0,0,0,0,M
US1COME0024,"MACK 5 NW","MESA",CO,4619,39.26,-108.93,M,M,M,0,0,0,0,0,0,0,0,0,0,0,0,0,0,0,0,0,0,0,0,0,0,0,0,0,0,0,0
USC00055322,"MANASSA","CONEJOS",CO,7693,37.17,-105.94,1,0,0,0,0,0,0,0,0,0,0,0,0,0,0,0,0,0,0,0,0,0,0,0,0,0,0,0,0,0,0
US1COMZ0033,"MANCOS 11 NNE","MONTEZUMA",CO,8948,37.5,-108.24,M,M,M,M,M,M,M,0,0,M,M,M,M,M,M,M,M,M,M,M,M,M,M,M,M,M,M,M,M,M,M
USC00055327,"MANCOS 1SW","MONTEZUMA",CO,6895,37.33,-108.32,0.5,T,0.5,0,0,0,0,0,0,0,0,0,0,0,0,0,0,0,0,0,0,0,0,0,0,0,0,0,0,0,0
US1COMZ0013,"MANCOS 3.8 WNW","MONTEZUMA",CO,7048,37.38,-108.35,0.7,T,1.5,0.5,0,0,0,0,0,0,0,0,M,0,0,0,0,0,0,0,0,0,0,0,0,M,0,0,0,0,0
US1COEP0175,"MANITOU SPRINGS 1.2 ESE","ELPASO",CO,6389,38.85,-104.89,0,0.6,0,2,1.8,0,0,0,0,0,0,0,0,0,0,0,0,0,0,0,0,0,0,0,0,2,0,0,0,0,0
US1COGN0050,"MARBLE 0.5 NNW","GUNNISON",CO,8413,39.08,-107.19,M,M,M,M,0,0,0,0,0,0,0,0,0,0,0,0,0,0,M,0,0,0,0,M,M,0,0,0,0,0,0
USC00055402,"MARSTON FILTER PLANT","DENVER",CO,5608,39.62,-105.07,0,0,0,1,0,0,0,0,0,0,0,0,0,0,0,0,0,0,0,0,0,0,0,0,0,0,0,0,0,0,0
US1COLR0061,"MASONVILLE 3.4 NW","LARIMER",CO,5798,40.52,-105.26,M,M,M,M,M,0,0,0,0,0,0,0,M,M,0,0,0,0,M,M,0,0,0,M,M,T,0,0,0,0,0
USC00055420,"MASSADONA","MOFFAT",CO,5796,40.25,-108.64,1.5,2,1.6,0,0,0,0,0,0,0,0,0,0,0,0,0,0,0,0,0,0,0,0,0,0,0,0,0,0,0,0
US1COEL0078,"MATHESON 8.0 E","ELBERT",CO,5846,39.17,-103.83,M,M,1.1,1.7,0,0,M,0,0,0,0,0,0,0,M,M,M,M,M,M,M,M,0,0,0,M,M,M,M,M,M
USC00055446,"MAYBELL","MOFFAT",CO,5942,40.52,-108.09,T,2.1,2.1,0,0,0,0,0,0,0,0,0,0,0,0,0,0,0,0,0,0,0,0,0,0,0,0,0,0,0,0
US1COCF0020,"MAYSVILLE 2.2 NE","CHAFFEE",CO,8423,38.54,-106.19,1.4,0.7,1.3,0.2,2.2,0,0,0,0,0,0,0,T,T,0,0,0,0,0,1,0,0,0,0.4,T,T,0,0,0,0,0
USC00055484,"MEEKER","RIOBLANCO",CO,6227,40.04,-107.91,1.6,M,T,2.4,0,0,0,0,0,0,0,0,0,0,0,0,0,0,0,0,0,0,0,M,2.5,0,0,0,0,0,0
USC00055531,"MESA VERDE NP","MONTEZUMA",CO,7140,37.2,-108.49,3.5,T,T,0.5,0,0,0,0,0,0,0,0,0,0,0,0,0,0,0,0,0,0,0,0,0,0,0,0,0,0,0
US1COWE0374,"MILLIKEN 1.3 WSW","WELD",CO,4841,40.31,-104.87,M,M,0,2.7,M,M,M,M,M,M,M,M,M,M,M,M,M,M,M,M,M,M,M,M,M,M,M,M,M,M,M
US1COWE0446,"MILLIKEN 2.7 NNW","WELD",CO,-9999,40.35,-104.87,M,M,M,M,M,M,M,M,M,M,M,M,M,M,M,M,M,M,M,M,0,0,M,M,M,M,M,0,M,M,0
US1COLA0012,"MODEL 7.9 ESE","LASANIMAS",CO,5416,37.34,-104.11,T,0,0,T,2.8,0,0,0,0,M,0,0,0,M,0,0,0,M,M,M,0,0,0,0,0,M,0,0,0,0,0
US1COSA0058,"MOFFAT 1.8 N","SAGUACHE",CO,7585,38.03,-105.9,M,M,M,0,0,0,0,0,0,0,0,0,0,0,0,0,0,0,M,M,0,0,0,M,M,M,M,M,M,M,M
US1CORG0017,"MONTE VISTA 0.7 W","RIOGRANDE",CO,7674,37.58,-106.16,M,M,M,0,0,0,0,0,0,0,0,0,0,0,0,0,0,0,M,M,0,0,0,0,0,0,0,0,0,0,0
US1CORG0023,"MONTE VISTA 0.8 W","RIOGRANDE",CO,7674,37.58,-106.16,0.2,M,M,M,0,0,0,0,0,0,0,0,0,0,0,0,0,0,M,M,0,0,0,0,0,0,0,0,0,0,M
US1CORG0021,"MONTE VISTA 10.8 SW","RIOGRANDE",CO,9028,37.47,-106.29,2,2,3.5,0.1,T,0,0,0,0,0,0,0,0,0,0,0,0,0,0,5.5,0,0,0,0,0,T,0,0,0,0,0
US1CORG0010,"MONTE VISTA 2.4 E","RIOGRANDE",CO,7649,37.58,-106.1,0.2,T,0,0,0,0,0,0,0,0,0,0,0,0,0,0,0,0,M,M,0,0,0,0,0,0,0,0,0,0,0
US1CORG0002,"MONTEVISTA 2.7 SSE","RIOGRANDE",CO,7652,37.55,-106.12,0.4,M,M,0,0,0,0,M,0,0,0,0,0,M,0,0,0,0,M,M,0,0,0,0,0,0,0,0,0,0,0
USC00055706,"MONTE VISTA 2W","RIOGRANDE",CO,7693,37.58,-106.19,M,M,M,M,0,0,0,0,0,0,0,0,0,0,0,0,0,0,0,0,0,0,0,0,0,T,0,0,0,0,0
US1COMT0042,"MONTROSE 10.1 S","MONTROSE",CO,6794,38.34,-107.85,4,M,M,2.5,0,0,0,0,0,0,0,0,0,0,0,0,0,0,M,0,0,0,0,0,M,M,0,0,0,0,0
US1COMT0005,"MONTROSE 1.2 ESE","MONTROSE",CO,5829,38.47,-107.86,1.6,0,0,2.5,0,0,0,0,0,0,0,0,0,0,0,0,0,0,0,0,0,0,0,0,0,0,M,0,0,0,0
US1COMT0013,"MONTROSE 1.2 WSW","MONTROSE",CO,5886,38.47,-107.89,1.6,M,M,2.5,0,0,0,0,0,0,0,0,0,0,0,0,0,M,M,0,0,0,0,0,M,0,0,0,0,0,0
US1COMT0036,"MONTROSE 1.6 E","MONTROSE",CO,5917,38.48,-107.84,1.7,0.5,0,2.6,0,0,0,0,0,0,0,0,0,0,0,0,0,0,0,0,0,0,0,T,0,0,0,0,0,0,0
US1COMT0043,"MONTROSE 1.9 ESE","MONTROSE",CO,5950,38.47,-107.84,1,T,0,M,M,M,M,M,M,M,M,M,M,M,M,M,M,M,M,M,M,M,M,M,M,M,M,M,M,M,M
US1COMT0027,"MONTROSE 2.0 E","MONTROSE",CO,5962,38.48,-107.84,1.6,T,T,2,M,0,0,0,0,0,0,0,0,0,M,0,0,0,M,M,0,M,0,0,M,M,0,0,0,0,0
US1COMT0028,"MONTROSE 2.0 SSE","MONTROSE",CO,5886,38.45,-107.86,0.5,M,M,2,M,M,M,M,M,M,M,M,M,M,M,M,M,M,M,M,M,M,M,M,M,M,M,M,M,M,M
US1COMT0041,"MONTROSE 2.3 ENE","MONTROSE",CO,6015,38.5,-107.83,1,M,M,2.5,M,0,M,0,0,0,0,0,0,0,M,0,0,M,M,0,M,0,0,0,M,0,0,M,0,0,0
US1COMT0015,"MONTROSE 2.9 ESE","MONTROSE",CO,6041,38.46,-107.82,1,M,0,2.5,0,0,0,0,0,0,0,0,0,0,0,0,0,M,M,0,0,0,0,0,0,0,0,0,0,0,0
US1COMT0006,"MONTROSE 3.9 WNW","MONTROSE",CO,5807,38.49,-107.95,M,M,M,M,0,0,M,0,0,0,M,0,0,M,0,0,0,M,M,0,0,0,0,0,0,M,0,0,0,0,0
US1COMT0009,"MONTROSE 4.0 NW","MONTROSE",CO,5728,38.53,-107.92,0.7,T,0,1.6,0,0,0,0,0,0,0,0,0,0,0,0,0,0,M,M,0,0,0,0,0,0,0,0,0,0,0
US1COMT0034,"MONTROSE 5.6 SW","MONTROSE",CO,6390,38.42,-107.94,1.5,M,M,2.4,0,0,0,0,0,0,0,0,0,0,0,0,0,0,M,M,0,0,0,M,0,M,0,M,M,0,0
US1COMT0024,"MONTROSE 7.2 SSE","MONTROSE",CO,6143,38.38,-107.82,2.2,M,M,3.5,M,M,M,M,M,M,M,M,M,M,M,M,M,M,M,M,M,M,M,M,M,M,M,M,M,M,M
US1COMT0031,"MONTROSE 7.3 ENE","MONTROSE",CO,6912,38.52,-107.75,2.8,0.6,0.5,3.3,T,0,0,0,0,0,0,0,0,0,0,0,0,0,0,0,0,0,0,0,0,T,0,0,0,0,0
US1COMT0045,"MONTROSE 8.1 WNW","MONTROSE",CO,5769,38.52,-108.01,1,M,M,1,0,0,M,0,0,0,0,0,0,0,0,0,0,0,M,0,0,M,0,0,0,0,0,0,0,M,0
USC00055722,"MONTROSE NO 2","MONTROSE",CO,5788,38.49,-107.88,1.2,0,0,1.7,0,0,0,0,0,0,0,0,0,0,0,0,0,0,0,0,0,0,0,0,0,0,0,0,0,0,0
US1COEP0311,"MONUMENT 1.4 NE","ELPASO",CO,7236,39.08,-104.84,T,0.5,0,2.2,0.5,0,0,0,0,0,0,0,0,M,0,0,M,M,1,0.5,0,0,0,0.3,T,4,0,0,0,0,0
US1COEP0017,"MONUMENT 2.1 ENE","ELPASO",CO,7239,39.1,-104.83,T,1.7,0,2.3,0.4,0,0,0,0,0,0,0,0,0,0,0,0,0,1.1,T,0,0,0,0.6,0,3.7,0,0,0,0,0
US1COEP0055,"MONUMENT 2.9 N","ELPASO",CO,7262,39.11,-104.86,0.5,0.7,0,2.1,0.7,0,0,0,0,0,0,0,0,0,0,0,M,M,2,2.5,0,0,0,0.5,T,4.3,0,0,0,0,0
US1COEP0265,"MONUMENT 3.8 NE","ELPASO",CO,7380,39.11,-104.81,M,M,M,1.8,0.5,0,0,0,0,0,0,0,0,0,0,0,0,M,2.9,0,0,0,0,T,0,2.2,0,0,0,0,M
USC00055733,"MONUMENT 3S","ELPASO",CO,6819,39.06,-104.87,M,M,0,1.5,0,0,0,0,0,0,0,0,0,0,0,0,0,0,M,M,0,0,0,M,0,M,0,0,0,0,0
US1COEP0235,"MONUMENT 6.6 ENE","ELPASO",CO,7380,39.12,-104.75,T,T,0,2.7,0.3,M,M,M,M,M,M,0,0,0,0,0,0,0,2.5,T,0,0,0,T,0,3.8,0,0,0,0,0
US1COJF0144,"MORRISON 2.9 ESE","JEFFERSON",CO,5708,39.63,-105.14,M,M,M,M,M,M,M,M,M,M,M,M,M,M,M,M,M,M,M,M,M,M,M,M,2.6,M,0,M,M,M,M
US1COAM0033,"MOSCA 17.6 E","ALAMOSA",CO,8341,37.64,-105.56,M,M,0,0,0,0,0,0,0,0,0,0,0,0,0,0,0,0,M,0,0,0,0,0,0,0,0,0,0,0,0
US1COCF0043,"NATHROP 2.1 SW","CHAFFEE",CO,7973,38.71,-106.11,M,M,M,M,M,M,M,M,M,M,M,M,M,M,M,M,M,M,M,M,M,M,M,M,M,M,0,0,M,M,M
US1COCF0019,"NATHROP 3.3 WSW","CHAFFEE",CO,8134,38.73,-106.13,M,M,0.3,T,0,M,0,0,M,M,M,M,M,M,M,M,M,M,M,M,M,M,M,M,M,T,0,M,M,M,M
US1COBO0322,"NEDERLAND 0.4 WNW","BOULDER",CO,8038,39.97,-105.51,1,0.2,0.5,2.2,T,0,0,0,0,0,0,0,2.5,0,0,0,0,0,0.4,0.5,0,0,0,2.1,0.5,T,0,0,0,0,0
US1COBO0075,"NEDERLAND 2.61 NNE","BOULDER",CO,8338,39.99,-105.48,M,M,M,M,M,0,0,0,M,0,0,0,1.5,0,0,0,0,0,T,0.5,0,0,0,1.5,0.5,0.3,M,0,0,0,0
US1COBO0355,"NEDERLAND 2.8 NE","BOULDER",CO,8264,39.99,-105.47,0.9,0.2,0.2,M,M,0,0,0,0,0,0,0,1.4,0,0,0,M,0,M,1.3,0,0,0,1.5,0.6,0.4,0,0,M,0,0
US1COBO0296,"NEDERLAND 3.7 ENE","BOULDER",CO,8172,39.99,-105.44,M,M,M,M,M,M,M,M,M,M,0,0,1.4,0.8,0,0,M,M,0.4,1.4,0,M,M,2,0.5,M,M,0,0,0,0
US1COBO0233,"NEDERLAND 4.2 E","BOULDER",CO,8276,39.97,-105.43,0.7,T,T,3,0.6,0,0,0,0,0,0,0,2,T,0,0,0,0,0.7,0.6,0,0,0,1.3,0.7,1.9,0,0,0,0,0
US1COBO0110,"NEDERLAND 4.3 ENE","BOULDER",CO,8420,39.98,-105.43,M,0,0.2,2.8,0.5,0,0,0,0,0,0,0,1,T,0,0,0,0,0.4,0.5,0,0,0,1.1,0.7,2,0,0,0,0,0
US1COBO0092,"NEDERLAND .47 ESE","BOULDER",CO,8335,39.96,-105.5,1,0.1,0.7,2.8,T,0,0,0,0,0,0,0,2.7,0.9,0,0,0,0,0.6,M,0,0,0,2.1,0.6,1.6,0,0,0,0,0
US1COBO0057,"NEDERLAND 5.8 E","BOULDER",CO,7878,39.97,-105.4,0.4,T,0.3,1.2,0.3,0,0,M,0,0,0,0,0.5,0,0,0,0,0,0.5,0.3,0,0,0,0.8,0.5,1.5,M,M,M,M,M
US1COBO0034,"NEDERLAND .5 WNW","BOULDER",CO,8331,39.96,-105.52,M,M,M,2.9,M,0,0,0,M,M,M,M,M,M,M,M,M,0,M,M,M,M,M,3,0.7,M,0,0,0,M,M
USC00055934,"NEW RAYMER 21 N","WELD",CO,5179,40.93,-103.87,0,0,T,0.8,0,0,0,0,0,0,0,0,0,0,0,0,0,0,0,T,0,0,0,0,0,T,0,0,0,0,0
US1COWE0455,"NEW RAYMER 3.3 WSW","WELD",CO,4792,40.61,-103.84,0,0,0,0,0,0,0,0,0,0,0,0,0,0,0,0,0,0,0,0,0,0,0,0,0,0,0,0,0,0,0
US1COWE0457,"NEW RAYMER 3.4 WSW","WELD",CO,4787,40.61,-103.84,0,0,0,1.8,0,0,0,0,0,0,0,0,0,0,0,0,0,0,M,0,0,0,0,M,M,0,0,0,0,0,0
US1COWE0394,"NEW RAYMER 9.4 W","WELD",CO,4921,40.61,-103.96,0,0,0,0,0,0,M,0,M,0,0,0,0,0,0,0,0,M,M,0,M,M,0,0,M,M,M,0,0,0,0
US1COBO0338,"NIWOT 0.7 NNW","BOULDER",CO,5077,40.1,-105.16,0.3,0,0,2.5,0,0,0,0,0,0,0,0,0,0,0,0,0,0,0,0,0,0,0,0,0,0,0,0,0,0,0
US1COBO0306,"NIWOT 0.9 NE","BOULDER",CO,5140,40.1,-105.14,M,M,M,2,M,M,M,M,M,0,0,0,0,M,M,M,0,M,M,M,M,M,M,0,M,0,M,M,M,M,0
US1COBO0248,"NIWOT 2.3 W","BOULDER",CO,5160,40.1,-105.2,0.3,0,0,2.6,0.2,0,0,0,0,0,0,0,0,0,0,0,0,0,0,0,0,0,0,0,0,0.7,0,0,0,0,0
USC00055970,"NORTHDALE","DOLORES",CO,6679,37.81,-109.01,M,M,M,M,M,M,0,0,0,0,0,0,0,0,0,0,0,0,0,0,0,0,0,0,0,0,0,0,0,0,0
USC00055984,"NORTHGLENN","ADAMS",CO,5406,39.9,-105.01,0,0,0,1.2,0.1,0,0,0,0,0,0,0,0,0,0,0,0,0,0,0,0,0,0,0,0,0,0,0,0,0,0
US1COAD0176,"NORTHGLENN 0.4 WSW","ADAMS",CO,5424,39.9,-104.99,0,0,0,2.5,M,0,M,0,0,0,0,0,M,M,0,0,0,0,M,M,0,0,0,0,0,0.5,M,0,M,0,0
US1COAD0098,"NORTHGLENN 0.9 SW","ADAMS",CO,5449,39.9,-104.99,0,0,0,2.3,0.1,0,0,0,0,0,0,0,0,0,0,0,0,0,0,0,0,0,0,0,0,0.5,0,0,0,0,0
US1COAD0051,"NORTHGLENN 3.8 NNE","ADAMS",CO,5281,39.94,-104.96,0,0,0,2,0.5,0,0,0,0,0,0,0,0,0,0,0,0,0,M,M,M,M,M,M,M,M,M,M,M,M,M
US1COAD0050,"NORTHGLENN 4.6 NNE","ADAMS",CO,5291,39.94,-104.95,M,M,M,M,M,M,M,M,M,M,M,M,M,M,M,M,M,M,M,M,M,M,M,M,M,M,M,M,M,0,0
US1COSM0007,"NORWOOD 1.4 W","SANMIGUEL",CO,7088,38.13,-108.32,M,M,M,M,M,M,M,M,M,M,M,M,M,M,0,0,0,0,M,0,0,0,M,0,M,M,0,M,0,0,0
US1COWE0345,"NUNN 1.2 ENE","WELD",CO,5201,40.71,-104.76,T,0,0,1,0,0,0,0,0,0,0,0,0,0,0,0,0,0,0,0,0,0,0,0,0,0,0,0,0,0,M
US1COWE0409,"NUNN 6.5 NE","WELD",CO,5217,40.77,-104.69,T,0,0,0.7,T,0,0,0,0,0,0,0,0,0,0,0,0,0,0,0,0,0,0,0,0,T,0,0,0,0,0
US1CORT0037,"OAK CREEK 0.3 WSW","ROUTT",CO,7439,40.27,-106.96,M,M,M,M,0,0,0,0,0,0,0,0,M,0,0,0,0,0,0,0,0,0,0,3,4.1,0,0,0,0,0,0
US1CORT0033,"OAK CREEK 5.5 E","ROUTT",CO,7332,40.26,-106.85,M,2.2,1.5,2,T,0,0,0,0,0,0,0,0,0,0,0,0,0,0,0,0,0,0,4,4.3,0,0,0,0,0,0
US1COMT0025,"OLATHE 3.2 NNE","MONTROSE",CO,5279,38.65,-107.97,0,M,M,T,0,0,M,0,0,0,0,0,0,0,0,0,0,0,M,0,0,0,0,M,0,0,0,0,0,0,0
US1COCR0011,"OLNEY SPRINGS 4.6 WNW","CROWLEY",CO,4638,38.19,-104.02,0,0,0,M,0,0,0,0,0,0,0,0,0,0,0,0,0,0,M,M,0,0,0,0,0,M,0,0,0,0,0
USC00056136,"ORDWAY 21 N","LINCOLN",CO,4766,38.53,-103.71,0,0,0,1,T,0,0,0,0,0,0,0,0,0,0,0,0,0,0,0,0,0,0,0,0,0,0,0,0,0,0
USC00056131,"ORDWAY 4 W","CROWLEY",CO,4349,38.21,-103.82,0,T,0,M,0,0,0,0,0,0,0,0,0,0,0,0,0,0,M,M,0,0,0,0,0,M,0,0,0,0,0
USC00056205,"OURAY NO. 2","OURAY",CO,7716,38.03,-107.67,4.6,2.4,1,5.9,2.1,0,0,0,0,0,0,0,0,0,0,0,0,0,0,T,0,0,0,0,0.8,0,0,0,0,0,0
US1COAU0027,"PAGOSA SPRINGS 0.9 S","ARCHULETA",CO,7100,37.26,-107.02,M,M,M,M,M,M,M,M,M,0,0,0,0,M,M,M,M,M,M,M,M,M,M,M,M,M,M,M,M,M,M
US1COAU0026,"PAGOSA SPRINGS 1.6 SSW","ARCHULETA",CO,7399,37.25,-107.03,M,M,M,M,M,M,M,M,M,M,M,M,M,M,M,M,M,0,0,M,M,0,0,0,0,0,0,0,0,0,0
US1COAU0028,"PAGOSA SPRINGS 2.5 W","ARCHULETA",CO,7556,37.27,-107.06,5.5,M,0.2,1.2,M,M,M,M,M,M,M,M,M,M,M,M,M,M,M,0,M,M,M,M,M,M,M,M,M,M,M
US1COAU0019,"PAGOSA SPRINGS 4.2 W","ARCHULETA",CO,7653,37.28,-107.09,5.5,M,M,M,M,0,0,0,0,0,0,0,0,M,0,0,0,M,0,M,0,0,0,0,0,0,0,0,0,0,0
USC00056263,"PAGOSA SPRINGS 6 WNW","ARCHULETA",CO,7774,37.31,-107.12,6.8,0.5,0,0,0,0,0,0,M,0,0,0,0,0,0,0,0,0,0,T,0,0,0,0,0,0,0,0,0,0,0
US1COMN0001,"PAGOSA SPRINGS 9.1 NNW","MINERAL",CO,8869,37.4,-107.06,7.2,0.8,1.4,M,M,0,M,M,M,M,M,M,0,T,M,M,M,30.5,M,M,M,M,M,M,M,M,M,M,M,0,M
USC00056266,"PALISADE","MESA",CO,4750,39.11,-108.35,0,0,0,1,0,0,0,0,0,0,0,0,0,0,0,0,0,0,0,0,0,0,0,0,0,0,0,M,M,M,0
US1COME0124,"PALISADE 1.4 SE","MESA",CO,4940,39.09,-108.34,0,0,0,2,0,0,M,M,M,0,0,0,0,0,0,0,0,0,0,0,0,0,0,M,M,M,0,0,0,0,0
US1COME0106,"PALISADE 3.3 ENE","MESA",CO,5141,39.13,-108.31,0,M,M,M,0,0,0,0,0,0,0,0,0,0,0,0,0,0,M,0,0,0,0,M,0,M,0,0,0,0,0
US1CODL0030,"PAONIA 1.3 NNW","DELTA",CO,5960,38.89,-107.6,1,0,M,0,0,0,0,0,0,0,0,0,0,0,0,0,0,0,0,0,0,0,M,0,M,M,M,M,M,M,M
USC00056306,"PAONIA 1SW","DELTA",CO,5580,38.85,-107.62,0,0,0,2,0,0,0,0,0,0,0,0,0,0,0,0,0,0,0,0,0,0,0,0,0,0,0,0,0,0,0
US1CODL0025,"PAONIA 2.1 SSE","DELTA",CO,6099,38.84,-107.57,1.8,T,M,1.3,0,0,0,0,0,0,0,0,0,M,0,0,0,0,M,0,0,0,0,M,0,M,0,0,0,0,0
US1COMT0040,"PARADOX 0.8 W","MONTROSE",CO,5305,38.37,-108.96,M,M,M,M,0,0,0,0,0,0,0,0,0,0,0,0,0,0,0,0,0,0,0,0,0,0,0,0,0,0,0
USC00056320,"PARADOX 2N","MONTROSE",CO,5445,38.39,-108.95,0.5,0,0,0,0,0,0,0,0,0,0,0,0,0,0,0,0,0,0,0,0,0,0,0,0,0,0,0,0,0,0
US1CODG0082,"PARKER 1.6 E","DOUGLAS",CO,6075,39.52,-104.73,0,0,0,M,0,0,0,0,0,0,M,M,M,M,M,M,M,M,M,M,M,M,M,M,M,M,M,M,M,M,M
US1CODG0158,"PARKER 2.0 WSW","DOUGLAS",CO,6023,39.5,-104.8,0,0,0,M,0,0,0,0,0,0,0,0,0,0,0,0,0,M,M,M,M,M,0,0,0,M,0,0,0,0,0
US1CODG0196,"PARKER 2.1 E","DOUGLAS",CO,6192,39.5,-104.73,0,0,0,1.8,0,0,0,0,0,0,0,0,0,0,0,0,0,0,T,0.2,0,0,0,0,T,2.5,0,0,0,0,0
US1CODG0146,"PARKER 2.1 WNW","DOUGLAS",CO,5922,39.52,-104.8,T,T,0,1.7,0,0,0,0,0,0,M,0,M,M,M,M,M,M,T,M,M,M,M,M,T,2.1,M,M,M,M,0
US1CODG0042,"PARKER 2.5 NE","DOUGLAS",CO,6140,39.54,-104.73,0,0,0,0,M,0,0,0,0,0,0,0,0,0,0,0,0,0,M,0,0,0,0,0,M,M,0,0,0,0,0
US1CODG0079,"PARKER 3.6 ESE","DOUGLAS",CO,6221,39.5,-104.7,0,0,0,1.6,0,0,0,0,0,0,0,0,0,0,0,0,0,0,T,0.6,0,0,0,0,0,1,0,0,0,0,M
US1CODG0056,"PARKER 4.4 NE","DOUGLAS",CO,6172,39.56,-104.7,0,0,0,2.6,0,0,0,0,0,0,0,0,0,0,0,0,0,0,M,M,0,0,0,0,T,M,M,0,M,M,M
US1CODG0149,"PARKER 5.2 SE","DOUGLAS",CO,6440,39.45,-104.7,0,0,0,M,0,0,0,0,0,0,0,0,0,0,0,0,0,0,M,M,0,0,0,0,0,M,0,0,0,0,0
US1COGN0039,"PARLIN 2.7 ESE","GUNNISON",CO,8002,38.48,-106.67,2,2,0.5,T,0,0,0,0,0,0,0,0,0,0,0,0,0,0,M,0,0,0,0,T,T,T,0,0,0,0,0
US1COGR0052,"PARSHALL 3.0 NNW","GRAND",CO,7891,40.09,-106.2,0.6,2.5,1,0.8,T,0,0,0,0,0,0,0,T,T,0,0,0,0,T,0,0,0,0,0.7,0.5,0.2,0,0,0,0,0
US1COFM0001,"PENROSE 1.2 ESE","FREMONT",CO,5324,38.42,-105,0,0.2,0,1.5,0.1,0,0,0,0,0,0,0,0,M,0,0,0,0,M,M,0,0,M,0,0,0,0,M,0,0,0
US1COFM0008,"PENROSE 1.7 WNW","FREMONT",CO,5432,38.44,-105.04,0,0.2,0,2,T,0,0,0,0,0,0,0,0,M,0,0,0,M,M,M,M,M,M,M,M,M,M,M,M,M,M
US1COFM0050,"PENROSE 2.3 NNW","FREMONT",CO,5608,38.46,-105.03,0,0.6,0,2.7,0,0,0,0,0,0,0,0,0,0,0,0,M,M,M,M,0,0,0,0,0,1.1,0,0,0,M,M
US1COEP0256,"PEYTON 8.3 SW","ELPASO",CO,6947,38.95,-104.6,0,0.4,0,1,2.8,0,0,0,0,0,0,0,0,0,0,0,0,M,M,M,0,0,0,M,0,0.4,0,0,0,M,0
US1COJF0360,"PINE 1.3 ENE","JEFFERSON",CO,7277,39.43,-105.31,T,0,T,1,T,0,0,0,0,0,0,M,M,M,0,0,0,0,M,M,0,0,0,M,0,0.5,0,0,0,0,0
US1COJF0216,"PINE 3.4 NNW","JEFFERSON",CO,8080,39.46,-105.36,0.2,0,0,1.3,0.1,0,0,0,0,M,0,0,0.2,T,0,0,0,0,T,T,0,0,M,0.2,T,T,0,0,0,0,0
US1COPK0100,"PINE 6.8 NNW","PARK",CO,8344,39.5,-105.4,M,M,M,M,T,M,M,M,M,M,M,M,0.2,T,M,M,M,M,M,M,M,M,M,0.2,M,M,M,M,M,M,M
US1COBO0378,"PINECLIFFE 2.5 WNW","BOULDER",CO,8508,39.94,-105.47,0.6,0,T,2,T,0,0,0,M,0,0,0,2.8,M,0,0,0,M,T,M,0,M,0,1.8,0.2,1,M,M,M,M,0
US1COGN0059,"PITKIN 1.1 SW","GUNNISON",CO,9137,38.6,-106.53,4.5,2.5,M,M,M,0,0,0,0,0,0,M,M,M,M,0,0,M,M,0.5,0,M,M,1,1,1.3,0,0,M,0,M
USC00056520,"PLACERVILLE","SANMIGUEL",CO,7381,38.02,-108.05,1,0,1.9,3,0,0,0,0,0,0,0,0,0,0,0,0,0,0,0,0,0,0,0,0,0,0,0,0,0,0,0
US1COGN0058,"POWDERHORN 4.4 NNE","GUNNISON",CO,9063,38.34,-107.09,2,1,M,M,0,0,0,0,0,0,0,0,0,0,0,0,0,0,0,0,0,0,0,0.2,0.6,M,0,0,0,0,0
US1COPU0082,"PUEBLO 0.1 NW","PUEBLO",CO,4795,38.3,-104.62,0,T,0,2.4,0.6,0,0,0,0,0,0,0,0,M,0,0,0,M,M,M,0,0,0,0,0,M,0,0,0,0,0
US1COPU0060,"PUEBLO 1.1 ENE","PUEBLO",CO,4664,38.27,-104.61,M,M,M,M,M,M,M,M,M,M,M,M,M,M,M,M,M,M,M,M,0,0,0,0,0,M,0,0,0,0,0
US1COPU0078,"PUEBLO 13.0 SSW","PUEBLO",CO,5358,38.08,-104.71,0,M,0,0,M,0,0,0,0,0,0,0,0,0,0,0,0,0,M,M,0,0,0,0,0,M,0,0,0,0,0
US1COPU0014,"PUEBLO 17 W","PUEBLO",CO,5695,38.22,-104.94,0,0,0,3.1,0.4,0,0,0,0,0,0,0,0,M,0,0,0,M,M,M,0,0,0,0,0,M,0,0,0,0,0
US1COPU0021,"PUEBLO 1.9 E","PUEBLO",CO,4861,38.29,-104.58,0,0,T,2.2,T,0,0,0,0,0,0,0,0,0,0,0,0,0,M,M,0,0,0,0,0,M,0,0,0,0,0
US1COPU0089,"PUEBLO 2.3 SE","PUEBLO",CO,4769,38.28,-104.59,0,0,0,1.8,0,0,0,0,0,0,0,0,0,0,0,0,0,0,M,M,0,0,0,0,0,M,0,0,0,0,0
US1COPU0109,"PUEBLO 2.5 SSW","PUEBLO",CO,4755,38.26,-104.63,M,M,M,M,M,M,M,0,0,0,0,0,0,M,0,0,0,M,M,M,0,0,0,0,0,M,0,0,0,0,0
USW00093058,"PUEBLO MEMORIAL AIRPORT","PUEBLO",CO,4728,38.29,-104.51,T,T,T,1.7,0,0,0,0,0,0,0,0,0,0,0,0,0,0,0,0,0,0,0,0,T,0,0,0,0,0,0
USC00056765,"PUEBLO RESERVOIR","PUEBLO",CO,4860,38.26,-104.72,0,0,0,1.5,T,0,0,0,0,0,0,0,0,0,0,0,0,0,0,0,0,0,0,0,0,0,0,0,0,0,0
US1COPU0107,"PUEBLO WEST 1.9 SW","PUEBLO",CO,5112,38.33,-104.75,0,0,0,M,M,M,M,0,0,0,0,0,M,0,0,0,0,0,M,M,M,M,0,0,0,M,0,0,M,0,0
US1COPU0041,"PUEBLO WEST 2.3 WSW","PUEBLO",CO,5094,38.34,-104.76,0,0,0,1.5,0.3,0,0,0,0,0,0,0,0,0,0,0,0,0,M,M,0,0,0,0,0,M,0,0,0,0,0
US1COPU0065,"PUEBLO WEST 3.4 SSW","PUEBLO",CO,5120,38.3,-104.74,0,T,0,1.5,0.6,0,0,0,0,0,0,0,0,0,0,0,0,0,0,0,0,0,0,0,0,T,0,0,0,0,0
US1COPU0094,"PUEBLO WEST 3.8 WSW","PUEBLO",CO,5099,38.33,-104.79,0,0.1,0,1.5,0.5,0,0,0,0,0,0,0,0,0,0,0,0,0,0,0,0,0,0,0,0,T,0,0,0,0,0
US1COPU0080,"PUEBLO WEST 4.9 SW","PUEBLO",CO,4975,38.3,-104.79,0,0,0,M,M,0,0,0,0,0,0,0,0,0,0,0,0,0,M,M,0,0,0,0,0,M,0,0,0,0,0
US1COPU0058,"PUEBLO WEST 5.8 WSW","PUEBLO",CO,5021,38.33,-104.83,M,M,M,M,M,M,M,M,M,M,M,M,M,M,M,M,M,M,M,M,0,0,0,0,0,M,0,0,0,0,0
US1COPU0055,"PUEBLO WEST 6.0 W","PUEBLO",CO,5075,38.33,-104.83,0,M,0,2.3,0.3,0,0,0,0,0,0,0,0,0,0,0,0,0,0,0,0,0,0,0,0,T,0,0,0,0,0
US1COPU0098,"PUEBLO WEST 6.2 WSW","PUEBLO",CO,5029,38.33,-104.83,0,M,0,M,0,0,0,0,0,0,0,0,0,0,0,0,0,M,M,M,0,0,0,0,0,M,0,0,0,0,0
US1COEL0062,"PUNKIN CENTER 7.2 NNW","ELBERT",CO,5463,38.95,-103.76,0,0,0,2,0,M,0,0,0,0,0,0,0,0,0,0,0,0,M,M,0,0,0,0,0,M,0,0,0,0,0
USC00056816,"RALSTON RESERVOIR","JEFFERSON",CO,5898,39.83,-105.24,0,T,0,1,T,0,0,0,0,0,0,0,0,0,0,0,0,0,0,0,0,0,0,0,0,T,0,0,0,0,0
US1COEL0049,"RAMAH 4.2 WNW","ELBERT",CO,6364,39.15,-104.24,M,M,0,5,0,M,M,0,M,M,0,0,0,M,0,0,0,M,M,M,0,0,M,M,0,M,0,M,0,M,0
USC00056832,"RANGELY 1E","RIOBLANCO",CO,5276,40.09,-108.77,0.2,2,T,1,0,0,0,0,0,0,0,0,0,0,0,0,0,0,0,0,0,0,0,0,T,0,0,0,0,0,0
US1COLR0329,"RED FEATHER 5.9 NE","LARIMER",CO,7921,40.86,-105.51,1.8,0.8,1.6,1.5,0.1,0,0,0,0,0,0,0,0,T,0,0,0,0,0,0.8,0,0,0,0.6,1,T,T,0,0,0,0
US1COLR0815,"RED FEATHER LAKES 3.8 ENE","LARIMER",CO,7321,40.82,-105.51,1.3,1.1,1,1,M,0,0,0,0,0,0,0,M,0,0,0,0,0,M,M,0,0,M,M,M,M,0,0,0,0,0
US1COLP0070,"REDMESA 4.2 NW","LAPLATA",CO,6769,37.14,-108.23,1.7,1.2,0.3,0.3,0,0,0,0,0,0,0,0,0,M,0,0,0,0,M,M,M,0,0,0,0,0,0,0,0,0,0
US1COSM0010,"REDVALE 22.8 SW","SANMIGUEL",CO,5923,37.92,-108.68,T,T,M,M,M,M,M,M,M,M,0,0,0,0,0,0,0,0,M,0,0,0,0,0,0,0,0,0,0,0,0
USC00057020,"RIDGWAY","OURAY",CO,7047,38.15,-107.76,1.2,0.3,0.2,1.9,0,0,0,0,0,0,0,0,0,0,0,0,0,0,0,0,0,0,0,0,0,T,0,0,0,0,0
US1COOR0013,"RIDGWAY 3.3 NNW","OURAY",CO,7621,38.2,-107.77,0.5,M,0,2.2,M,0,0,0,0,0,0,0,0,0,0,0,0,M,M,M,0,0,0,0,0.3,0,0,0,0,0,0
US1COOR0015,"RIDGWAY 6.2 NNW","OURAY",CO,7407,38.24,-107.79,0.5,M,0.3,M,0.5,0,M,0,M,M,M,0,0,0,M,M,0,0,M,M,0,0,M,M,T,M,M,M,0,M,M
US1COGF0002,"RIFLE 0.9 NE","GARFIELD",CO,5606,39.55,-107.77,T,1.4,0.2,T,T,0,0,0,0,0,0,0,0,0,0,0,0,0,M,0,0,0,0,M,M,0,0,0,M,0,0
USC00057033,"RIFLE 3ENE","GARFIELD",CO,5468,39.56,-107.73,T,0.5,T,0.2,0,0,0,0,0,0,0,0,0,0,0,0,0,0,0,0,0,0,0,0,0,T,0,0,0,0,0
US1COGF0006,"RIFLE .96 NNW","GARFIELD",CO,5424,39.55,-107.79,0,2,1,0.5,0,0,0,0,0,0,0,0,0,0,0,M,0,M,M,0,0,0,0,M,M,0,0,0,0,0,0
USC00057050,"RIO GRANDE RESERVOIR","HINSDALE",CO,9490,37.72,-107.27,0,4,4,0,0,0,0,0,0,0,0,0,0,0,0,0,0,0,0,0,0,0,0,0,0,0,0,0,0,0,0
US1COBO0219,"RIVERSIDE 2.2 NE","BOULDER",CO,7997,40.19,-105.39,1,0.8,2,2.7,T,0,0,0,0,0,0,0,0.1,0,0,0,0,0,0.5,T,0,0,0,T,1.1,1.1,0,0,0,0,0
US1COLP0066,"ROCKWOOD 6.7 N","LAPLATA",CO,8743,37.6,-107.81,6.5,5.4,6.7,M,M,M,M,0,M,M,M,M,M,M,M,M,M,M,M,M,M,M,M,M,M,M,M,M,M,M,M
US1COLP0079,"ROCKWOOD 6.9 NNW","LAPLATA",CO,8904,37.6,-107.83,7.1,6.1,6.4,1.4,0,0,0,0,0.1,0,0,0,0,0,0,0,0,0,M,M,0,0,0,0,0,0,0,0,0,0,0
US1COOT0037,"ROCKY FORD 0.4 SE","OTERO",CO,419,38.05,-103.72,0,0,0,M,M,0,0,0,0,0,0,0,0,0,0,0,0,0,M,M,0,0,0,0,0,M,0,0,0,0,0
US1COOT0038,"ROCKY FORD 0.5 SSW","OTERO",CO,4226,38.04,-103.73,M,M,M,M,M,M,0,0,M,M,M,M,M,M,M,M,M,M,M,M,M,M,M,M,M,M,M,M,M,M,M
USC00057167,"ROCKY FORD 2 SE","OTERO",CO,4169,38.04,-103.69,0,0,0,1,0,0,0,0,0,0,0,0,0,0,0,0,0,0,0,0,0,0,0,0,0,0,0,0,0,0,0
US1COWE0341,"ROGGEN 4.6 SSE","WELD",CO,4795,40.11,-104.34,0,0,0,2,0,0,0,0,0,0,0,0,0,0,0,0,0,0,M,0,0,0,0,0,M,M,0,0,0,0,0
US1COGL0015,"ROLLINSVILLE 0.1 N","GILPIN",CO,8646,39.92,-105.5,0.6,T,0.4,2.1,T,0,0,0,0,0,0,0,2.8,0.7,0,0,0,0,T,T,0,0,0,1.5,0.5,1.2,0,0,M,M,M
US1COGL0017,"ROLLINSVILLE 1.1 SSW","GILPIN",CO,8795,39.91,-105.51,0.4,M,M,M,0,0,0,0,M,M,M,M,3.3,M,0,M,M,M,M,0.4,0,0,0,M,M,M,M,M,M,M,M
US1COGL0020,"ROLLINSVILLE 2.3 ESE","GILPIN",CO,8738,39.9,-105.46,0.3,T,0.2,1.1,T,M,M,M,M,M,0,M,3.2,T,M,0,M,M,0.1,T,0,0,0,1.8,0.3,1.3,T,0,M,0,M
US1CODG0223,"ROXBOROUGH PARK 0.4 WNW","DOUGLAS",CO,6174,39.44,-105.08,M,M,M,M,M,M,M,M,M,M,M,M,M,M,M,M,M,M,M,M,M,M,M,M,M,M,6,M,M,M,M
US1CODG0159,"ROXBOROUGH PARK 2.0 N","DOUGLAS",CO,5735,39.47,-105.07,0,0,0,2.9,T,0,0,0,0,0,0,0,0,0,0,0,0,0,0,0,0,0,0,0,0,2.5,0,0,0,0,0
USC00057249,"ROXBOROUGH STATE PARK","DOUGLAS",CO,6116,39.43,-105.07,0,0,0,4.4,0,0,0,0,0,0,0,0,0,0,0,0,0,0,T,0,0,0,0,0,T,3.5,0,0,0,0,0
USC00057296,"RUSTIC 9WSW","LARIMER",CO,7695,40.7,-105.71,2.2,6,1,2,0,0,0,0,0,0,0,0,T,0,0,0,0,0,0,T,0,0,0,0.5,1,T,0,0,0,0,0
USC00057309,"RUXTON PARK","ELPASO",CO,9058,38.84,-104.97,0,0,2,0,0,0,0,0,0,0,0,0,0,0,0,0,0,4,0,0,0,0,0,0,3,0,0,0,0,0,0
US1COPU0099,"RYE 1.0 SSE","PUEBLO",CO,6747,37.91,-104.92,0.4,2.4,0,1.8,0.4,0,0,0,0,0,0,0,0,0,0,0,0,0,0,T,0,0,0,0,0,2.7,0,0,M,M,M
US1COPU0079,"RYE 11.2 E","PUEBLO",CO,5774,37.95,-104.73,0,2.4,0,1.5,0,0,0,0,0,0,0,0,0,M,0,0,M,0,M,M,0,0,0,0,0,M,0,0,0,0,M
USC00057317,"RYE 1SW","PUEBLO",CO,7139,37.91,-104.95,0.6,1.3,T,2.8,T,0,0,0,0,0,0,0,0,0,0,0,0,0,T,0,0,0,0,0,4,0,0,0,0,0,0
US1COPU0092,"RYE 5.9 ESE","PUEBLO",CO,6250,37.9,-104.82,0,2.6,0,T,4.1,0,M,0,0,0,0,0,0,M,0,0,0,M,M,M,M,M,M,0,0,3.7,0,0,0,0,0
US1COSA0059,"SAGUACHE 0.4 E","SAGUACHE",CO,7826,38.09,-106.13,M,M,M,M,0,0,0,0,0,0,0,M,0,M,0,M,0,0,M,M,0,0,0,0,0,M,0,M,0,0,0
US1COCF0015,"SALIDA 9.1 NW","CHAFFEE",CO,8167,38.62,-106.13,1.1,1.3,T,0.3,1,0,0,0,0,0,0,0,0,0,0,0,0,0,0,0.3,0,0,0,0.5,0,T,0,0,0,0,0
US1COCF0041,"SALIDA 9.2 NW","CHAFFEE",CO,8201,38.63,-106.12,1,1.2,0.1,0.3,0.6,0,0,0,0,0,0,0,0,T,0,0,0,0,M,0.3,0,M,M,0.3,T,T,M,M,M,M,M
US1COCS0012,"SAN LUIS 8.8 SW","COSTILLA",CO,8125,37.08,-105.5,M,M,M,0,0,0,0,0,0,0,0,0,0,0,0,0,0,0,M,M,0,0,0,0,0,0,0,0,0,0,0
USC00057450,"SANTA MARIA RESERVOIR","MINERAL",CO,9702,37.82,-107.11,T,3,6,T,0,0,0,0,0,0,0,0,0,0,0,0,0,0,0,T,0,0,0,0,0,0,0,0,0,0,0
USC00057460,"SARGENTS","SAGUACHE",CO,8458,38.4,-106.42,0,3,4,0,0,0,0,0,0,0,0,0,0,0,0,0,0,0,0,0,0,0,0,0,0,0,0,0,0,0,0
US1COSA0035,"SARGENTS 0.3 NE","SAGUACHE",CO,8506,38.4,-106.42,2.5,0,2,5.5,0,0,0,0,0,0,0,0,0,0,0,0,0,0,0.3,0,0,0,0,0.5,0.5,0,0,0,T,0,0
US1CODG0185,"SEDALIA 10.5 S","DOUGLAS",CO,6516,39.28,-104.95,0,M,M,2,M,0,0,0,0,0,0,0,0,M,0,0,0,0,T,M,0,0,0,0,0,2.5,0,0,0,0,M
US1CODG0228,"SEDALIA 3.5 SSE","DOUGLAS",CO,5999,39.38,-104.95,0,T,0,2.5,T,0,0,0,0,0,0,0,0,0,0,0,0,0,T,M,0,0,0,0,0,2,0,0,0,0,0
USC00057510,"SEDALIA 4 SSE","DOUGLAS",CO,6005,39.39,-104.95,0,0,0,0,0,0,0,0,0,0,0,0,0,0,0,0,0,0,0,0,0,0,0,4,0,0,0,0,0,0,0
US1CODG0167,"SEDALIA 6.8 S","DOUGLAS",CO,6294,39.33,-104.96,0,T,0,2.1,0.3,0,0,0,0,0,0,0,M,M,0,0,0,0,0.1,T,0,0,0,0,0,2.3,0,0,0,0,0
US1CODG0088,"SEDALIA 7.2 S","DOUGLAS",CO,6409,39.33,-104.95,M,M,M,M,M,M,M,M,M,M,M,M,M,M,M,M,M,M,M,M,M,M,M,M,M,3,M,M,M,M,M
USC00057515,"SEDGWICK 5 S","SEDGWICK",CO,3995,40.87,-102.52,0,0,0,3,0,0,0,0,0,0,0,0,0,0,0,0,0,0,0,0,0,0,0,0,0,T,0,0,0,0,0
US1COWE0482,"SEVERANCE 0.5 SW","WELD",CO,4912,40.52,-104.86,M,M,M,M,M,M,M,M,M,M,M,M,M,M,M,M,M,M,M,M,M,M,M,M,M,M,M,0,M,M,M
USC00057560,"SHAW 4ENE","WASHINGTON",CO,4999,39.57,-103.29,M,0,T,2.5,0,0,0,0,0,0,0,0,0,0,0,0,0,0,0,0,0,0,0,0,0,T,0,0,0,0,0
US1COPK0095,"SHAWNEE 0.6 ESE","PARK",CO,8134,39.42,-105.54,1.1,0.5,0.4,0.8,0,0,0,0,0,0,0,0,2,M,0,0,0,0,M,0.3,0,0,0,1.7,0,1.1,0,0,0,0,0
USC00057572,"SHEEP MOUNTAIN","HUERFANO",CO,7742,37.72,-105.24,M,M,M,0,M,0,0,0,0,0,0,0,0,M,0,0,0,0,0,M,0,0,0,0,0,1,0,0,0,0,0
USC00057586,"SHERIDAN LAKE 4E","KIOWA",CO,4038,38.47,-102.22,0,0,0,T,0,0,0,0,0,0,0,0,0,0,0,0,0,0,0,0,0,0,0,0,0,0,0,0,0,0,0
USC00057618,"SHOSHONE","GARFIELD",CO,5991,39.57,-107.23,M,0,T,1.3,0,0,M,M,0,0,0,0,0,M,M,0,0,0,0,0,M,M,0,0,0,0,0,0,0,0,0
US1COSU0062,"SILVERTHORNE 0.1 NNW","SUMMIT",CO,8726,39.65,-106.08,M,M,M,M,M,0,0,0,0,0,0,M,M,M,M,M,M,M,M,M,0,0,M,M,M,M,0,0,0,0,0
US1COSU0035,"SILVERTHORNE 21 NW","SUMMIT",CO,8154,39.9,-106.31,M,M,M,M,M,M,M,M,M,M,0,0,T,T,0,0,0,0,0.5,T,0,0,0,3,0.3,0.7,0,0,0,0,0
US1COSU0006,"SILVERTHORNE 2.1 WSW","SUMMIT",CO,9682,39.62,-106.1,2.8,0.9,2.8,6,0.6,0,0,0,T,M,0,0,1.5,0,0,0,0,0,0.7,T,0,0,0,6.6,6.4,0.3,0,0,0.1,0,0
US1COSU0061,"SILVERTHORNE 2.8 SSW","SUMMIT",CO,9837,39.62,-106.11,2.9,0.9,M,M,M,0,0,0,0,0,0,0,1.5,0,0,0,0,0,0.3,0,0,0,0,6,2.3,M,0,0,0,0,0
US1COSU0027,"SILVERTHORNE 7.3 NW","SUMMIT",CO,9201,39.74,-106.16,M,M,M,M,M,M,M,M,M,M,M,M,M,M,M,M,M,M,M,M,M,M,M,M,M,M,0,M,M,M,M
US1COSU0008,"SILVERTHORNE 7.4 NW","SUMMIT",CO,8968,39.72,-106.14,3,0.4,2.5,4,T,M,M,M,0,M,M,M,2.8,M,M,M,M,M,0.4,M,M,M,M,5,3.6,M,M,M,M,M,M
USC00057656,"SILVERTON","SANJUAN",CO,9283,37.81,-107.66,8,6,3,0,0,0,0,0,0,0,0,1.3,0,0,0,0,0,0,0,0,0,0,0.2,0.2,0,0,0,0,0,0,0
US1COSM0008,"SLICK ROCK 1.3 N","SANMIGUEL",CO,5459,38.06,-108.91,0,0,0,0.2,0,0,0,0,0,0,M,M,M,0,0,0,0,0,0,0,0,0,0,0,0,0,0,0,0,0,0
US1COPT0004,"SNOWMASS 7.0 W","PITKIN",CO,7560,39.33,-107.11,M,5.2,2.4,M,M,M,M,M,M,M,M,M,M,M,M,M,M,M,M,M,M,M,M,M,M,M,M,M,M,M,M
US1CORG0026,"SOUTH FORK 0.6 S","RIOGRANDE",CO,8758,37.66,-106.62,2.2,2.6,3.4,0.2,0,0,0,0,0,0,0,0,0,1.2,0,0,0,0,0,0.1,T,0,0,0,0,0,0,0,0,0,0
US1COBA0023,"SPRINGFIELD 0.5 NW","BACA",CO,4375,37.41,-102.62,0,0,0,0,0,0,0,0,0,0,0,0,0,0,0,0,0,0,0,M,0,0,0,0,0,M,0,0,0,0,0
USW00003028,"SPRINGFIELD COMANCHE NATIONAL GRA","BACA",CO,4382,37.28,-102.61,0,0,0,M,0,0,0,0,0,0,0,0,0,0,0,0,0,0,0,0,0,0,0,0,M,0,0,0,0,0,0
USC00057936,"STEAMBOAT SPRINGS","ROUTT",CO,6864,40.49,-106.82,4.2,3.6,1.2,0.8,M,M,M,M,M,M,M,M,M,M,M,M,M,M,0,M,M,M,0,0.5,1.4,T,0,M,M,M,M
US1CORT0032,"STEAMBOAT SPRINGS 0.1 NNE","ROUTT",CO,6741,40.49,-106.83,M,M,M,M,M,M,M,M,M,M,M,M,M,M,M,M,M,M,M,M,0,0,0,0.5,M,M,M,M,M,M,M
US1CORT0028,"STEAMBOAT SPRINGS 0.6 NNW","ROUTT",CO,6810,40.49,-106.82,4,3,1.5,1.5,0,0,0,0,0,0,0,0,0,0,0,0,0,0,0,0,0,0,0,T,1.2,0,0,0,0,0,0
US1CORT0053,"STEAMBOAT SPRINGS 0.7 ESE","ROUTT",CO,7047,40.48,-106.81,5.2,3.4,1.5,1.9,0.1,0,0,0,0,0,0,0,0,0,0,0,0,0,0,0,0,0,0,1,3,0.3,0,0,0,0,0
US1CORT0042,"STEAMBOAT SPRINGS 0.9 N","ROUTT",CO,6807,40.49,-106.82,M,M,M,M,M,0,0,0,0,0,M,0,0,0,0,0,0,0,M,0,0,0,M,M,M,M,0,0,0,0,0
US1CORT0016,"STEAMBOAT SPRINGS 1.1 E","ROUTT",CO,7163,40.48,-106.81,4.9,2.8,1.6,1.9,M,0,0,0,0,0,0,0,0,0,0,0,0,0,M,0,0,0,0,0.9,M,2.8,0,0,0,0,0
US1CORT0054,"STEAMBOAT SPRINGS 1.2 SE","ROUTT",CO,7073,40.47,-106.8,5.4,3,1.4,2.3,M,0,M,0,M,0,0,M,M,M,M,0,M,0,0,0,M,M,M,1.2,3,M,M,M,0,M,M
US1CORT0007,"STEAMBOAT SPRINGS .14 NNE","ROUTT",CO,6770,40.49,-106.83,M,M,M,M,0,0,0,0,0,0,0,0,0,0,0,0,0,0,0,0,0,0,0,M,M,0,0,0,0,0,0
US1CORT0045,"STEAMBOAT SPRINGS 1.5 WNW","ROUTT",CO,6776,40.49,-106.85,3.3,3,1.4,2,0.1,0,M,M,M,M,M,M,M,M,M,M,M,M,M,M,M,M,M,M,M,M,M,M,M,M,M
US1CORT0043,"STEAMBOAT SPRINGS 1.9 E","ROUTT",CO,7198,40.47,-106.79,6.7,3.1,1.1,4.2,0.4,M,M,M,M,M,M,M,M,M,M,M,M,M,M,M,M,M,M,1.3,3.3,0.3,M,M,M,M,M
US1CORT0025,"STEAMBOAT SPRINGS 1 SE","ROUTT",CO,6920,40.47,-106.81,5.2,3.4,1.4,2,0.1,0,0,0,0,0,0,0,0,0,0,0,0,0,0,0,0,0,0,1,2.7,0.3,0,0,0,0,0
US1CORT0052,"STEAMBOAT SPRINGS 2.5 N","ROUTT",CO,7003,40.51,-106.82,3,3,1,0,0,0,0,0,0,0,0,0,0,0,0,0,0,0,0,0,0,0,0,1,2,0,0,0,0,0,0
US1CORT0048,"STEAMBOAT SPRINGS 7.9 WNW","ROUTT",CO,6651,40.52,-106.96,3,3.5,0.7,0,0,0,0,0,0,M,0,0,0,0,0,0,0,0,M,0,0,0,0,0.2,0.5,M,0,0,0,0,0
US1COLG0055,"STERLING 0.8 NNW","LOGAN",CO,3985,40.66,-103.22,0,0,0,1.5,0,0,0,0,0,0,0,0,0,0,0,0,0,0,M,M,0,0,0,M,M,M,0,0,0,0,0
US1COLG0049,"STERLING 1.5 S","LOGAN",CO,3937,40.63,-103.21,0,0,0,1.7,0,0,0,0,0,0,0,0,0,0,0,0,0,0,M,M,0,0,0,M,M,M,0,0,0,0,0
US1COLG0040,"STERLING 15 SE","LOGAN",CO,4451,40.51,-102.99,0,0,0,0.9,0,0,0,0,0,0,0,0,0,0,0,0,0,0,0,M,0,0,M,0,M,T,0,0,0,0,0
US1COLG0059,"STERLING 1.5 SSE","LOGAN",CO,3936,40.63,-103.2,M,M,M,2,M,M,M,0,M,M,M,M,M,M,M,M,M,M,M,M,M,M,M,M,M,M,M,M,M,M,0
US1COLG0002,"STERLING 1.8 NW","LOGAN",CO,3998,40.64,-103.24,0,0,0,1.8,0,0,0,0,0,0,0,0,0,0,0,0,0,0,0,0,0,0,0,0,0,0,0,0,0,0,0
US1COLR0251,"STOVE PRAIRIE 2 WNW","LARIMER",CO,7734,40.63,-105.39,1,0.4,0.5,4,0.6,0,0,0,0,0,0,0,0,T,0,0,0,0,M,0.9,0,0,0,0.3,0.8,T,0,0,0,0,0
US1COKC0123,"STRATTON 0.1 N","KITCARSON",CO,4405,39.3,-102.6,T,T,0,2,0,0,0,0,0,0,0,0,0,0,0,0,0,0,M,M,0,0,0,M,M,T,0,0,0,0,0
US1COKC0127,"STRATTON 0.3 ENE","KITCARSON",CO,4403,39.3,-102.6,M,M,M,M,M,M,M,M,M,M,M,M,M,M,M,M,M,M,M,M,M,M,M,M,M,M,M,M,M,0,0
US1COKC0084,"STRATTON .25 WNW","KITCARSON",CO,4425,39.3,-102.61,0,0,0,1.1,0,0,0,0,0,0,0,0,0,0,0,0,0,0,M,M,0,0,0,0,0,M,M,0,0,0,0
USC00058022,"STRONTIA SPRINGS DAM","DOUGLAS",CO,5838,39.43,-105.12,0,0,0,2,1,0,0,0,0,0,0,0,0,0,0,0,0,0,0,0,0,0,0,0,0,3,0,0,0,0,0
USC00058064,"SUGARLOAF RESERVOIR","LAKE",CO,9735,39.25,-106.37,M,M,2,0,0,0,0,0,0,0,0,0,0,0,0,0,0,0,0,0,0,0,1,1,4,0,0,0,0,0,0
US1COBO0350,"SUPERIOR 0.1 SE","BOULDER",CO,5507,39.93,-105.15,0,0,0,2,M,0,0,0,0,0,0,0,M,0,0,0,0,0,M,M,M,M,M,M,M,M,0,0,0,0,0
US1CODG0192,"SURREY RIDGE 0.2 SSW","DOUGLAS",CO,6221,39.5,-104.88,0,0,0,M,M,0,0,0,0,0,0,0,0,M,M,0,0,0,M,M,0,M,0,0,M,M,0,0,M,0,0
US1CODG0180,"SURREY RIDGE 0.7 W","DOUGLAS",CO,6254,39.5,-104.89,0,M,0,M,M,M,M,M,M,M,M,M,M,M,M,M,M,M,M,M,M,0,0,0,M,1,0,0,0,0,0
US1COGR0053,"TABERNASH 1.9 NW","GRAND",CO,8566,40,-105.87,1.4,2,0.5,2.8,0,0,0,0,0,0,0,0,1.2,T,M,M,M,M,M,M,0,0,0,4.5,4.2,T,0,0,T,0,0
US1COGR0005,"TABERNASH 2.5 ENE","GRAND",CO,8656,40.01,-105.8,1.5,1.5,1.3,M,T,0,0,0,0,0,0,0,0.7,0,0,0,0,0,0.3,0,0,0,0,5.5,5,2.5,0,0,0,0,M
USC00058157,"TACONY 13 SE","PUEBLO",CO,4880,38.34,-104.06,0,0,0,0.2,0,0,0,0,0,0,0,0,0,0,0,0,0,0,0,0,0,0,0,0,0,0,0,0,0,0,0
USC00058184,"TAYLOR PARK","GUNNISON",CO,9177,38.82,-106.61,5.6,3.8,3,2.4,T,M,M,0,0,0,M,M,M,M,M,M,M,M,M,M,M,M,M,0.6,2.1,M,M,M,M,M,M
USC00058204,"TELLURIDE 4WNW","SANMIGUEL",CO,8644,37.95,-107.87,3,2.4,2.3,1.4,0,0,0,0,0,0,0,0,0,0,0,0,0,0,T,0,0,0,0,0,0.8,0,0,0,0,0,0
US1COFM0005,"TEXAS CREEK 6.2 SE","FREMONT",CO,7610,38.34,-105.49,M,0.8,0.4,2.2,0.3,M,M,M,M,M,M,M,M,M,M,M,M,M,M,M,M,M,M,M,M,M,M,M,M,M,M
US1CODG0226,"THE PINERY 0.5 WNW","DOUGLAS",CO,6194,39.46,-104.74,0,0,0,1.8,0,0,0,0,0,0,0,0,0,0,0,0,0,0,M,M,0,0,0,0,M,1,0,0,0,0,0
US1CODG0218,"THE PINERY 1.2 ESE","DOUGLAS",CO,6358,39.45,-104.71,0,T,0,1.7,T,0,0,0,0,0,M,M,0,M,0,M,0,0,M,M,M,0,0,0,0.2,3,M,0,0,0,0
US1COAD0119,"THORNTON 1.9 ESE","ADAMS",CO,5082,39.88,-104.92,0,0,0,1.5,0,0,0,0,0,0,0,0,M,0,0,0,0,0,M,0,0,0,0,0,0,0,0,0,0,0,0
US1COAD0100,"THORNTON 2.1 N","ADAMS",CO,5243,39.92,-104.96,0,0,0,3.2,T,0,0,0,0,0,0,0,0,0,0,0,0,0,0,0,0,0,0,0,0,T,0,0,0,0,0
US1COAD0022,"THORNTON 2.3 SSE","ADAMS",CO,5100,39.86,-104.94,0,0,0,1.9,T,0,0,0,0,0,0,0,0,0,0,0,0,0,M,M,0,0,0,M,0,0.4,0,0,0,0,0
US1COAD0207,"THORNTON 3.9 NNE","ADAMS",CO,5347,39.95,-104.94,M,M,M,M,M,M,M,M,M,M,M,M,0,M,M,M,M,M,M,M,M,M,M,M,M,M,M,M,M,M,M
US1COAD0076,"THORNTON 5.4 NNE","ADAMS",CO,5300,39.94,-104.94,0,0,0,2.5,M,0,0,0,0,0,0,0,0,0,0,0,0,0,M,0,0,0,0,0,M,M,0,0,0,0,0
US1COLR0948,"TIMNATH 2.2 SE","LARIMER",CO,4835,40.51,-104.95,T,T,M,1.5,M,M,M,M,M,M,M,M,M,M,M,M,M,M,M,M,M,M,M,M,M,T,M,M,M,M,M
US1COLR0036,"TIMNATH 4.1 NNE","LARIMER",CO,5032,40.59,-104.96,T,T,0,1.5,M,0,M,M,0,0,M,M,0,0,0,0,0,0,0,M,M,0,M,M,M,T,M,M,0,0,M
USC00058429,"TRINIDAD","LASANIMAS",CO,6028,37.18,-104.49,0,0,0,1,0,0,0,0,0,0,0,0,0,0,0,0,0,0,0,0,0,0,0,0,2,0,0,0,0,0,0
US1COLA0065,"TRINIDAD 11.9 ENE","LASANIMAS",CO,5697,37.26,-104.32,M,0,0,M,M,0,M,0,0,0,M,0,0,0,0,M,0,0,M,M,0,0,0,0,0,M,M,0,0,0,0
US1COLA0048,"TRINIDAD 1.9 ENE","LASANIMAS",CO,6167,37.18,-104.47,0.2,M,0,M,M,0,0,0,0,0,0,0,0,M,0,0,0,M,M,M,M,M,M,0,M,1.5,0,0,0,0,0
US1COLA0018,"TRINIDAD 9 NE","LASANIMAS",CO,5760,37.25,-104.37,T,0,0,M,1.5,0,M,0,0,0,0,0,0,0,0,0,0,0,M,M,0,0,0,0,0,0.5,0,M,M,0,0
USC00058436,"TRINIDAD LAKE","LASANIMAS",CO,6308,37.15,-104.56,1,0,0,0,2,0,0,0,0,0,0,0,0,0,0,0,0,0,0,0,0,0,0,0,0,2,0,0,0,0,0
US1COLK0027,"TWIN LAKES 3.1 WSW","LAKE",CO,9738,39.07,-106.44,2.8,4.2,0.4,0.8,T,0,0,0,0,0,0,0,1.2,T,0,0,0,0,2.2,0,0,0,0,4.5,0.2,T,M,0,T,0,0
US1COLK0029,"TWIN LAKES 4.7 W","LAKE",CO,9957,39.07,-106.47,3.7,0.7,1.1,T,0,0,0,0,0,0,0,1.1,T,0,0,0,0,2.2,0,0,0,0,4.5,0.8,T,0,0,0,T,0,0
USC00058501,"TWIN LAKES RESERVOIR","LAKE",CO,9234,39.09,-106.35,M,M,T,0,0,0,0,0,0,0,0,0,0,0,0,0,0,0,0,0,0,0,1,0,0,0,0,0,0,0,0
US1COPW0025,"TWO BUTTES 10.0 NNW","PROWERS",CO,4218,37.69,-102.47,0,0,0,0,M,0,0,0,0,0,0,0,0,0,0,0,0,0,0,M,0,0,0,0,0,M,0,0,0,0,0
US1COPW0026,"TWO BUTTES 11.8 N","PROWERS",CO,4097,37.73,-102.43,0,0,0,0,M,0,0,0,0,0,0,0,0,0,0,0,0,0,0,M,0,0,0,0,0,M,0,0,0,0,0
US1COPW0024,"TWO BUTTES 12.0 NNW","PROWERS",CO,4161,37.72,-102.47,0,0,0,0,M,0,0,0,0,0,0,0,0,0,0,0,0,0,0,M,0,0,0,0,0,M,0,0,0,0,0
US1COPW0027,"TWO BUTTES 13.7 NNW","PROWERS",CO,4168,37.75,-102.47,0,0,0,0,M,0,0,0,0,0,0,0,0,0,0,0,0,0,0,M,0,0,0,0,0,M,0,0,0,0,0
USC00058560,"URAVAN","MONTROSE",CO,5020,38.38,-108.74,1.1,0,0,0.3,0,0,0,0,0,0,0,0,0,0,0,0,0,0,0,0,0,0,0,0,0,0,0,0,0,0,0
USC00058575,"VAIL","EAGLE",CO,8302,39.64,-106.35,3,3,2,2,M,M,M,M,M,M,M,M,M,M,M,M,M,M,M,M,M,M,M,1,4.5,M,M,M,M,M,M
US1COEG0021,"VAIL 0.9 WNW","EAGLE",CO,8170,39.65,-106.4,2.4,2.7,2,2.1,T,0,0,0,0,0,0,0,M,0,0,0,0,0,M,0,0,0,0,0.8,3.6,M,0,0,0,0,0
US1COEG0019,"VAIL 2.6 E","EAGLE",CO,8387,39.65,-106.33,2.1,2.1,3,3.1,0.4,0,0,0,0,0,M,M,M,M,M,M,M,M,M,M,M,M,M,M,M,M,M,M,M,M,M
USC00058582,"VALLECITO DAM","LAPLATA",CO,7642,37.38,-107.58,0,5,2,0,0,0,0,0,0,0,0,0,0,0,0,0,0,0,0,0,0,0,0,0,0,0,0,0,0,0,0
US1COYU0062,"VERNON 3.6 NNE","YUMA",CO,3818,39.98,-102.25,0,0,0,1.2,0,0,0,0,0,0,0,0,0,0,0,0,0,0,0,0,0,0,0,0,0,M,0,0,0,0,0
USC00058613,"VERNON 4ENE","YUMA",CO,3820,39.98,-102.25,T,0,0,1.3,0,0,0,0,0,0,0,0,0,0,0,0,0,0,0,T,0,0,0,0,0,0,0,0,0,0,0
US1COYU0082,"VERNON 6.4 WSW","YUMA",CO,3938,39.9,-102.39,M,M,M,M,M,M,M,M,M,M,M,M,M,M,M,M,M,M,M,M,0,0,0,M,M,M,M,0,0,0,0
US1COYU0048,"VERNON 7.1 S","YUMA",CO,3861,39.84,-102.32,M,0,M,1.2,0,0,0,0,0,0,0,0,0,0,0,0,0,0,M,M,0,0,0,M,0,M,0,0,0,0,0
US1COLR0672,"VIRGINIA DALE 7.2 SSW","LARIMER",CO,6720,40.85,-105.4,2,1.2,1,1.5,T,0,0,0,0,0,0,0,0,0,0,0,0,0,0,0,0,0,0,M,T,T,0,0,0,0,0
USC00058690,"VIRGINIA DALE 7 ENE","LARIMER",CO,7013,40.97,-105.22,1.4,0.3,1.2,2.4,0.2,0,0,0,0,0,0,0,0,0,0,0,0,0,T,0.5,0,0,0,0,0.4,0.8,0,0,0,0,0
US1COKC0130,"VONA 6.5 SSW","KITCARSON",CO,4629,39.21,-102.79,T,0,0,2,0,0,0,0,0,0,0,0,0,0,0,0,0,0,M,M,0,0,0,0,M,M,0,0,0,0,0
USC00058756,"WALDEN","JACKSON",CO,8054,40.74,-106.28,2.1,4.2,0.7,0.8,0,0,0,0,0,0,0,0,T,0,0,0,0,0,0,0,0,0,0,1.9,2,T,0,0,0,0,0
US1COJK0023,"WALDEN 16.3 WSW","JACKSON",CO,8720,40.66,-106.58,3.5,5,7,4,M,0,0,0,0,0,0,0,0,0,0,0,0,0,0,0,0,0,0,5,4.3,0.3,0,0,0,0,0
US1COJK0028,"WALDEN 18.0 NNW","JACKSON",CO,8035,40.98,-106.39,1.5,1.5,3.5,1.3,M,0,0,0,0,M,M,0,M,0,0,0,0,0,0,M,0,0,0,0.8,2,0,M,0,M,0,0
US1COHF0040,"WALSENBURG 0.5 W","HUERFANO",CO,6228,37.63,-104.79,T,1,0,T,T,0,0,0,0,0,0,0,0,0,0,0,0,M,M,M,0,0,0,0,0,M,0,0,0,0,0
US1COHF0021,"WALSENBURG 0.8 NW","HUERFANO",CO,6274,37.63,-104.79,0,2,0,0,M,0,0,0,0,0,0,0,0,0,0,0,0,M,0,M,0,0,0,0,0,2.5,0,0,0,0,0
USC00058781,"WALSENBURG 1 NW","HUERFANO",CO,6290,37.63,-104.8,0.3,1.5,0,0.2,2.4,0,0,0,0,0,0,0,0,0,0,0,0,0,0,0,0,0,0,0,0,2.8,0,0,0,0,0
US1COHF0039,"WALSENBURG 5.5 SW","HUERFANO",CO,6511,37.57,-104.85,0.5,1,0,0,0.5,0,0,0,0,0,0,0,0,0,0,0,0,0,M,M,0,0,0,0,0,3,0,0,0,0,0
US1COHF0014,"WALSENBURG 8.7 W","HUERFANO",CO,6789,37.65,-104.93,T,1.5,0,1,M,M,0,M,0,0,M,M,0,M,0,0,M,T,M,M,0,0,0,0,0,2.6,0,0,0,0,0
US1COHF0031,"WALSENBURG 9.3 NNW","HUERFANO",CO,5969,37.75,-104.84,M,M,0,M,0,0,0,0,0,0,0,0,0,0,0,0,0,M,M,M,0,0,0,0,0,0,0,0,0,0,0
USC00058793,"WALSH 1 W","BACA",CO,3977,37.38,-102.3,0,0,0,T,0,0,0,0,0,0,0,0,0,0,0,0,0,0,0,0,0,0,0,0,0,0,0,0,0,0,0
US1COBO0202,"WARD 4.6 NE","BOULDER",CO,8558,40.11,-105.44,3,0.7,0.4,4,1.8,0,0,0,0,0,0,0,1.2,0.4,0,0,0,0,0.3,1.1,0,0,0,1.8,1.2,2.7,0,0,0,0,0
USC00058839,"WATERDALE","LARIMER",CO,5229,40.43,-105.21,T,T,0,5,0,0,0,0,0,0,0,0,0,0,0,0,0,0,0,0,0,0,0,0,0,0,0,0,0,0,0
US1COAR0199,"WATKINS 4.3 SSE","ARAPAHOE",CO,5758,39.7,-104.56,0,0,0,4.5,0,0,0,0,0,0,0,0,M,0,0,0,0,0,M,M,0,M,0,0,T,1,M,M,0,0,0
US1COAR0250,"WATKINS 7.2 SSE","ARAPAHOE",CO,5825,39.66,-104.53,M,M,M,T,M,M,M,M,M,M,M,M,M,M,M,M,M,M,M,M,M,M,M,M,M,M,M,M,M,M,M
USC00058860,"WAVERLY 1W","ALAMOSA",CO,7600,37.43,-106.03,0.2,T,0,0,0,0,0,0,0,0,0,0,0,0,0,0,0,0,0,0,0,0,0,0,0,0,0,0,0,0,0
US1COLR0142,"WEL 1.8 NE","LARIMER",CO,5261,40.73,-104.97,0.3,T,0.1,1.3,T,0,0,0,0,0,0,0,0,0,0,0,0,0,M,M,0,0,0,0,0,M,0,0,0,0,0
US1COLR0140,"WEL 4.8 NW","LARIMER",CO,5337,40.74,-105.08,M,M,0,0,0,0,0,0,0,0,0,0,0,0,0,0,0,0,0,M,0,0,0,0,0,M,0,0,0,0,0
US1COLR0952,"WELLINGTON 0.4 NW","LARIMER",CO,5219,40.71,-105.01,M,T,M,1.1,T,0,0,0,0,0,0,0,0,0,M,0,M,0,M,M,0,0,0,0,0,M,0,0,0,M,0
US1COLR1008,"WELLINGTON 0.8 SW","LARIMER",CO,5194,40.7,-105.01,T,T,0,2.4,0,0,0,0,0,0,0,0,0,0,0,0,0,0,0,M,0,0,0,0,0,M,0,0,M,0,0
US1COLR1022,"WELLINGTON 12.7 NNW","LARIMER",CO,5714,40.88,-105.08,0.2,0.2,M,1.3,M,M,M,M,M,M,M,M,M,M,M,M,M,M,M,M,M,M,M,M,M,M,M,M,M,M,M
US1COLR0876,"WELLINGTON 16.9 (SOAPSTONE SOUTH)","LARIMER",CO,6128,40.94,-105.08,M,M,M,M,M,M,M,M,M,M,M,M,M,0,0,M,M,M,M,M,M,0,M,M,M,M,M,M,0,M,M
US1COLR0877,"WELLINGTON 19.1 NNW (SOAPSTONE NO","LARIMER",CO,6547,40.98,-105.08,M,M,M,M,M,M,M,M,M,M,M,M,M,0,0,M,M,M,M,M,M,M,M,M,M,M,M,0,0,M,M
US1COLR0918,"WELLINGTON 3.7 WNW","LARIMER",CO,5313,40.72,-105.07,0.1,T,T,1.5,0,0,0,0,0,0,0,0,0,0,0,0,M,0,0,M,0,0,0,0,M,M,0,0,0,0,0
USC00058931,"WESTCLIFFE","CUSTER",CO,7871,38.13,-105.47,T,0,0,1,0,0,0,0,0,0,0,0,T,0,0,0,0,0,T,0,0,0,0,0,1.5,0,0,0,0,0,0
US1COCU0028,"WESTCLIFFE 6.2 W","CUSTER",CO,8683,38.12,-105.58,1.1,1.2,2.3,0.8,0.3,0,0,0,0,0,0,0,0,M,0,0,0,0,1,2.8,0,0,0,0,0,1,0,0,0,0,0
US1COCU0025,"WESTCLIFFE 8.4 WNW","CUSTER",CO,8382,38.2,-105.6,M,M,M,M,M,M,M,M,0,0,0,0,0,0.2,0,0,0,0,M,0.2,0,0,M,M,M,M,M,M,0,0,0
US1COCU0026,"WESTCLIFFE 8.7 ENE","CUSTER",CO,8683,38.18,-105.31,T,0.4,T,T,0.5,0,M,0,0,0,0,0,0,M,M,0,0,0,0.5,M,M,0,M,M,0,4.6,0,0,0,0,0
US1COAD0082,"WESTMINSTER 0.8 ESE","ADAMS",CO,5537,39.88,-105.04,0,0,0,2.6,0,0,0,0,0,0,0,0,M,0,0,0,0,0,M,0,0,0,0,0,0,1.6,0,0,0,0,0
US1COJF0410,"WESTMINSTER 1.1 SW","JEFFERSON",CO,5421,39.87,-105.07,M,M,M,2.1,M,M,M,M,M,M,M,M,M,M,M,M,M,M,M,M,M,M,M,M,M,M,M,M,M,M,M
US1COAD0138,"WESTMINSTER 1.2 NNE","ADAMS",CO,5266,39.9,-105.05,M,M,M,M,M,M,M,M,M,M,M,0,M,M,M,M,M,M,M,M,M,M,M,M,M,M,M,M,M,M,M
US1COAD0162,"WESTMINSTER 1.6 ESE","ADAMS",CO,5534,39.87,-105.03,T,0,0,2,0.1,0,0,0,0,0,0,0,0,0,0,0,0,0,0,0,0,0,0,0,M,1.2,0,0,0,0,0
US1COAD0153,"WESTMINSTER 1.6 NE","ADAMS",CO,5402,39.9,-105.03,0,0,0,2.1,T,0,0,0,0,0,0,0,0,0,0,0,0,0,M,0,0,0,0,0,0,M,0,0,0,0,0
US1COJF0399,"WESTMINSTER 1.7 NNW","JEFFERSON",CO,5292,39.91,-105.06,T,T,0,1.9,0.3,0,0,0,0,0,0,0,M,0,0,0,0,0,M,M,0,0,0,0,0,0.9,0,0,0,0,0
US1COJF0185,"WESTMINSTER 1.9 WSW","JEFFERSON",CO,5452,39.83,-105.07,M,M,M,M,M,M,M,M,M,M,M,M,0,0,M,0,M,M,M,M,M,M,M,M,0.6,M,M,M,M,M,M
US1COAD0094,"WESTMINSTER 3.9 S","ADAMS",CO,5278,39.83,-105.04,0,0,0,M,0,0,0,0,0,0,0,0,0,0,0,0,0,0,M,0,0,0,0,M,0,M,0,0,0,0,0
USC00058992,"WFO PUEBLO","PUEBLO",CO,4652,38.28,-104.52,T,0,T,1.7,0,0,0,0,0,0,0,0,0,0,0,0,0,0,0,0,0,0,0,0,T,0,0,0,0,0,0
US1COJF0354,"WHEAT RIDGE 0.6 S","JEFFERSON",CO,5518,39.77,-105.1,0,0,0,3,T,0,0,0,0,0,0,0,M,0,0,0,0,0,M,0,0,0,0,0,0,M,0,0,0,0,0
US1COJF0343,"WHEAT RIDGE 0.9 WSW","JEFFERSON",CO,5435,39.77,-105.11,0,0,0,2.8,0.1,0,0,0,0,0,0,0,0,0,0,0,0,0,0,0,0,0,0,0,0,0.5,0,0,0,0,0
US1COJF0428,"WHEAT RIDGE 1.4 WSW","JEFFERSON",CO,5458,39.76,-105.12,0,0,M,2.6,0,M,0,0,0,0,0,M,M,M,0,0,0,0,M,M,0,0,0,M,M,M,0,M,0,0,0
USC00058995,"WHEAT RIDGE 2","JEFFERSON",CO,5397,39.77,-105.12,T,T,0,2.6,T,0,0,0,0,0,0,0,0,0,0,0,0,0,0,0,0,0,0,0,0,0.8,0,0,0,0,0
US1COJF0290,"WHEAT RIDGE 2.8 WSW","JEFFERSON",CO,5565,39.76,-105.15,0,0,0,2.9,0.2,0,0,0,0,0,0,0,0,0,0,0,0,0,M,M,0,0,0,M,M,1,0,0,0,0,0
US1COME0094,"WHITEWATER 4.2 SSE","MESA",CO,4983,38.93,-108.4,M,M,M,M,0,0,0,0,0,0,0,0,0,M,0,0,0,0,M,0,0,0,0,M,0,M,0,0,0,0,0
US1COEP0065,"WIDEFIELD 13.7 ESE","ELPASO",CO,5452,38.63,-104.44,0,M,M,1.4,0,0,0,0,0,0,0,0,0,0,0,0,0,0,M,M,0,0,0,0,0,M,0,0,0,0,0
USC00059058,"WILD HORSE 6N","CHEYENNE",CO,4653,38.9,-103.02,0,0,0,2,0,0,0,0,0,0,0,0,0,0,0,0,0,0,0,0,0,0,0,0,0,0,0,0,0,0,0
US1COFM0002,"WILLIAMSBURG .63 WNW","FREMONT",CO,5406,38.38,-105.16,0,1,0,3.2,T,0,0,0,0,0,0,0,0,0,0,0,0,0,M,M,M,M,M,M,M,M,M,M,0,0,0
USC00059096,"WILLIAMS FORK DAM","GRAND",CO,7616,40.04,-106.2,1,3.5,2,2,0,0,0,0,0,0,0,0,T,0,0,0,0,0,0,0,0,0,0,3.5,2.5,0,0,0,0,0,0
US1COWE0448,"WINDSOR 1.0 SSE","WELD",CO,4796,40.47,-104.9,0,0,0,2.2,0,0,0,0,0,0,0,0,0,0,0,0,0,M,M,M,M,M,0,0,M,0,0,0,0,0,0
US1COLR0845,"WINDSOR 3.8 WSW","LARIMER",CO,4948,40.47,-104.98,T,0,M,2.7,0,0,0,0,0,0,0,0,0,M,0,0,0,0,M,0,0,0,0,0,M,M,0,M,0,0,0
USC00059175,"WINTER PARK","GRAND",CO,9093,39.89,-105.76,1,0,0,2,0,0,0,0,0,0,0,0,1,0,0,0,0,0,0,0,0,0,0,3,2,0,0,0,0,0,0
US1COEG0008,"WOLCOTT 2.3 N","EAGLE",CO,7222,39.73,-106.68,0.4,3,1.5,0.8,0,0,0,0,0,0,0,0,0,0,0,0,0,0,M,0,0,0,0,0.7,0.2,0,0,0,0,0,0
US1COTL0014,"WOODLAND PARK 0.2 ESE","TELLER",CO,8446,38.99,-105.05,M,1,M,M,T,M,M,M,M,M,M,M,M,M,M,M,M,M,7,M,M,M,M,1,M,M,M,M,M,M,M
US1COTL0028,"WOODLAND PARK 1.1 NNW","TELLER",CO,8375,39.01,-105.06,T,1.4,M,3,0.4,0,0,M,M,M,0,0,0,M,M,0,0,0,7,T,0,0,M,1,0,6,0,M,0,0,0
US1COTL0020,"WOODLAND PARK 1.6 N","TELLER",CO,8483,39.02,-105.05,M,1.2,M,3.5,M,M,M,M,M,M,M,M,M,M,M,M,M,M,6.5,M,M,M,M,0.7,M,5.5,M,M,M,M,M
USC00059213,"WOODROW 6NNE","MORGAN",CO,4373,40.08,-103.57,0,0,0,1.2,T,0,0,0,0,0,0,0,0,0,0,0,0,0,0,0,0,0,0,0,0,T,0,0,0,0,0
USC00059243,"WRAY","YUMA",CO,3552,40.08,-102.21,0,0,0,1.8,0,0,0,0,0,0,0,0,0,0,0,0,0,0,0,0,0,0,0,0,0,0,0,0,0,0,0
US1COYU0052,"WRAY 19 NNE","YUMA",CO,3628,40.35,-102.14,T,0,0,0.5,0,0,0,0,0,0,0,0,0,0,0,0,0,0,0,0,0,0,0,0,M,M,0,0,0,0,0
US1COYU0068,"WRAY 4.2 NNE","YUMA",CO,3681,40.14,-102.2,0,0,0,1,M,0,0,0,0,0,0,0,0,0,0,0,0,0,0,M,0,0,0,0,0,M,M,0,0,0,0
USC00059265,"YAMPA","ROUTT",CO,7855,40.16,-106.91,3,3,4,1,T,0,0,0,0,0,0,0,0,0,0,0,0,0,T,0,0,0,0,4,2.5,T,0,0,0,0,0
US1CORT0026,"YAMPA 5.1 S","ROUTT",CO,8488,40.08,-106.89,2.5,5.5,3,1.5,M,M,0,0,0,0,0,0,0,0,0,0,0,0,0.8,0,0,0,0,4.8,3,0,0,0,0,0,0
USC00059278,"YELLOW JACKET 4NE","MONTEZUMA",CO,7088,37.56,-108.66,T,T,1,3,0,0,0,0,0,0,0,0,0,0,0,0,0,0,0,0,0,0,0,0,0,0,0,0,0,0,0
US1COEP0029,"YODER 4.2 SE","ELPASO",CO,6061,38.8,-104.17,0,0,0,0,0,0,0,0,0,0,0,0,0,0,0,0,0,0,0,M,0,0,0,0,0,0,0,0,0,0,0
USC00059295,"YUMA","YUMA",CO,4133,40.12,-102.72,M,0,0,1,0,0,M,0,0,0,0,M,M,0,0,0,0,0,M,0,0,0,0,0,0,0,0,M,0,0,0
USC00059297,"YUMA 10 NW","WASHINGTON",CO,4109,40.21,-102.81,0,0,0,0.7,0,0,0,0,0,0,0,0,0,0,0,0,0,0,0,0,0,0,0,0,0,0,0,0,0,0,0
