# Colorado Snow Depth, March 2019
# Units: inches
# Missing: M
# Trace: T
GHCN ID,Station Name,County,State,Elevation,Latitude,Longitude,Mar 1,Mar 2,Mar 3,Mar 4,Mar 5,Mar 6,Mar 7,Mar 8,Mar 9,Mar 10,Mar 11,Mar 12,Mar 13,Mar 14,Mar 15,Mar 16,Mar 17,Mar 18,Mar 19,Mar 20,Mar 21,Mar 22,Mar 23,Mar 24,Mar 25,Mar 26,Mar 27,Mar 28,Mar 29,Mar 30,Mar 31
USC00050105,"AGUILAR 18WSW","LASANIMAS",CO,8642,37.32,-104.95,2,2,5,6,5,2,2,2,3,2,2,3,1,2,3,1,1,1,1,T,T,T,T,T,T,T,T,T,T,1,T
US1COLA0033,"AGUILAR 7.2 WSW","LASANIMAS",CO,7216,37.36,-104.77,T,T,3.9,4,3,2,0,0,0,0,0,0,0,1.5,T,0,0,0,0,0.1,0,0,0,0,0,0,0,0,0,1.7,T
US1COWA0060,"AKRON 1.1 ESE","WASHINGTON",CO,4628,40.16,-103.19,M,M,M,M,M,M,M,M,M,M,M,M,M,M,M,M,M,M,M,M,M,M,M,M,M,0,0,0,0,M,M
USC00050109,"AKRON 4 E","WASHINGTON",CO,4541,40.16,-103.14,0,0,2,2,2,2,0,0,0,0,0,0,0,2,2,1,0,0,0,0,0,0,0,0,0,0,0,0,0,1,0
USW00024015,"AKRON WASHINGTON COUNTY AP","WASHINGTON",CO,4662,40.17,-103.22,M,M,M,M,M,M,M,M,M,M,M,M,M,M,M,M,M,M,M,M,M,M,M,M,M,M,M,M,M,M,0
US1COAM0031,"ALAMOSA 1.1 N","ALAMOSA",CO,7554,37.48,-105.87,M,M,M,M,M,M,M,0,M,M,M,M,1.5,M,M,M,M,M,M,M,M,M,M,M,M,M,M,M,M,M,M
US1COAM0021,"ALAMOSA 1.2 NE","ALAMOSA",CO,7548,37.48,-105.85,M,M,M,0.5,2,M,M,M,M,M,M,M,M,M,M,M,M,M,M,M,M,M,M,M,M,M,M,M,M,M,M
US1COAM0035,"ALAMOSA 1.6 ENE","ALAMOSA",CO,7545,37.48,-105.85,M,M,M,1.4,M,M,M,M,M,M,M,M,M,M,M,M,M,M,M,M,M,M,M,M,M,M,M,M,M,M,M
USC00050128,"ALAMOSA 1E","ALAMOSA",CO,7538,37.47,-105.86,0,0,T,1,T,0,0,0,0,0,2,1,2,0,0,0,0,0,0,0,0,T,T,0,0,0,0,0,0,0,0
US1COAM0001,"ALAMOSA 5.8 WNW","ALAMOSA",CO,7587,37.51,-105.97,M,M,M,1,M,M,M,M,M,M,M,2.7,M,M,M,M,M,M,M,M,M,M,M,M,M,M,M,M,M,M,M
US1COAM0036,"ALAMOSA 6.6 NW","ALAMOSA",CO,7588,37.53,-105.97,M,M,M,M,M,M,M,M,M,M,3.3,M,M,M,M,M,M,M,M,M,M,M,M,M,M,M,M,M,M,M,M
USW00023061,"ALAMOSA-BERGMAN FIELD","ALAMOSA",CO,7531,37.44,-105.86,0,0,T,1.2,T,0,0,0,0,0,1.2,1.2,2,0,0,0,0,0,0,0,0,T,T,0,0,0,0,0,0,0,0
US1COBO0022,"ALLENS PARK 1.5 ESE","BOULDER",CO,8453,40.19,-105.5,9.5,17,23,19.5,18,18,19,18.5,17,16,16,15,18,29,26,25,22,19,19,18,17,16.5,16.5,16.5,16,16,16,14,16.5,16,15
USC00050214,"ALTENBERN","GARFIELD",CO,5636,39.5,-108.38,2,0,2,0,0,0,0,0,0,0,0,0,0,0,0,0,0,0,0,0,0,0,0,0,0,0,0,0,0,0,0
USC00050263,"ANTERO RESERVOIR","PARK",CO,8937,38.99,-105.89,6,5,7,6,5,5,4,3,3,3,2,1,3,2,2,2,2,2,2,2,2,5,5,5,4,3,2,2,1,1,1
US1COWA0067,"ANTON 5.8 SE","WASHINGTON",CO,4805,39.69,-103.15,M,M,M,5,3,2,M,M,M,M,M,M,M,3,M,M,M,M,M,M,M,M,M,M,M,M,M,M,M,M,M
USC00050304,"ARAPAHOE","CHEYENNE",CO,4019,38.85,-102.18,0,0,4,0,0,0,0,0,0,0,0,0,0,0,0,0,0,0,0,0,0,0,0,0,0,0,0,0,0,1,0
USC00050306,"ARAPAHOE 12S","CHEYENNE",CO,4064,38.68,-102.16,5,2,8,7,6,5,4,3,2,1,0,0,0,0,0,0,0,0,0,0,0,0,0,0,0,0,0,0,0,1,0
US1COJF0430,"ARVADA 1.4 NNW","JEFFERSON",CO,5639,39.84,-105.12,M,M,M,M,M,M,M,M,M,M,M,M,M,6,M,M,M,M,M,M,M,M,M,M,M,M,M,M,M,M,M
US1COJF0471,"ARVADA 1.8 NE","JEFFERSON",CO,5502,39.84,-105.08,M,M,M,3.5,M,M,M,M,M,M,M,M,M,M,M,M,M,M,M,M,M,M,M,M,M,M,M,M,M,M,M
US1COJF0427,"ARVADA 2.1 SSE","JEFFERSON",CO,5322,39.8,-105.09,M,M,3.5,4,3.5,2,M,M,M,M,M,M,M,2.5,M,M,M,M,M,M,M,M,M,M,M,M,M,M,M,2,M
US1COJF0251,"ARVADA 3.3 NNW","JEFFERSON",CO,5531,39.85,-105.1,M,M,M,M,M,M,M,M,M,M,M,M,M,M,M,M,M,M,M,M,M,M,0,M,M,M,M,M,M,M,M
US1COJF0457,"ARVADA 3.5 WNW","JEFFERSON",CO,5709,39.85,-105.16,M,M,3.2,3,2,1.5,1,M,M,M,M,M,0,5.5,M,M,M,M,M,M,M,M,0,M,M,M,M,M,M,5.2,M
US1COJF0240,"ARVADA 3.8 W","JEFFERSON",CO,5598,39.82,-105.18,M,M,3.5,4,3.5,3,2,1,M,M,M,M,M,3,1,T,M,M,M,M,M,M,0,M,0,M,M,M,0,4,T
US1COJF0455,"ARVADA 4.7 W","JEFFERSON",CO,5715,39.81,-105.19,0,T,3,3.5,3,2.5,3,T,0,0,0,0,0,4,2.5,1,T,T,0,0,0,0,0,0,0,0,0,0,0,5,T
US1COJF0456,"ARVADA 5.2 WNW","JEFFERSON",CO,5892,39.84,-105.2,M,M,3.3,M,M,M,M,M,M,M,M,M,M,6.5,M,M,M,M,M,M,M,M,M,M,M,M,M,M,M,7,M
USC00050372,"ASPEN 1SW","PITKIN",CO,8173,39.19,-106.84,37,39,43,46,43,40,45,46,52,50,43,43,46,49,46,44,42,41,40,39,39,38,40,38,39,38,36,34,32,35,32
US1COAR0270,"AURORA 0.7 WSW","ARAPAHOE",CO,5598,39.69,-104.82,M,M,M,4,3.5,1.5,M,M,M,M,M,M,M,6,5,M,M,M,M,M,M,M,M,M,M,M,M,M,M,M,M
US1COAR0313,"AURORA 2.1 ESE","ARAPAHOE",CO,5602,39.69,-104.78,M,M,3.4,3,2.5,2,2,M,M,M,M,M,M,10,10,M,M,M,M,M,M,M,M,M,M,M,M,M,M,2.7,M
US1COAR0267,"AURORA 3.3 ESE","ARAPAHOE",CO,5683,39.67,-104.76,M,M,3,M,M,M,M,M,M,M,M,M,M,4.5,M,M,M,M,M,M,M,M,M,M,M,M,M,M,M,M,M
US1COAR0340,"AURORA 3.4 SSE","ARAPAHOE",CO,5668,39.66,-104.78,M,M,M,M,M,M,M,M,M,M,M,M,M,3.5,M,M,M,M,M,M,M,M,M,M,M,M,M,M,M,3,M
US1COAR0259,"AURORA 4.0 SSE","ARAPAHOE",CO,5660,39.65,-104.78,M,M,M,M,M,M,M,M,M,M,M,M,M,7.1,M,M,M,M,M,M,M,M,0,M,M,M,M,M,M,M,M
US1COAD0127,"AURORA 4.2 NNW","ADAMS",CO,5341,39.75,-104.85,M,M,3,3,3,2.5,1.5,M,M,M,M,M,M,M,M,M,M,M,M,M,M,M,M,M,M,M,M,M,M,2.5,0
US1COAR0266,"AURORA 4.5 SE","ARAPAHOE",CO,5735,39.65,-104.76,3.5,M,M,M,M,M,3,M,M,M,M,M,M,10,M,M,M,M,M,M,M,M,M,M,M,M,M,M,M,3.5,M
US1COAR0249,"AURORA 5.7 E","ARAPAHOE",CO,5635,39.69,-104.71,M,M,3.5,3.5,3,1.5,0.5,M,M,M,M,M,M,5,4,2.5,1,0.5,M,M,M,M,M,M,M,M,M,M,M,2.5,M
US1COAR0207,"AURORA 7.3 SE","ARAPAHOE",CO,5916,39.62,-104.72,T,T,4.2,3.6,2.7,2.5,1.5,T,T,T,T,T,M,M,5,3,1,T,T,T,T,T,T,0,0,0,0,0,0,M,1
US1COEG0031,"AVON 1.1 SE","EAGLE",CO,7601,39.64,-106.52,M,13,M,M,M,16,18,M,M,M,M,M,12,M,12,M,M,11,M,16,M,10,9,M,M,M,M,8,7.5,M,M
USC00050424,"AVONDALE 1 N","PUEBLO",CO,4501,38.26,-104.35,0,0,2,0,0,0,0,0,0,0,0,0,0,0,0,0,0,0,0,0,0,0,0,0,0,0,0,0,0,0,0
USC00050454,"BAILEY","PARK",CO,7750,39.41,-105.48,12,12,16,17,17,15,14,13,12,12,12,12,12,15,15,15,14,13,12,12,11,10,9,8,8,8,7,6,6,6,6
US1COPK0069,"BAILEY 6.4 NNW","PARK",CO,8791,39.49,-105.52,1.5,M,3,2.5,M,M,M,M,0.5,M,T,M,2.5,5.5,5,4.5,3.5,3,2,M,M,T,0.5,M,T,T,T,M,M,M,M
US1COWE0526,"BARNESVILLE 1.3 ESE","WELD",CO,4668,40.47,-104.46,M,M,M,M,M,M,M,M,M,M,M,M,M,M,M,M,M,M,M,M,M,M,M,0,M,M,M,M,M,M,M
US1COEG0006,"BASALT 5.8 E","EAGLE",CO,7162,39.38,-106.92,13.5,13,18,17,15,14,12,12,16.5,15,15,14.5,17,18,17,17,16,15.5,13,13.5,12,11,12,12,12,11,9,9,6,3,3
US1COGF0083,"BATTLEMENT MESA 0.8 WSW","GARFIELD",CO,5362,39.44,-108.04,M,M,M,T,0,M,M,M,M,M,M,M,M,M,M,M,M,M,M,M,M,M,M,0,M,0,M,0,M,0,M
US1COLP0106,"BAYFIELD 5.5 N","LAPLATA",CO,7242,37.31,-107.61,34.5,32.5,32.5,34.5,31,M,29.5,28,27.5,26,25.5,M,29.5,27.5,26,24,M,22.5,21,19,18,20.5,19.5,M,17,15.5,13.5,11.5,8.5,6.5,7
US1COLP0098,"BAYFIELD 6.2 N","LAPLATA",CO,7445,37.32,-107.6,27,26,25,26,24,22,21,18,18,17,17,16,20,18,17,16,15,12,11,9,7,10,9,8,6,4,2,T,0,0,0
US1COLP0035,"BAYFIELD 7.0 N","LAPLATA",CO,8198,37.34,-107.61,M,24.5,28.5,31,26.5,26,24,23,M,22.5,23,23.5,26,23,19,17.5,17,16,15,14,15,18,16,15,13.5,9.5,6.5,3,0,M,3.5
US1COLR0252,"BELLVUE 1 NW","LARIMER",CO,5245,40.63,-105.18,M,M,M,M,M,M,M,M,M,M,T,T,0,M,M,M,M,T,M,T,M,M,0,M,0,M,M,M,M,M,M
US1COLR1043,"BELLVUE 2.1 S","LARIMER",CO,5482,40.6,-105.18,M,M,M,M,M,M,M,M,M,8,M,M,M,M,M,M,M,M,M,M,M,M,M,M,M,M,M,M,M,M,4
US1COLR1002,"BELLVUE 5.0 W","LARIMER",CO,6958,40.62,-105.26,M,M,8.5,M,M,M,M,M,M,M,M,M,M,M,M,M,M,M,M,M,M,M,M,M,M,M,M,M,M,M,M
US1COLR0004,"BELLVUE 5.9 W","LARIMER",CO,6612,40.6,-105.28,M,6.4,7,5,5.5,5,3,M,0.5,T,T,T,0.5,M,5.5,M,2.5,2,M,M,M,T,M,M,M,M,M,M,M,4,1.5
US1COJF0052,"BERGEN PARK 1.1 N","JEFFERSON",CO,7721,39.71,-105.36,M,M,8,M,M,M,M,M,M,M,M,M,M,M,M,M,M,M,M,M,M,M,M,M,M,M,M,M,M,4,M
US1COLR1129,"BERTHOUD 0.3 SW","LARIMER",CO,5040,40.3,-105.08,M,M,0.6,5.7,M,M,M,M,M,M,M,M,M,M,M,M,M,M,M,M,M,M,M,M,M,M,M,M,M,M,M
US1COLR0746,"BERTHOUD 1.1 N","LARIMER",CO,5064,40.32,-105.08,M,M,M,3.4,M,M,M,M,M,M,0,M,M,M,T,M,M,0,M,M,M,M,M,M,M,M,M,M,M,M,M
US1COLR1136,"BERTHOUD 3.0 NNW","LARIMER",CO,5157,40.35,-105.1,M,M,5.5,M,M,M,4,M,M,M,M,M,M,M,M,M,M,M,M,M,M,M,M,M,M,M,M,M,M,M,1
US1COLR0922,"BERTHOUD 4.4 WSW","LARIMER",CO,5180,40.28,-105.16,0,3,7,7,6,5,4,2.5,1,0,0,0,0,3,0,0,0,0,0,0,0,0,0,0,0,0,0,0,0,1,0
US1COLR0035,"BERTHOUD 5.2 SW","LARIMER",CO,5170,40.26,-105.16,M,3,5.5,5.5,4.5,M,M,M,M,M,M,M,M,M,M,M,M,M,M,M,M,M,M,M,M,M,M,M,M,0.5,M
US1COLR0752,"BERTHOUD 5.3 WSW","LARIMER",CO,5197,40.27,-105.17,M,4,7.5,7.8,M,M,M,M,M,M,M,M,M,M,M,M,M,M,M,M,M,M,M,M,M,M,M,M,M,1,M
USC00055795,"BEULAH (MPEC)","PUEBLO",CO,6625,38.05,-105,6,6,10,8,7,6,3,3,2,1,1,T,0,1,0,0,0,0,0,0,0,0,0,0,0,0,0,0,0,7,5
USC00050754,"BLACK CANYON OF THE GUNNISON","MONTROSE",CO,8149,38.55,-107.69,31,29,32,33,31,31,30,30,33,31,30,33,41,42,40,39,36,34,33,32,31,34,36,36,33,32,31,29,27,27,27
US1COEP0024,"BLACK FOREST 2.1 SSE","ELPASO",CO,7243,38.98,-104.69,1.5,0.5,5,6.5,5.5,M,M,M,M,M,M,T,T,11.5,M,M,M,M,M,M,M,M,2,M,T,M,M,T,T,2.5,1
US1COEP0376,"BLACK FOREST 3.0 NE","ELPASO",CO,7365,39.08,-104.63,M,M,M,2.3,M,M,M,M,M,M,M,M,M,M,M,3.5,M,M,M,M,M,M,3,M,M,M,M,M,M,M,M
US1COEP0396,"BLACK FOREST 3.8 W","ELPASO",CO,7439,39.04,-104.74,4,3,5,8,8,7,4,3,3,2,2,1,1,12,12,10,7,6,5,4,3,2,5,2,1,T,T,T,T,2,2
US1COEP0066,"BLACK FOREST 3.9 NNE","ELPASO",CO,7518,39.1,-104.64,M,M,M,M,M,M,M,M,M,M,M,M,M,M,M,M,M,M,M,3,M,M,M,M,M,M,M,M,M,M,M
USC00050756,"BLACK FOREST 6WNW","ELPASO",CO,6955,39.03,-104.8,T,T,2,3,3,2,T,T,T,T,T,T,T,M,M,4,3,2,T,T,T,T,1,T,T,T,T,T,T,4,1
US1COGL0010,"BLACK HAWK 2.9 NNE","GILPIN",CO,9263,39.84,-105.48,M,M,M,M,M,M,M,M,M,M,M,M,M,M,M,M,M,M,M,M,M,M,M,M,0.7,M,M,M,M,M,M
US1COCS0019,"BLANCA 0.3 S","COSTILLA",CO,7762,37.44,-105.51,M,M,M,M,M,M,M,M,M,M,M,M,M,M,M,M,M,M,M,M,M,M,M,M,M,M,M,M,M,M,0
USC00050797,"BLUE MESA LAKE","GUNNISON",CO,7566,38.47,-107.17,18,18,18,18,18,19,18,19,19,19,19,22,22,22,22,22,22,22,22,22,22,22,20,20,20,20,20,20,18,18,18
US1COSA0061,"BONANZA 6.6 S","SAGUACHE",CO,8035,38.19,-106.1,M,M,11.5,M,M,M,M,M,M,M,M,M,M,M,M,M,M,M,M,M,M,M,11.5,M,M,M,M,M,M,M,M
USC00050825,"BONHAM RESERVOIR","MESA",CO,9850,39.1,-107.9,M,M,M,82,M,M,84,M,M,M,91,M,M,M,102,M,M,M,M,M,M,M,M,M,106,M,M,M,M,M,M
USC00050839,"BOONE 9NNW","PUEBLO",CO,4793,38.37,-104.31,0,0,0,0,0,0,0,0,0,0,0,0,0,0,0,0,0,0,0,0,0,0,0,0,0,0,0,0,0,0,0
USC00050848,"BOULDER","BOULDER",CO,5483,39.99,-105.27,0,3,6,4,4,3,T,T,T,T,T,0,3,2,T,0,0,0,0,0,0,0,0,0,0,0,0,0,0,T,0
US1COBO0457,"BOULDER 0.7 ENE","BOULDER",CO,5274,40.03,-105.24,M,1.4,4.9,5.4,M,3.5,2,0.5,M,M,M,M,M,1.6,M,M,M,M,M,M,M,M,M,M,M,M,M,M,M,3,M
US1COBO0488,"BOULDER 1.1 NNW","BOULDER",CO,5359,40.04,-105.26,M,1.5,5,M,M,M,3,1.5,0.5,M,M,M,0,1.5,0,M,M,M,M,M,M,M,M,M,M,M,M,M,0,3.5,0
US1COBO0072,"BOULDER 1.3 NW","BOULDER",CO,5376,40.02,-105.27,M,0.5,5,5,4,3,2,0.5,T,T,0,0,M,2,T,T,0,0,M,M,M,M,M,M,M,M,M,M,M,4,T
US1COBO0472,"BOULDER 1.3 W","BOULDER",CO,5423,40.02,-105.28,M,M,5.3,M,M,M,M,M,M,M,M,M,M,M,M,M,M,M,M,M,M,M,M,M,M,M,M,M,M,M,M
US1COBO0409,"BOULDER 1.4 SE","BOULDER",CO,5265,40.01,-105.24,M,0.5,M,M,M,M,M,M,M,M,M,M,M,M,M,M,M,M,M,M,M,M,M,M,M,M,M,M,M,M,M
US1COBO0496,"BOULDER 1.5 NNW","BOULDER",CO,5371,40.05,-105.26,M,M,6.1,M,M,M,M,M,M,M,M,M,M,1.8,M,M,M,M,M,M,M,M,M,M,M,M,M,M,M,M,M
US1COBO0445,"BOULDER 1.5 SSW","BOULDER",CO,5336,40.01,-105.26,M,1,M,M,M,M,0.1,M,M,M,M,M,M,M,M,M,M,M,M,M,M,M,M,M,M,M,M,M,M,M,M
US1COBO0490,"BOULDER 1.5 WNW","BOULDER",CO,5413,40.04,-105.28,M,M,M,M,M,M,M,M,M,M,M,M,M,M,M,M,M,M,M,M,M,M,M,M,M,M,M,M,0,M,M
US1COBO0014,"BOULDER 1.6 S","BOULDER",CO,5471,39.99,-105.26,0,0.8,5,5,4,4,M,2,T,T,T,T,0,2,1,M,M,M,0,0,0,0,0,0,0,0,0,0,0,5.4,T
US1COBO0165,"BOULDER 1.8 ESE","BOULDER",CO,5265,40.01,-105.23,M,M,M,4.5,M,M,M,M,M,M,M,M,M,M,M,M,M,M,M,M,M,M,M,M,M,M,M,M,M,M,M
US1COBO0491,"BOULDER 1.8 W","BOULDER",CO,5425,40.03,-105.29,M,3.1,6.2,5.9,M,M,3.4,M,T,M,T,T,M,M,M,M,M,M,M,M,M,0,0,M,M,M,M,M,M,M,T
US1COBO0030,"BOULDER 1.9 SE","BOULDER",CO,5367,39.99,-105.24,0,0.5,4.6,4.7,4,3.5,2.5,1,T,T,T,T,0,3,1,T,T,T,0,0,0,0,0,0,0,0,0,0,0,4.7,T
US1COBO0446,"BOULDER 1.9 SSE","BOULDER",CO,5314,40,-105.24,M,M,M,5,M,M,M,M,M,M,M,M,M,M,M,M,M,M,M,M,M,M,M,M,M,M,M,M,M,M,M
US1COBO0380,"BOULDER 2.0 W","BOULDER",CO,5438,40.02,-105.29,M,M,M,5,M,M,M,M,M,M,T,M,M,M,M,M,T,M,M,M,M,M,M,M,M,0,M,M,M,M,T
US1COBO0437,"BOULDER 2.1 W","BOULDER",CO,5501,40.03,-105.29,M,1,5.5,6,M,4.3,M,M,M,M,M,M,M,2,0.3,M,0,M,M,M,M,M,M,M,M,M,M,M,M,M,M
US1COBO0402,"BOULDER 2.2 ENE","BOULDER",CO,5178,40.03,-105.21,M,M,M,3,M,M,M,M,M,M,M,M,M,M,M,M,M,M,M,M,M,M,M,M,M,M,M,M,M,M,M
US1COBO0452,"BOULDER 2.2 NW","BOULDER",CO,5597,40.04,-105.29,M,M,M,M,M,M,M,M,M,M,M,M,M,1.6,M,M,M,M,M,M,M,M,M,M,M,M,M,M,M,M,M
US1COBO0391,"BOULDER 2.2 W","BOULDER",CO,5554,40.03,-105.29,M,M,6.4,M,M,M,M,M,M,M,M,M,M,2.5,M,M,M,M,M,M,M,M,M,M,M,M,M,M,M,M,M
US1COBO0485,"BOULDER 2.3 SSW","BOULDER",CO,5531,40,-105.27,M,M,5.5,5.5,M,4,M,1.5,M,M,M,M,M,M,M,M,M,M,M,M,M,M,M,M,M,M,M,M,M,M,M
US1COBO0514,"BOULDER 2.4 SW","BOULDER",CO,5474,40,-105.28,0,M,M,M,5,M,3.5,2.5,2,1.5,0.5,T,T,3,2,1.5,M,T,0,0,0,0,0,0,0,M,M,0,0,5,0
US1COBO0298,"BOULDER 2.5 S","BOULDER",CO,5390,39.99,-105.26,M,0.5,4,4.3,M,M,0.2,0,M,M,M,M,0,1.8,M,M,M,M,M,M,M,M,0,M,M,M,M,M,0,4,M
US1COBO0494,"BOULDER 2.5 SW","BOULDER",CO,5642,40,-105.28,M,M,M,M,M,M,M,M,M,M,M,M,M,M,M,M,M,M,M,M,M,M,M,M,M,M,M,M,M,5,M
US1COBO0004,"BOULDER 2.9 S","BOULDER",CO,5396,39.99,-105.26,0,0.5,5,5,4,4,3,2,T,T,T,0,0,2,1,M,M,M,0,0,0,0,0,0,0,0,0,0,0,4.9,T
US1COBO0120,"BOULDER 3.0 E","BOULDER",CO,5265,40.01,-105.21,M,M,M,4.1,M,M,M,M,M,M,M,M,M,M,M,M,M,M,M,M,M,M,M,M,M,M,M,M,M,M,M
US1COBO0286,"BOULDER 3.5 S","BOULDER",CO,5560,39.98,-105.26,M,M,4.5,M,M,M,M,M,M,M,M,M,M,M,M,M,M,M,M,M,M,M,M,M,M,M,M,M,M,6,M
US1COBO0481,"BOULDER 3.6 SSE","BOULDER",CO,5475,39.98,-105.24,0,M,M,M,M,M,M,M,M,M,0,M,M,M,M,M,M,M,M,M,M,M,M,M,M,M,M,M,M,M,M
US1COBO0159,"BOULDER 3.6 WNW","BOULDER",CO,6904,40.04,-105.33,M,M,M,6.1,M,M,M,M,M,M,M,M,M,M,M,M,M,M,M,M,M,M,M,M,M,M,M,M,M,M,M
US1COBO0443,"BOULDER 4.2 ENE","BOULDER",CO,5181,40.06,-105.18,M,M,5,6,M,M,M,M,M,M,M,M,M,M,M,M,M,M,M,M,M,M,M,M,M,M,M,M,M,M,M
US1COBO0448,"BOULDER 4.4 NE","BOULDER",CO,5229,40.07,-105.19,M,M,M,M,M,M,M,M,M,M,M,M,M,M,M,M,M,M,T,M,M,M,M,M,M,M,M,0,M,M,M
US1COBO0282,"BOULDER 4.4 S","BOULDER",CO,5439,39.96,-105.24,M,0.6,2.4,1,1,M,M,M,M,M,M,M,M,1,M,M,M,M,M,M,M,M,M,M,M,M,M,M,M,4.5,M
US1COBO0442,"BOULDER 4.5 E","BOULDER",CO,5159,40.03,-105.17,M,M,M,5,M,M,M,M,M,M,M,M,M,M,M,M,M,M,M,M,M,M,M,M,M,M,M,M,M,M,M
US1COBO0482,"BOULDER 4.5 W","BOULDER",CO,6513,40.04,-105.34,M,M,4.5,5,4.5,3,2,M,M,M,M,M,M,M,4.5,M,M,M,M,M,M,M,M,M,M,M,M,M,M,M,M
US1COBO0067,"BOULDER 4.7 E","BOULDER",CO,5324,40,-105.18,T,0.5,4,4.5,4,3,2.5,1.5,0.5,T,T,T,T,3,2,T,T,T,T,T,T,T,T,T,0,0,0,0,0,3.5,T
US1COBO0220,"BOULDER 4.7 ENE","BOULDER",CO,5271,40.06,-105.17,T,1.5,4,4.5,3.5,3,2,0.5,T,M,T,T,0,3,1.5,M,M,T,T,T,M,T,0,0,0,0,M,0,0,2.5,T
US1COBO0135,"BOULDER 5.4 ESE","BOULDER",CO,5514,39.99,-105.17,M,M,4,M,M,M,M,M,M,M,M,M,M,M,M,M,M,M,M,M,M,M,M,M,M,M,M,M,M,3.5,M
US1COBO0230,"BOULDER 6.8 WNW","BOULDER",CO,7774,40.08,-105.36,M,2.2,M,M,M,M,M,M,M,M,M,M,2.6,M,M,M,M,M,M,M,M,M,M,M,M,M,M,M,M,M,M
USC00050909,"BRECKENRIDGE","SUMMIT",CO,9596,39.49,-106.04,33,36,46,52,50,49,66,70,77,74,70,68,71,73,70,67,63,59,55,56,52,52,49,44,44,40,37,36,35,36,35
US1COSU0067,"BRECKENRIDGE 1.9 SSE","SUMMIT",CO,9885,39.48,-106.03,M,M,38.5,M,M,M,M,M,48,M,M,M,M,M,M,M,M,M,M,M,M,M,39.5,M,M,M,M,M,M,M,M
USC00050945,"BRIGGSDALE","WELD",CO,4861,40.63,-104.33,0,1,2,2,1,1,1,T,T,0,0,0,0,4,4,3,2,T,T,0,0,0,0,0,0,0,0,0,0,1,0
US1COAD0087,"BRIGHTON 1.7 ESE","ADAMS",CO,5065,39.98,-104.79,M,M,3.8,M,M,M,M,M,M,M,M,M,M,4.7,M,M,M,M,M,M,M,M,M,M,M,M,M,M,M,1,M
US1COAD0204,"BRIGHTON 1.9 NNW","ADAMS",CO,4989,39.98,-104.81,M,M,M,M,M,M,M,M,M,M,M,M,M,M,M,M,M,M,M,M,M,M,M,M,M,M,M,0,0,0,0
US1COAD0120,"BRIGHTON 2.1 NNW","ADAMS",CO,4931,39.98,-104.81,M,0.5,3.5,3,2.5,2.5,M,M,M,M,M,M,M,7,4.5,3.5,2,M,M,M,M,M,M,M,M,M,M,M,M,1.5,M
US1COAD0171,"BRIGHTON 2.7 ESE","ADAMS",CO,5103,39.95,-104.75,M,M,M,M,M,M,M,M,M,M,M,M,M,M,M,M,M,M,M,M,M,M,M,M,M,M,M,M,M,1,M
USC00050950,"BRIGHTON 3 SE","ADAMS",CO,5015,39.94,-104.84,T,T,2,2,1,1,T,T,0,0,0,0,0,4,2,2,T,T,T,T,0,0,0,0,0,0,0,0,0,T,0
US1COAD0123,"BRIGHTON 4.0 WNW","ADAMS",CO,5110,39.97,-104.87,M,M,3.5,3.5,2.4,1.4,M,M,M,M,M,M,M,M,M,M,M,M,M,M,M,M,M,M,M,M,M,M,M,1.5,M
US1COBO0002,"BROOMFIELD 1.2 NE","BOULDER",CO,5458,39.94,-105.08,0,T,3.5,3.5,3,2,1,T,0,0,0,0,0,3.5,2,0.5,T,0,0,0,0,0,0,0,0,0,0,0,0,4.5,T
US1COBR0023,"BROOMFIELD 1.6 ENE","BROOMFIELD",CO,5273,39.95,-105.03,M,M,M,M,M,M,M,M,M,M,0,M,M,M,M,M,M,M,M,M,M,M,M,M,M,M,M,0,M,M,M
US1COJF0072,"BROOMFIELD 2.3 SSW","JEFFERSON",CO,5435,39.88,-105.11,M,M,3,3,M,M,1.5,1,M,T,T,T,T,4,3.3,2,1,T,T,T,0,0,0,0,0,0,0,0,M,M,0
US1COBR0032,"BROOMFIELD 3.2 NNE","BROOMFIELD",CO,5230,39.99,-105.05,0,0.5,4,4,3,2,0.5,T,0,0,0,0,0,3.5,1.5,0.5,T,T,0,0,0,0,0,0,0,0,0,0,0,3,T
US1COMR0084,"BRUSH 0.3 E","MORGAN",CO,4244,40.26,-103.63,M,M,4,M,M,M,M,M,M,M,M,M,0,0,M,M,M,M,M,M,M,M,M,M,M,M,M,M,M,M,M
US1COMR0001,"BRUSH 0.8 S","MORGAN",CO,4254,40.25,-103.62,M,M,3.5,3,M,M,M,M,M,M,M,M,M,M,M,M,M,M,M,M,M,M,M,M,M,M,M,M,M,M,M
US1COMR0083,"BRUSH 7.3 SSE","MORGAN",CO,4303,40.15,-103.6,0.5,M,4,M,M,M,M,M,M,M,M,M,M,3,4,M,M,M,M,M,M,M,M,M,M,M,M,M,M,M,M
USC00051060,"BUCKHORN MTN 1 E","LARIMER",CO,7398,40.62,-105.3,T,7,8,7,5,4,4,2,1,T,T,T,2,6,4,3,2,2,T,T,0,0,2,T,0,0,0,0,0,4,1
US1COCF0006,"BUENA VISTA 1.5 WNW","CHAFFEE",CO,8039,38.85,-106.16,M,1.4,M,M,M,M,M,M,M,M,M,M,M,M,M,M,M,M,M,M,M,M,M,M,M,M,M,M,M,M,M
US1COCF0061,"BUENA VISTA 2.6 S","CHAFFEE",CO,8006,38.8,-106.13,M,M,M,M,M,M,M,M,M,M,M,M,M,M,M,M,M,M,M,0,M,M,M,M,M,M,M,M,M,M,M
USC00051071,"BUENA VISTA 2S","CHAFFEE",CO,7952,38.82,-106.13,1,1,2,2,2,T,T,0,T,0,0,1,1,T,T,0,0,0,0,0,0,4,0,0,0,0,0,0,0,0,0
US1COCF0025,"BUENA VISTA 4.0 WNW","CHAFFEE",CO,8807,38.86,-106.21,10,10,11,11,9,8,10,9,10,9,7,9,8,7,7,6,5,4.5,4,3.5,3,5,4,3.5,3,2.5,2,1.5,1.5,1.5,1
US1COCF0005,"BUENA VISTA 8.9 NNW","CHAFFEE",CO,8472,38.96,-106.2,M,M,M,M,M,M,M,M,M,M,M,M,7.5,M,M,M,M,M,M,M,M,M,M,M,M,M,M,M,M,M,M
USC00051121,"BURLINGTON","KITCARSON",CO,4161,39.31,-102.26,0,0,4,4,3,2,1,0,0,0,0,0,0,1,0,0,0,0,0,0,0,0,0,0,0,0,0,0,0,1,0
US1COKC0080,"BURLINGTON 8.4  NNE","KITCARSON",CO,4041,39.42,-102.2,M,0.2,3.8,M,M,M,M,M,M,M,M,M,M,M,M,M,M,M,M,M,M,M,M,M,M,M,M,M,M,M,M
USW00003026,"BURLINGTON CARSON AP","KITCARSON",CO,4191,39.24,-102.28,M,M,M,M,M,M,M,M,M,M,M,M,M,M,M,M,M,M,M,M,M,M,M,M,M,M,M,M,M,M,0
US1COAR0056,"BYERS 0.1 N","ARAPAHOE",CO,5196,39.71,-104.23,M,M,M,M,4,M,M,M,M,M,M,M,M,M,5,M,M,M,M,M,M,M,M,M,M,M,M,M,M,M,M
USC00051179,"BYERS 5 ENE","ADAMS",CO,5100,39.74,-104.13,0,0,4,4,4,2,T,0,0,0,0,0,0,8,7,6,4,2,T,T,0,0,0,0,0,0,0,0,0,T,0
USC00051186,"CABIN CREEK","CLEARCREEK",CO,10017,39.66,-105.71,20,20,25,25,24,22,30,32,37,35,32,31,32,31,30,29,29,28,27,26,25,25,23,21,20,20,20,18,16,19,18
US1COEP0354,"CALHAN 5.6 S","ELPASO",CO,6733,38.95,-104.31,M,M,M,2.5,2,1.5,M,M,M,M,M,M,M,1.5,2,0.5,M,M,M,M,M,M,3.5,M,M,M,M,M,M,3,M
US1COBA0009,"CAMPO 7.8 NE","BACA",CO,4195,37.18,-102.47,M,M,M,4.7,M,M,M,M,M,M,M,M,M,M,M,M,M,M,M,M,M,M,M,M,M,M,M,M,M,M,M
USC00051268,"CAMPO 7 S","BACA",CO,4104,37.01,-102.55,0,0,3,0,1,0,0,0,0,0,0,0,0,0,0,0,0,0,0,0,0,0,0,0,0,0,0,0,0,0,0
USC00051294,"CANON CITY","FREMONT",CO,5377,38.46,-105.23,0,0,6,5,3,2,T,0,0,0,0,0,0,0,T,0,0,0,0,0,0,0,0,0,0,0,0,0,0,T,0
US1COFM0071,"CANON CITY 0.7 NE","FREMONT",CO,5485,38.47,-105.23,M,M,3.5,2.5,0.5,T,M,M,M,M,T,M,M,M,M,M,M,M,M,M,M,M,M,M,M,M,M,M,M,M,M
US1COFM0011,"CANON CITY 1.0 NNE","FREMONT",CO,5504,38.48,-105.24,M,M,4,3.9,2.8,2.5,M,M,M,M,T,M,M,M,T,M,M,M,M,M,M,M,M,M,M,M,M,M,M,M,M
US1COFM0019,"CANON CITY 1.3 ENE","FREMONT",CO,5341,38.45,-105.22,M,M,4.5,4.5,0.5,M,M,M,M,M,M,M,M,M,T,M,M,M,M,M,M,M,M,M,M,M,M,M,M,M,M
US1COFM0034,"CANON CITY 2.5 ENE","FREMONT",CO,5337,38.45,-105.2,M,M,5,3,M,M,M,M,M,M,M,M,M,M,M,M,M,M,M,M,M,M,M,M,M,M,M,M,M,M,M
US1COFM0009,"CANON CITY .84 SE","FREMONT",CO,5393,38.43,-105.23,0,0,4,3,1,1,M,M,M,M,M,M,M,M,M,M,M,M,M,M,M,M,M,M,M,M,M,M,M,M,M
US1COCN0006,"CAPULIN 2.9 ENE","CONEJOS",CO,7740,37.29,-106.07,M,M,M,M,M,M,M,M,M,M,2.9,M,M,M,M,M,M,M,M,M,M,M,M,M,M,M,M,M,M,M,M
US1COGF0047,"CARBONDALE 0.5 W","GARFIELD",CO,6169,39.4,-107.22,8,8,10,11,M,8,5,6,8,7,M,5,5,4,M,M,M,T,M,M,M,T,T,T,T,M,M,M,M,0.5,T
US1COGF0049,"CARBONDALE 4.6 NNE","GARFIELD",CO,6519,39.46,-107.18,17.5,16,20.5,20.5,18,16.5,16,17,19.5,18,17,17,19,18.5,18,17.5,17.5,16,16,15,14,14,13,12.5,11.5,10.5,10,9,9,9,7.5
US1COEG0037,"CARBONDALE 5.7 E","EAGLE",CO,6425,39.4,-107.11,8.5,8,11.5,13,M,10.5,8,8,11.5,10.5,8,6.5,8,8.5,M,M,M,M,M,M,0,M,M,M,M,M,M,M,M,M,M
US1COEG0051,"CARBONDALE 5.9 ENE","EAGLE",CO,7316,39.43,-107.11,M,M,M,M,M,M,M,M,M,M,M,M,M,M,M,M,M,M,M,M,21.5,M,M,M,M,M,M,M,M,M,M
US1COWE0127,"CARR 0.6 S","WELD",CO,5698,40.89,-104.88,M,5,8,7,4,3,2.5,1,M,M,M,M,0,6,0,M,M,M,M,M,M,M,T,M,M,M,M,M,M,1,M
USC00051401,"CASTLE ROCK","DOUGLAS",CO,6183,39.41,-104.91,0,0,3,2,1,M,T,0,0,0,0,0,T,4,3,T,T,0,0,0,0,0,T,0,T,T,0,0,0,2,0
US1CODG0062,"CASTLE ROCK 1.7 SSW","DOUGLAS",CO,6340,39.35,-104.86,M,T,3.5,4.5,4,3.5,3,0.5,0.5,T,M,T,M,6.5,6,5,4,3.5,3,2.5,2,1,1,T,T,M,M,M,M,3,1.5
US1CODG0145,"CASTLE ROCK 2.9 WNW","DOUGLAS",CO,6277,39.39,-104.9,M,M,2,2.5,T,M,M,M,0.5,M,M,M,M,12.5,10,6.5,3,M,M,M,M,M,M,M,M,M,M,M,M,2,M
US1CODG0157,"CASTLE ROCK 6.5 NNW","DOUGLAS",CO,6521,39.46,-104.89,M,M,M,M,M,M,M,M,M,M,M,M,M,M,M,M,M,M,M,M,M,M,M,M,M,M,M,M,M,4,M
US1CODL0040,"CEDAREDGE 1.0 NE","DELTA",CO,6353,38.91,-107.91,M,M,M,5.5,M,M,M,M,M,M,M,M,M,M,M,M,M,M,M,M,M,M,M,M,M,M,M,M,M,M,M
USC00051441,"CEDAREDGE 1E","DELTA",CO,6687,38.9,-107.9,M,M,M,M,M,M,M,M,M,M,M,M,M,M,M,M,M,M,M,M,M,M,M,M,0,M,M,M,M,M,M
USC00051443,"CEDAREDGE 3E","DELTA",CO,6836,38.9,-107.89,6,M,M,M,M,M,M,M,M,M,M,M,M,M,M,M,M,M,M,M,M,M,M,M,M,M,M,M,M,M,M
US1COAR0214,"CENTENNIAL 2.0 SW","ARAPAHOE",CO,5630,39.58,-104.97,M,M,4.5,4.5,3.5,1.5,0.2,M,M,M,M,M,M,7.5,6.5,2.5,0.5,M,M,M,M,M,M,M,M,M,M,M,M,M,M
US1COAR0337,"CENTENNIAL 3.5 W","ARAPAHOE",CO,5523,39.6,-104.93,M,M,4,M,M,M,M,M,M,M,M,M,0,5,M,M,M,M,M,M,M,M,M,M,M,M,M,M,M,M,M
US1COAR0164,"CENTENNIAL 3.7 W","ARAPAHOE",CO,5531,39.61,-104.94,M,M,M,3.7,M,M,M,M,M,M,M,M,M,M,M,M,M,M,M,M,M,M,M,M,M,M,M,M,M,M,2.5
US1COAR0085,"CENTENNIAL 5.5 E","ARAPAHOE",CO,5986,39.58,-104.76,M,M,3,M,M,M,M,M,M,M,M,M,M,M,M,M,M,M,M,M,M,M,M,M,M,M,M,M,M,3,M
US1COAR0358,"CENTENNIAL 6.9 E","ARAPAHOE",CO,5862,39.6,-104.74,M,M,2,M,M,M,0.2,M,M,M,M,M,M,M,M,M,M,M,M,M,M,M,T,M,M,M,M,M,M,3.5,M
US1COJF0061,"CHATFIELD DAM 2 NW","JEFFERSON",CO,5583,39.58,-105.08,0,0,2.8,M,M,M,T,0,0,0,M,0,0,8.5,8.5,6,3,1,0,0,0,0,0,M,0,0,0,0,0,3.2,0
USC00051528,"CHEESMAN","JEFFERSON",CO,6878,39.22,-105.28,0,0,4,6,4,0,0,0,0,0,0,0,2,9,8,5,3,0,0,0,0,0,T,0,0,0,0,0,0,1,0
US1COOT0006,"CHERAW .15 NNE","OTERO",CO,4143,38.11,-103.51,0.5,0,1.9,2.7,0.5,0,0,0,0,0,0,0,0,0,0,0,0,0,0,0,0,0,0,0,0,0,0,0,0,0.5,0
USC00051539,"CHERAW 1 N","OTERO",CO,4146,38.12,-103.51,0,0,0,0,0,0,0,0,0,0,0,0,0,0,0,0,0,0,0,0,0,0,0,0,0,0,0,0,0,0,0
USC00051564,"CHEYENNE WELLS 2NE","CHEYENNE",CO,4202,38.86,-102.33,M,M,6,6,M,M,0,0,0,0,0,0,0,T,0,0,0,0,0,0,0,0,0,0,0,0,0,0,0,0,0
US1COGN0047,"CIMARRON 11.2 S","GUNNISON",CO,8354,38.29,-107.55,27.5,27,32.5,40,39,37,35.5,36,39,38,38,42,43.5,44,41,41,40.5,38.5,38,37.5,36.5,37.5,39,36.5,38,36,35.5,34,31,30,30
US1COME0153,"CLIFTON 1.2 E","MESA",CO,4651,39.08,-108.44,M,M,M,M,M,0,0,M,0,0,M,M,0,M,M,M,M,M,M,M,M,M,0,0,0,M,M,M,M,M,M
USC00051660,"CLIMAX","LAKE",CO,11341,39.37,-106.19,62,65,70,77,71,67,M,94,88,84,81,80,78,80,78,77,75,73,73,73,73,74,76,76,76,71,69,68,67,68,70
USC00051681,"COAL CREEK CANYON","JEFFERSON",CO,8948,39.9,-105.38,14,16,18,17,17,15,17,19,18,18,19,16,36,33,31,29,27,26,26,24,23,24,23,23,22,20,18,16,17,21,19
USC00051713,"COCHETOPA CREEK","GUNNISON",CO,8004,38.44,-106.76,24,22,24,23,22,22,23,24,24,24,24,27,25,24,24,24,24,24,24,24,24,24,24,23,23,22,22,21,20,20,20
US1COME0053,"COLLBRAN 0.2 ESE","MESA",CO,6041,39.24,-107.96,M,M,15,M,M,M,M,M,M,M,M,M,7,M,M,M,M,M,M,M,M,M,M,M,M,M,M,M,M,M,M
USC00051743,"COLLBRAN 1WSW","MESA",CO,6007,39.24,-107.98,10,9,12,11,11,10,8,7,8,7,6,5,9,7,6,5,5,5,2,1,0,1,1,T,0,0,0,0,0,T,0
USC00051772,"COLORADO NATIONAL MONUMENT","MESA",CO,5779,39.1,-108.73,0,0,0,0,0,0,0,0,0,0,0,0,0,0,0,0,0,0,0,0,0,0,0,0,0,0,0,0,0,0,0
US1COEP0194,"COLORADO SPRINGS 1.1 NE","ELPASO",CO,6063,38.84,-104.81,M,0,6.5,7,3.5,2,T,0,0,0,0,0,0,2,1.5,T,T,0,0,0,0,M,0,0,0,0,0,0,0,1,0
US1COEP0303,"COLORADO SPRINGS 1.1 W","ELPASO",CO,6007,38.83,-104.84,M,M,5,5.5,4,4,0.5,M,M,M,M,M,M,2,T,M,M,M,M,M,M,M,M,M,M,M,M,M,M,1.5,M
US1COEP0357,"COLORADO SPRINGS 12.5 NNE","ELPASO",CO,7211,39,-104.72,M,M,2.4,3.5,M,M,M,M,M,M,M,M,0,M,M,M,M,M,M,M,M,M,1.7,M,M,M,M,M,0,2,M
US1COEP0192,"COLORADO SPRINGS 13.9 NNE","ELPASO",CO,7283,39.03,-104.75,M,M,1.5,2,M,M,M,M,M,M,M,M,M,10,M,M,M,M,M,M,M,M,M,2,M,M,M,M,M,3,M
US1COEP0389,"COLORADO SPRINGS 1.8 NNW","ELPASO",CO,6078,38.86,-104.83,M,M,M,7,M,M,M,M,M,M,M,M,M,M,2,M,M,M,M,M,M,M,M,M,M,M,M,M,M,M,M
US1COEP0064,"COLORADO SPRINGS 2.1 NW","ELPASO",CO,6192,38.85,-104.85,0.5,0.5,6.8,9.5,8,4,2,0.5,T,T,T,T,T,2.5,1,T,T,T,M,M,M,M,M,M,M,M,M,M,M,1,T
US1COEP0382,"COLORADO SPRINGS 2.2 WNW","ELPASO",CO,6146,38.85,-104.86,M,M,M,7.5,2.5,M,M,M,M,M,M,M,M,M,M,M,M,M,M,M,M,M,M,M,M,M,M,M,M,M,M
US1COEP0309,"COLORADO SPRINGS 2.7 NE","ELPASO",CO,6279,38.86,-104.79,M,M,M,8,7,5,M,M,M,M,M,M,M,1,M,M,M,M,M,M,M,M,M,M,M,M,M,M,M,M,0
US1COEP0210,"COLORADO SPRINGS 3.0 S","ELPASO",CO,5996,38.79,-104.81,M,M,5.2,6.5,5.5,4.5,M,M,M,M,M,M,M,0.2,M,M,M,M,M,M,M,M,M,M,M,M,M,M,M,1.5,0.5
US1COEP0344,"COLORADO SPRINGS 3.1 NW","ELPASO",CO,6327,38.86,-104.87,M,M,6,7,M,M,M,M,M,M,M,M,M,4.5,M,M,M,M,M,M,M,M,M,M,M,M,M,M,M,1,M
US1COEP0387,"COLORADO SPRINGS 3.3 NW","ELPASO",CO,6415,38.87,-104.86,M,M,5,7.5,6.5,4,0.5,M,M,M,M,M,M,M,M,M,M,M,M,M,M,M,M,M,M,M,M,M,M,1,M
US1COEP0264,"COLORADO SPRINGS 3.5 S","ELPASO",CO,6031,38.78,-104.83,M,M,M,M,M,M,M,M,M,M,M,M,M,M,M,M,M,M,M,M,M,M,M,M,0,M,M,M,M,M,M
US1COEP0188,"COLORADO SPRINGS 3.7 ENE","ELPASO",CO,6320,38.86,-104.76,T,T,5.6,5.2,4,2.5,T,T,T,T,T,T,T,4,2.5,1,T,T,T,T,T,T,T,0,0,0,0,0,0,0.6,T
US1COEP0337,"COLORADO SPRINGS 4.1 S","ELPASO",CO,6133,38.77,-104.83,M,M,M,4.5,M,M,M,M,M,M,M,M,M,M,M,M,M,M,M,M,M,M,M,M,M,M,M,M,M,M,M
US1COEP0333,"COLORADO SPRINGS 5.0 ENE","ELPASO",CO,6269,38.85,-104.73,M,M,4.5,4.5,3.5,2,M,M,M,M,M,M,M,3,2,M,M,M,M,M,M,M,M,M,M,M,M,M,M,0.5,M
US1COEP0228,"COLORADO SPRINGS 5.0 NNE","ELPASO",CO,6393,38.9,-104.78,M,M,6,7,2.5,1,M,M,M,M,M,M,M,4,2.5,M,M,M,M,M,M,M,M,M,M,M,M,M,M,1,M
US1COEP0037,"COLORADO SPRINGS 5.7 WNW","ELPASO",CO,6602,38.91,-104.85,0,0,5,4.5,3,0,0,0,0,0,0,0,0,5,3,0,0,0,0,T,0,0,0.2,0,0,0,0,0,0,2.5,T
US1COEP0362,"COLORADO SPRINGS 5.8 NNW","ELPASO",CO,6630,38.91,-104.87,M,M,4.5,6.8,M,M,M,M,M,M,M,M,0,M,M,M,M,M,M,M,M,M,M,M,M,M,M,M,M,2.5,M
US1COEP0180,"COLORADO SPRINGS 6.6 SE","ELPASO",CO,5964,38.78,-104.73,0,T,3,3,2.5,1.5,0,0,0,0,0,0,0,0.5,0,0,0,0,0,0,0,0,0,0,0,0,0,0,0,T,0
US1COEP0347,"COLORADO SPRINGS 6.9 ENE","ELPASO",CO,6488,38.88,-104.71,T,T,5,7,3,2.5,T,M,M,M,M,M,M,M,M,1,T,T,T,T,T,M,T,M,M,M,M,M,M,0.5,0
US1COEP0258,"COLORADO SPRINGS 7.0 NNW","ELPASO",CO,6688,38.93,-104.86,M,M,M,M,M,M,M,M,M,M,M,M,M,5.5,4,2.5,1,0.5,M,M,M,M,M,M,M,M,M,M,M,2.5,M
US1COEP0392,"COLORADO SPRINGS 7.1 N","ELPASO",CO,6449,38.94,-104.84,M,M,2.5,3.2,M,M,M,M,M,M,M,M,M,5,M,M,M,M,M,M,M,M,M,M,M,M,M,M,M,M,M
US1COEP0207,"COLORADO SPRINGS 7.1 NNW","ELPASO",CO,6683,38.94,-104.85,M,M,M,M,M,M,M,M,M,M,M,M,M,M,M,M,M,M,M,M,M,M,T,M,M,M,M,M,M,M,M
US1COEP0359,"COLORADO SPRINGS 7.2 ENE","ELPASO",CO,6534,38.89,-104.71,M,M,4.9,M,M,M,M,M,M,M,M,M,M,3,3,M,M,M,M,M,M,M,M,M,M,M,M,M,M,0.2,M
US1COEP0356,"COLORADO SPRINGS 7.3 NE","ELPASO",CO,6849,38.91,-104.73,M,M,M,M,M,M,M,M,M,M,0,M,M,M,M,M,M,M,M,M,M,M,M,M,M,M,M,M,M,M,M
US1COEP0291,"COLORADO SPRINGS 8.2 SE","ELPASO",CO,5733,38.74,-104.73,M,M,3.5,4,2.5,M,M,M,M,M,M,M,M,M,M,M,M,M,M,M,M,M,0,M,0,M,M,M,0,T,M
US1COEP0345,"COLORADO SPRINGS 9.5 NNE","ELPASO",CO,6877,38.95,-104.73,M,M,M,7.8,M,M,M,M,M,M,M,M,M,M,M,M,M,M,M,M,M,M,M,M,M,M,M,M,M,M,M
USW00093037,"COLORADO SPRINGS MUNICIPAL AP","ELPASO",CO,6180,38.81,-104.69,0,0,3.9,3.9,3.1,2,0,0,0,0,0,0,0,2,1.2,T,0,0,0,0,0,0,0,0,0,0,0,0,0,T,0
US1COJF0078,"CONIFER 2.1 WSW","JEFFERSON",CO,8915,39.51,-105.34,3,M,5,5,M,M,3,M,3,M,M,M,M,M,M,M,M,M,11,M,M,M,6,M,6,M,M,M,M,6,M
US1COJF0053,"CONIFER 3.2 SW","JEFFERSON",CO,8480,39.49,-105.35,3.5,3.5,5.5,6,5,4,2,2,2,1.5,1.5,1,1,15.5,13,11,9,8,6,6,5,4,4,4,3.5,2.5,1,T,T,4,2
US1COJF0386,"CONIFER 5.2 WNW","JEFFERSON",CO,9393,39.55,-105.39,M,M,29,30,M,M,M,M,M,M,M,M,33.5,45.5,M,M,M,M,M,M,M,M,M,M,M,M,M,M,M,M,M
US1COJF0222,"CONIFER 5.7 SW","JEFFERSON",CO,8541,39.47,-105.39,T,0,4,4.1,3,1.7,0.1,M,0.5,0,0,M,0.7,11.5,11.5,9.5,5.2,3,0.7,0,0,T,0.2,0,0.2,0,0,0,0,3,2
USC00051886,"CORTEZ","MONTEZUMA",CO,6165,37.34,-108.6,T,0,0,T,0,0,0,0,0,0,0,0,2,1,0,0,0,0,0,0,0,T,0,0,0,0,0,0,0,0,0
US1COMZ0052,"CORTEZ 1.0 ESE","MONTEZUMA",CO,6170,37.35,-108.56,M,M,M,0.5,M,M,M,M,M,M,0,M,M,M,M,M,M,M,M,M,M,M,M,M,M,M,M,M,M,M,M
US1COMZ0060,"CORTEZ 1.1 ENE","MONTEZUMA",CO,6173,37.36,-108.56,M,M,M,0.5,M,M,M,M,M,M,M,M,2,M,M,M,M,M,M,M,M,0.8,M,M,M,M,M,M,M,M,M
US1COMZ0034,"CORTEZ 1.2 SW","MONTEZUMA",CO,6163,37.34,-108.59,0.5,0.5,T,0.5,T,M,0,M,M,M,M,M,1.5,T,T,M,M,M,M,M,M,T,M,M,M,M,M,M,M,M,M
US1COMZ0051,"CORTEZ 7.8 WSW","MONTEZUMA",CO,5719,37.33,-108.72,3,2,1.5,1,1,M,0,M,M,M,M,M,M,T,M,M,M,M,M,M,M,M,M,M,M,M,M,M,M,M,M
USC00051932,"CRAIG 4SW","MOFFAT",CO,6494,40.45,-107.59,7,M,M,15,15,14,10,10,M,M,12,12,18,15,15,M,M,14,12,10,8,6,M,M,4,4,3,3,2,M,M
US1CODL0048,"CRAWFORD 3.6 SW","DELTA",CO,6901,38.67,-107.66,10,9,9,9,M,7.5,6,6,7,6,M,5.5,5,M,5,4.5,4,2,0,M,M,M,1.5,0.5,0,M,M,M,M,0,M
US1COMN0004,"CREEDE 0.2 WSW","MINERAL",CO,8918,37.85,-106.93,15.5,14.5,18.5,15,14.5,14,15.5,15,16,15,15,32,30.5,26,24.5,24.5,24.5,24,24,23,22,22,23,22.5,21.5,20.5,20,18.5,17,16.5,16.5
USC00051959,"CRESTED BUTTE","GUNNISON",CO,8865,38.87,-106.98,27,32,40,41,37,39,44,44,43,39,37,39,40,38,36,36,36,36,35,33,32,31,31,30,30,28,27,25,23,24,23
US1COGN0018,"CRESTED BUTTE 6.2 N","GUNNISON",CO,9604,38.96,-106.99,65,71.5,81,83.5,81,80.5,89.5,91.5,93.5,89.5,87,88,90.5,89,87.5,86.5,85,84.5,83.5,82,81,81,80.5,79.5,80.5,78.5,77.5,75,72.5,72.5,72
US1COSA0002,"CRESTONE 1.2 SSE","SAGUACHE",CO,8083,37.98,-105.69,7,6,5.5,7,4,4,2,1,1,T,T,1,2.5,3.5,2,0.5,T,T,T,T,T,T,0.5,T,T,T,T,T,0,0,T
USC00051964,"CRESTONE 2 SE","SAGUACHE",CO,8001,37.98,-105.69,5,4,6,4,4,2,1,1,T,T,1,T,3,2,1,T,T,T,T,T,T,1,T,T,T,T,T,0,0,0,3
US1COSA0066,"CRESTONE 5.3 SSE","SAGUACHE",CO,8321,37.93,-105.65,2,2,3,3.5,1.5,1,1,0.5,0.5,0.5,3,1.5,1,2,1,0.5,T,T,T,T,T,T,0.5,T,T,T,T,T,T,T,T
USC00051977,"CRIPPLE CREEK 3NNW","TELLER",CO,9233,38.8,-105.2,2,2,3,5,3,2,2,2,2,2,2,3,5,13,12,11,10,8,6,5,4,4,4,4,3,3,3,3,2,3,3
US1COTL0016,"CRIPPLE CREEK 5.1 NW","TELLER",CO,8506,38.81,-105.23,0.5,0.5,2,3,2,0.5,0.5,0.5,0.5,0.5,0.5,1,2.5,8.5,8,7,4,2,2,1,1,0.5,1,0.5,1,0.5,0.5,0.5,0.5,1,0.5
USC00051996,"CROOK","LOGAN",CO,3708,40.86,-102.8,0,T,2,2,2,1,1,0,0,0,0,0,0,T,T,T,0,0,0,0,0,0,0,0,0,0,0,0,2,0,0
US1COCR0008,"CROWLEY 0.2 E","CROWLEY",CO,4351,38.19,-103.85,M,M,1.5,1.7,M,M,M,M,M,M,M,M,M,M,M,M,M,M,M,M,M,M,M,M,M,M,M,M,M,0,M
USC00051786,"CUMBRE VISTA - COLORADO SPRINGS 1","ELPASO",CO,6947,38.95,-104.71,T,T,5,5,3,2,1,T,T,0,0,0,0,7,6,4,2,1,T,T,T,T,1,T,T,0,0,0,0,1,T
US1COME0136,"DE BEQUE 7.1 SSE","MESA",CO,5605,39.24,-108.15,M,M,M,M,M,M,M,M,M,M,M,M,1,M,M,M,M,M,M,M,M,M,M,M,M,M,M,M,M,M,M
US1COAR0217,"DEER TRAIL 0.4 SSW","ARAPAHOE",CO,5192,39.61,-104.04,M,M,4,M,M,M,M,M,M,M,M,M,M,M,M,M,M,M,M,M,M,M,M,M,M,M,M,M,M,1,M
US1COEL0085,"DEER TRAIL 6.6 SW","ELBERT",CO,5466,39.55,-104.13,0,T,4,4,3.5,3,0.5,T,0,0,0,0,0,5,5,4,2,1,T,0,0,0,0.5,0,0,0,0,0,0,0.5,0
US1CORG0009,"DEL NORTE 0.25 NW","RIOGRANDE",CO,7882,37.68,-106.36,M,M,M,M,M,M,M,M,M,M,M,M,M,M,M,M,M,M,M,M,M,M,M,M,M,M,M,M,M,M,T
US1CORG0016,"DEL NORTE 3.3 E","RIOGRANDE",CO,7824,37.68,-106.29,M,M,M,M,M,M,M,M,M,M,M,M,M,M,M,M,M,M,M,M,M,M,M,T,M,M,M,M,M,M,M
USC00052184,"DEL NORTE 3ENE","RIOGRANDE",CO,7843,37.69,-106.31,4,2,1,2,0,0,0,0,T,0,T,15,6,6,6,4,2,T,0,0,0,T,0,0,0,0,0,0,0,0,T
USC00052196,"DELTA 3E","DELTA",CO,5026,38.75,-108.03,0,0,0,0,0,0,0,0,0,0,0,0,0,0,0,0,0,0,0,0,0,T,0,0,0,0,0,0,0,0,0
US1CODN0112,"DENVER 0.2 NNW (BOTANIC GARDENS)","DENVER",CO,5396,39.73,-104.96,M,M,M,3.5,M,M,M,M,M,M,M,M,M,M,M,M,M,M,M,M,M,M,M,M,M,M,M,M,M,M,M
US1CODN0175,"DENVER 0.4 E","DENVER",CO,5371,39.73,-104.95,T,T,4,4,2,2,T,T,T,T,T,T,T,5,3,T,T,T,T,T,M,M,M,M,M,M,M,M,M,2,M
US1CODN0280,"DENVER 1.1 NE","DENVER",CO,5312,39.74,-104.95,M,M,M,3.8,M,M,M,M,M,M,M,M,M,M,M,M,M,M,M,M,M,M,M,M,M,M,M,M,M,M,M
USC00052213,"DENVER 1 SW 7NEWS","DENVER",CO,5248,39.73,-104.99,0,0,3,T,0,0,T,0,T,0,0,0,0,6,3,0,0,0,0,0,0,0,0,0,0,0,0,0,0,2,1
US1CODN0264,"DENVER 2.1 ENE","DENVER",CO,5358,39.74,-104.92,M,M,3.5,3.5,2.5,M,1,M,M,M,M,M,M,5.5,1.5,M,M,M,M,M,M,M,M,M,M,M,M,M,M,3,M
US1CODN0025,"DENVER 2.1 ESE","DENVER",CO,5399,39.73,-104.95,M,M,4.4,M,M,M,M,M,M,M,M,M,M,M,M,M,M,M,M,M,M,M,M,M,M,M,M,M,M,M,M
US1CODN0231,"DENVER 2.6 SSW","DENVER",CO,5329,39.69,-104.97,M,M,M,M,M,M,M,M,M,M,M,M,M,M,M,M,M,M,M,M,M,M,M,0,M,M,M,M,M,M,M
US1CODN0049,"DENVER 3.2 SSE","DENVER",CO,5390,39.72,-104.92,M,M,3.5,3,3,2.5,1,M,M,M,M,M,0,8,M,M,M,M,M,M,M,M,T,M,M,M,M,M,M,3,M
US1CODN0261,"DENVER 3.2 SSW","DENVER",CO,5290,39.68,-104.98,M,M,M,3.1,M,M,M,M,M,M,M,M,M,M,M,M,M,M,M,M,M,M,M,M,M,M,M,M,M,M,M
US1CODN0236,"DENVER 4.6 ENE","DENVER",CO,5320,39.75,-104.88,M,M,M,3.8,M,M,M,M,M,M,M,M,M,M,M,M,M,M,M,M,M,M,M,M,M,M,M,M,M,M,M
US1CODN0183,"DENVER 5.1 ENE","DENVER",CO,5304,39.76,-104.87,M,M,M,3,M,M,M,M,M,M,M,M,M,6,2,M,M,M,M,M,M,M,0,M,0,M,M,M,0,M,M
US1COAR0245,"DENVER 5.1 SSE","ARAPAHOE",CO,5512,39.66,-104.92,M,M,M,3.3,M,M,M,M,M,M,M,M,M,2.5,M,M,M,M,M,M,M,M,M,M,M,M,M,M,M,M,M
US1CODN0016,"DENVER 5.2 S","DENVER",CO,5399,39.67,-104.97,T,T,3.5,3.5,3,1.5,1,0.5,T,T,T,T,T,4.5,2.5,1,0.5,T,T,T,T,T,0,0,0,0,0,0,0,2,T
US1CODN0141,"DENVER 5.3 SW","DENVER",CO,5444,39.68,-105.04,M,M,3.5,3.5,M,M,M,M,M,M,M,M,M,3,M,M,M,M,M,M,M,M,M,M,M,M,M,M,M,2.5,M
US1CODN0079,"DENVER 5.6 W","DENVER",CO,5424,39.76,-105.04,M,M,3.5,M,M,M,M,M,M,M,M,M,M,M,M,M,M,M,M,M,M,M,M,M,M,M,M,M,M,M,M
US1COJF0003,"DENVER 6.1 WSW","JEFFERSON",CO,5573,39.7,-105.1,T,T,4,4,3,2.5,2.5,T,T,T,T,T,M,M,4,T,T,T,T,T,T,T,T,T,T,0,0,0,0,4,T
US1COAR0105,"DENVER 6.3 SSE","ARAPAHOE",CO,5522,39.68,-104.88,M,M,3.5,3,M,M,T,M,T,M,M,M,T,6.5,2,M,M,M,M,M,M,M,M,M,M,M,M,M,M,2.5,M
US1COJF0217,"DENVER 6.6 W","JEFFERSON",CO,5402,39.77,-105.06,M,M,M,M,4,3,M,3,M,M,M,M,M,M,2.9,M,M,M,M,M,M,M,M,M,M,M,M,M,M,3,M
US1CODN0269,"DENVER 6.7 NE","DENVER",CO,5248,39.8,-104.88,M,M,3,M,M,M,0.2,M,M,M,M,M,M,6,M,M,M,M,M,M,M,M,M,M,M,M,M,M,M,2.1,M
US1CODN0030,"DENVER 8 SSW","DENVER",CO,5511,39.63,-105.05,T,T,4,3.5,2.5,M,M,M,M,M,M,T,T,5,M,M,M,M,T,T,T,T,T,T,0,0,0,0,0,3,T
US1COAR0043,"DENVER 9.4 S","ARAPAHOE",CO,5499,39.6,-104.98,M,M,4.2,4,M,M,T,M,M,M,0,M,T,4.1,M,M,M,T,M,M,M,M,M,M,0,M,M,M,M,2.5,T
USW00093067,"DENVER CENTENNIAL AP","ARAPAHOE",CO,5881,39.57,-104.85,M,M,M,M,M,M,M,M,M,M,M,M,M,M,M,M,M,M,M,M,M,M,M,M,M,M,M,M,M,M,0
USW00023062,"DENVER-CENTRAL PARK","DENVER",CO,5283,39.77,-104.87,T,0,3,3,2,2,2,T,T,0,0,0,0,3,3,1,T,T,T,0,0,0,0,0,0,0,0,0,0,2,0
USW00003017,"DENVER INTL AP","DENVER",CO,5413,39.83,-104.66,0,0,3.1,3.1,2,1.2,T,0,0,0,0,0,0,7.1,3.1,2,T,T,0,0,0,0,0,0,0,0,0,0,0,1.2,0
US1COBA0019,"DEORA 10.7 SW","BACA",CO,4841,37.48,-103.07,T,T,M,M,M,M,M,M,M,M,M,M,M,0.5,M,M,M,M,M,M,M,M,M,M,M,M,M,M,M,M,M
USC00052281,"DILLON 1 E","SUMMIT",CO,9079,39.62,-106.03,13,14,18,22,21,20,25,23,24,23,22,22,20,28,26,24,23,23,22,21,20,19,20,19,19,19,17,14,13,12,11
US1COMF0028,"DINOSAUR 0.3 SW","MOFFAT",CO,5871,40.24,-109.01,M,M,M,17,M,M,M,M,M,M,M,M,M,M,M,M,M,M,M,M,M,M,M,M,M,6,M,M,M,M,M
USC00052294,"DIVIDE 4NW","TELLER",CO,9132,38.96,-105.22,3,2,4,4,4,3,2,2,2,2,1,2,2,12,10,8,6,6,6,5,4,3,4,2,2,2,1,1,1,3,2
US1CODR0003,"DOVE CREEK 12.4 SSW","DOLORES",CO,6602,37.6,-109,M,M,M,M,M,M,M,M,M,M,M,M,M,1.5,M,M,M,M,M,M,M,1.5,M,M,M,M,M,M,M,M,M
US1COLR0225,"DRAKE 3.0 NNE","LARIMER",CO,6750,40.47,-105.31,M,M,7.8,M,M,M,M,M,M,M,M,M,M,M,M,M,M,M,M,M,M,M,M,M,M,M,M,M,M,M,M
US1COLR1026,"DRAKE 4.3 WSW","LARIMER",CO,6945,40.41,-105.41,M,4.3,6,7,M,M,M,M,M,M,M,M,M,5,3.5,2,M,M,M,M,M,M,M,M,0,M,M,M,M,2.8,M
US1COLP0022,"DURANGO 0.8 SSW","LAPLATA",CO,6622,37.27,-107.87,M,M,M,18,17.5,16,M,14,12.5,M,11.5,10,M,M,M,M,T,T,T,M,T,1,M,M,M,M,M,M,M,M,M
US1COLP0020,"DURANGO 10 NNE","LAPLATA",CO,6619,37.41,-107.83,30,28,26,25,23,20,18,16,14,12,12,10,8,6,5,4,3,3,2,2,M,1.5,T,0,0,0,0,0,0,0,0.7
US1COLP0059,"DURANGO 1.5 SW","LAPLATA",CO,6579,37.27,-107.89,M,M,M,11,M,M,M,M,M,M,M,M,M,M,M,M,M,M,M,M,M,M,M,M,M,M,M,M,M,M,M
US1COLP0101,"DURANGO 3.4 N","LAPLATA",CO,6570,37.33,-107.88,12.4,11.4,10.8,11.6,8.9,8.4,8.1,5.4,M,M,M,M,2.4,1.2,0.2,T,T,M,M,M,0,0.7,T,0,M,M,M,M,M,M,0.7
US1COLP0061,"DURANGO 4.8 WSW","LAPLATA",CO,7428,37.25,-107.95,36,33,31,30,29,28,27,26.5,26,24,23.5,23,28,27,25,24,23,22,21,20,19,22,21,19,18,17,15,13,10,9,8.5
USC00052435,"DURANGO 8S","LAPLATA",CO,6549,37.16,-107.86,14,12,12,10,8,8,8,7,6.5,6,3,M,4,2,M,M,M,M,M,M,M,M,M,M,M,M,M,M,M,M,M
USC00052446,"EADS","KIOWA",CO,4211,38.48,-102.78,0,0,0,1,0,0,0,0,0,0,0,0,0,0,0,0,0,0,0,0,0,0,0,0,0,0,0,0,0,0,0
US1COKW0004,"EADS .45 E","KIOWA",CO,4209,38.48,-102.77,M,M,M,2.5,M,M,M,M,M,M,M,M,M,M,M,M,M,M,M,M,M,M,M,M,M,M,M,M,M,M,M
USC00052494,"EASTONVILLE 2 NNW","ELPASO",CO,7208,39.11,-104.6,4,5,7,6,6,4,3,1,T,T,T,T,12,15,14,13,11,9,8,6,4,3,3,1,T,T,T,T,1,1,T
US1COWE0441,"EATON 1.8 SE","WELD",CO,4789,40.51,-104.68,M,M,M,M,M,M,M,M,M,M,M,M,M,M,T,M,M,M,M,M,M,M,M,M,M,M,M,M,M,M,M
US1COWE0429,"EATON 4.1 ENE","WELD",CO,4862,40.55,-104.64,M,M,4,M,M,M,M,M,M,M,M,M,M,M,M,M,M,M,M,M,M,M,M,M,M,M,M,M,M,T,M
US1COWE0397,"EATON 4.3 ENE","WELD",CO,4864,40.54,-104.63,M,M,4,4,4,M,2,2,1,M,M,M,M,2.5,2,M,M,M,M,M,M,M,M,M,M,M,M,M,M,M,M
US1COEL0076,"ELBERT 4.6 SSE","ELBERT",CO,7185,39.16,-104.5,M,M,M,7.5,M,M,M,M,M,M,T,M,M,11.5,M,M,M,6.5,M,M,M,M,M,M,4.5,M,M,M,T,3.6,M
US1COEL0075,"ELIZABETH 2.0 NNE","ELBERT",CO,6584,39.39,-104.59,M,M,M,5,M,M,M,M,M,M,M,M,M,M,M,M,M,M,M,M,M,M,M,M,M,M,M,M,M,M,M
US1COEL0089,"ELIZABETH 6.2 SSW","ELBERT",CO,6950,39.28,-104.65,M,M,M,M,M,M,M,M,M,M,M,M,M,M,8,5.5,4,3.5,2,1,M,T,M,T,T,T,T,M,M,M,M
US1COEL0063,"ELIZABETH 8.7 NNE","ELBERT",CO,6150,39.48,-104.56,T,T,2,2,2,1.5,T,T,T,M,M,M,M,8,7,5,4,3,2.5,2,1.5,1,1,T,T,T,T,M,M,5,1
USC00052668,"ELLICOTT 7S","ELPASO",CO,5737,38.74,-104.4,0,0,2,2,0,0,0,0,0,0,0,0,0,2,0,0,0,0,0,0,0,0,0,0,0,0,0,0,0,0,0
US1COAR0292,"ENGLEWOOD 1.4 N","ARAPAHOE",CO,5304,39.67,-104.99,0,0,4,4,3,1.5,0.5,0,0,0,0,0,0,4.5,2.5,M,0,0,0,0,0,M,0,0,0,0,0,0,0,1.5,0
US1COWE0392,"ERIE 0.5 SE","WELD",CO,5131,40.02,-105.04,M,M,4,M,M,M,M,M,M,M,M,M,M,M,M,M,M,M,M,M,M,M,M,M,M,M,M,M,M,M,M
US1COWE0511,"ERIE 1.5 NNE","WELD",CO,5110,40.05,-105.03,M,0.6,5,4.5,4,2,1,T,T,0,M,M,M,4.6,2.7,T,T,0,M,M,M,M,M,M,M,M,M,M,M,1.7,T
US1COWE0209,"ERIE 1.6 NE","WELD",CO,5081,40.07,-105.03,M,M,M,M,M,M,1.1,M,M,M,M,M,M,M,M,M,M,M,M,M,M,M,M,M,M,M,M,M,M,M,M
US1COBO0285,"ERIE 1.7 WNW","BOULDER",CO,5130,40.04,-105.07,M,0.5,5,5,3,2.5,2,1.5,T,M,M,M,M,4.5,1.5,M,M,M,M,M,M,M,M,M,M,M,M,M,M,2,M
US1COLR1019,"ESTES PARK 10.5 SE","LARIMER",CO,6730,40.28,-105.37,M,5.5,12,9.5,M,M,6,M,M,M,M,M,0,3,M,M,M,M,0.5,M,M,M,M,M,M,M,M,M,M,3.5,M
US1COLR1115,"ESTES PARK 1.7 W","LARIMER",CO,7956,40.37,-105.55,M,6,M,M,M,M,M,4,M,M,M,M,5,M,M,M,M,M,M,M,3,M,M,M,M,M,M,T,M,1,M
US1COLR1133,"ESTES PARK 1.7 WNW","LARIMER",CO,7712,40.38,-105.55,M,M,14.5,M,M,M,M,M,M,M,M,M,M,M,M,M,M,M,M,M,M,M,M,M,M,M,M,M,M,M,M
US1COLR0767,"ESTES PARK 1.8 S","LARIMER",CO,7938,40.35,-105.52,1,7.5,12,10.5,9.5,8,7.5,6.5,7.5,7,6,6,7,17,14.5,13,11,9,8,8,6.5,6,6,5.5,6.5,5,3.5,2.5,1.5,2.5,1.5
US1COLR0987,"ESTES PARK 1.8 SSE","LARIMER",CO,7640,40.35,-105.5,0.5,6.5,9,8.5,7,M,M,M,M,M,M,M,2.5,10.5,M,M,M,2,M,M,M,M,M,M,0,M,M,M,M,0.5,M
US1COLR0247,"ESTES PARK 3.3 SSW","LARIMER",CO,8092,40.33,-105.52,1.9,8.9,12.9,13.5,13,11,7.5,5,6.6,7,6,5,7.5,15,14.5,13.5,12,11,10,8.5,6.5,5,4,3,3,2,1,T,T,1.4,T
US1COLR1041,"ESTES PARK 3.9 NNE","LARIMER",CO,8148,40.43,-105.5,M,M,M,M,M,M,M,M,M,M,M,M,M,M,M,M,M,M,M,M,M,M,M,M,M,M,M,M,12,M,M
USC00052761,"ESTES PARK 3 SSE","LARIMER",CO,7810,40.35,-105.52,T,7,16,16,14,12,9,8,8,7,T,T,1,10,9,7,5,4,3,T,T,T,T,T,T,T,T,T,T,T,T
US1COWE0517,"EVANS 0.6 W","WELD",CO,4715,40.38,-104.71,M,T,3,2,M,M,0.5,M,M,M,0,M,0,0.6,M,M,M,T,M,M,M,M,0,0,0,M,M,M,0,0.5,0
USC00052790,"EVERGREEN","JEFFERSON",CO,7000,39.64,-105.32,0,0,4,4,4,3,2,0,0,0,0,0,0,10,8,5,3,3,2,0,0,0,0,0,0,0,0,0,0,2,1
US1COJF0433,"EVERGREEN 1.1 S","JEFFERSON",CO,7464,39.62,-105.34,M,M,M,M,M,M,M,M,M,M,M,M,M,M,M,M,M,M,M,M,M,M,M,M,0.3,M,M,M,M,3.5,M
US1COJF0424,"EVERGREEN 1.3 NNE","JEFFERSON",CO,7452,39.65,-105.34,M,M,M,M,M,M,M,M,0.5,M,M,M,M,M,M,8,M,M,M,M,M,M,M,M,M,M,M,M,M,1.5,M
US1COJF0484,"EVERGREEN 1.8 N","JEFFERSON",CO,7503,39.66,-105.34,1,1,6,M,M,M,M,M,M,M,M,M,M,10,M,M,M,M,M,M,M,M,M,M,T,M,M,M,T,2,M
US1COJF0395,"EVERGREEN 2.0 ESE","JEFFERSON",CO,7736,39.62,-105.31,M,T,4.2,5,3.5,2.5,0.5,0,T,0,M,M,1,13.5,12,10,8.5,6.5,5.5,5,3.5,2,1,0,0,0,0,0,0,4,3
US1COCC0022,"EVERGREEN 3.4 WNW","CLEARCREEK",CO,7930,39.65,-105.4,M,M,M,5.2,M,M,M,M,M,M,M,M,M,M,M,M,M,M,M,M,M,M,M,M,M,M,M,M,M,M,M
US1COJF0318,"EVERGREEN 3.6 SSW","JEFFERSON",CO,7882,39.58,-105.37,M,M,M,M,M,M,M,M,M,M,M,M,M,18,M,M,M,M,M,M,M,M,M,M,M,M,M,M,M,M,M
US1COJF0157,"EVERGREEN 4.2 SSE","JEFFERSON",CO,7800,39.58,-105.28,1,1,2.5,2,2,1,1,1,1,1,1,M,0.3,14,12,10,7,7,3,2,1,1,0.5,0.5,0.5,0.5,0.5,0.5,0.5,4,3
US1COJF0051,"EVERGREEN 5.3 S","JEFFERSON",CO,7993,39.56,-105.31,M,M,11,M,M,M,M,M,M,M,8,M,M,M,M,M,M,14,M,M,M,M,M,M,10.8,M,M,M,M,M,M
US1COJF0470,"EVERGREEN 5.4 NNW","JEFFERSON",CO,7728,39.7,-105.39,M,M,M,M,M,M,M,4,M,M,M,M,M,M,M,M,M,M,M,M,M,M,M,M,M,M,M,M,M,M,M
US1COCC0002,"EVERGREEN 5 W","CLEARCREEK",CO,7787,39.64,-105.41,T,T,5,5.9,5,3,3,1,0.5,T,T,T,0.4,11.5,9.5,M,4,2,1,0.5,0.5,M,T,T,T,T,T,T,T,4,T
US1COCC0001,"EVERGREEN 6.5 WSW","CLEARCREEK",CO,8095,39.61,-105.44,1.5,1,6,7,6,5,6,4,4,3,2,1,2.5,11,10,9,7.5,6,5,4,3.5,2.5,2,1.5,1.5,1,T,M,M,3.5,1
US1COPK0078,"FAIRPLAY 2.7 SW","PARK",CO,10218,39.2,-106.04,17,M,M,21,M,M,M,M,M,M,M,21,25,M,M,M,M,M,M,M,M,M,M,M,M,M,M,M,M,M,M
US1COPK0015,"FAIRPLAY 2.7 WNW","PARK",CO,10391,39.23,-106.05,M,M,M,M,M,M,M,M,M,M,M,M,M,M,M,M,M,M,M,M,M,M,M,M,M,M,30,M,M,M,M
USC00052816,"FAIRPLAY S PARK RD","PARK",CO,9993,39.22,-105.99,8,M,M,9,9,9,13,10,M,M,M,10,13,M,9,M,M,7,6,6,5,7,M,M,3,1,0,0,0,M,M
US1COEP0402,"FALCON 3.2 W","ELPASO",CO,6888,38.93,-104.68,M,M,M,3.5,M,M,M,M,M,M,M,M,M,M,12,M,M,M,M,M,M,M,M,M,M,M,M,M,M,M,M
US1COEP0189,"FALCON ESTATES 2.4 WNW","ELPASO",CO,6548,38.94,-104.84,M,M,M,5.5,M,M,M,M,M,M,M,M,M,M,M,M,M,M,M,M,M,M,M,M,M,M,M,M,M,M,M
US1COLR0255,"FCL","LARIMER",CO,5009,40.58,-105.09,0,5,6.5,5,3.5,M,2.5,1.8,T,T,0,0,0,3,2,1,T,0,0,0,0,0,0,0,0,0,0,0,0,1,0
US1COLR0260,"FCL 1.5 WSW","LARIMER",CO,5071,40.57,-105.11,M,M,M,M,M,M,M,M,M,M,M,M,M,1.5,M,M,M,M,M,M,M,M,M,M,M,M,M,M,M,M,M
US1COLR0270,"FCL 1.7 SE","LARIMER",CO,4996,40.56,-105.06,M,M,6.5,5,4.5,4,2,M,M,M,M,0,M,3.8,3.5,2.5,0,0,M,M,0,M,0,0,0,0,0,0,0,1.5,0
US1COLR0320,"FCL 1.7 SW","LARIMER",CO,5071,40.56,-105.11,M,5,6.5,5,4.5,3.5,2.5,2,1,T,T,0,0,3.5,2.5,0.5,T,0,M,M,M,M,0,M,M,M,M,M,0,1.5,0
US1COLR0273,"FCL 2.2 NW","LARIMER",CO,5066,40.6,-105.12,0,6,6,5,4,3.5,2.5,1.5,0.5,T,T,T,0,3,2.5,1.5,1,T,T,T,T,T,0,0,0,0,0,0,0,1,0
US1COLR0311,"FCL 2.3 NW","LARIMER",CO,5075,40.6,-105.12,0,5,5.7,5,4.5,3,2.5,1,0.5,T,T,0,0,3,2.5,1,T,T,0,0,0,0,0,0,0,0,0,0,0,1,0
US1COLR0340,"FCL 2.55 NE","LARIMER",CO,4976,40.61,-105.06,M,5,5.5,M,4.5,M,M,2.5,M,M,M,M,M,5,3.5,M,M,M,M,M,M,M,M,M,M,M,M,M,M,0.5,M
US1COLR0259,"FCL 2.5 W","LARIMER",CO,5117,40.59,-105.13,M,6,6.5,6,4.5,4,3.5,2.5,1.5,T,T,T,0,4,3,1,T,T,T,0,M,M,M,M,M,M,M,M,M,2,0
US1COLR0391,"FCL 3.0 SW","LARIMER",CO,5140,40.54,-105.12,0,5,8,6.5,5.5,3.5,2,1.5,1,T,T,T,0,4,2.5,1.5,1,T,T,0,0,0,0,0,0,0,0,0,0,3,0
US1COLR0284,"FCL 3.0 W","LARIMER",CO,5219,40.59,-105.15,0,5,6,5,4,3,2.5,2.5,T,0,0,M,M,M,M,M,M,0,0,0,0,0,0,0,0,0,0,0,0,M,0
US1COLR0393,"FCL 5.6 E","LARIMER",CO,4917,40.57,-104.98,0,4,5,4,4,3,2.2,1.5,0,M,M,M,0,6,5,3.5,1,0,M,M,M,M,0,M,M,M,M,M,0,1.5,0
US1COWE0250,"FCL 7.9 ENE","WELD",CO,5128,40.59,-104.93,0,3,4,4,3.5,3,2,1.5,1,0,0,0,M,6.5,5,4,2,0.5,0,0,0,0,0,0,0,0,0,0,0,1.5,0
US1COWE0530,"FIRESTONE 2.1 NNW","WELD",CO,4903,40.15,-104.94,M,1.5,4.5,4.5,3.5,3,M,M,M,M,M,M,M,M,M,M,M,M,M,M,M,M,M,M,M,M,M,M,M,0.5,M
USC00052932,"FLAGLER 1S","KITCARSON",CO,4920,39.28,-103.06,0,0,0,0,0,0,0,0,0,0,0,0,0,0,0,0,0,0,0,0,0,0,0,0,0,0,0,0,2,0,0
USC00052934,"FLATIRON RESERVOIR","LARIMER",CO,5503,40.37,-105.24,0,M,M,5,4,4,3,2,1,T,0,0,0,2,1,0,0,0,0,0,0,0,M,M,0,0,0,0,0,M,M
USC00052947,"FLEMING 3SW","LOGAN",CO,4255,40.65,-102.86,1,1,3,5,2,1,1,T,T,0,0,0,T,4,2,2,2,1,1,0,0,0,0,0,0,0,0,0,T,1,0
US1COLG0066,"FLEMING 6.6 S","LOGAN",CO,4274,40.59,-102.84,M,M,M,M,M,M,M,M,M,M,M,M,M,5,M,M,M,M,M,M,M,M,M,M,M,M,M,M,M,M,M
US1COTL0019,"FLORISSANT 5.0 N","TELLER",CO,9552,39,-105.29,M,M,M,M,M,2.5,M,M,M,M,M,M,M,M,M,M,M,3,M,2,M,M,M,M,M,M,M,1,M,M,M
USC00052965,"FLORISSANT FOSSIL BED","TELLER",CO,8400,38.91,-105.28,4,4,7,8,6,6,5,4,4,3,2,2,M,7,7,6,6,5,4,4,4,3,3,3,0,0,0,0,0,0,0
USC00053005,"FORT COLLINS","LARIMER",CO,5003,40.58,-105.09,0,7,5,4,3,2,2,T,0,0,0,0,4,2,T,T,0,0,0,0,0,0,0,0,0,0,0,0,T,0,0
US1COLR1049,"FORT COLLINS 0.3 SSE","LARIMER",CO,5001,40.55,-105.07,0,M,M,M,M,M,M,M,M,0,0,0,M,M,M,M,M,M,0,0,0,0,0,0,0,0,0,0,0,1,0
US1COLR0769,"FORT COLLINS 0.7 SSW","LARIMER",CO,5022,40.55,-105.07,M,M,M,M,M,M,M,M,M,M,M,M,M,M,M,M,T,M,M,M,M,M,M,M,M,M,M,M,M,M,M
US1COLR0849,"FORT COLLINS 0.9 N","LARIMER",CO,4988,40.57,-105.07,0,4.5,6.5,5,4,3,2,1.5,0.5,T,0,0,0,3,2,0.5,T,T,0,0,0,0,0,0,0,0,0,0,0,1,0
US1COLR1056,"FORT COLLINS 1.0 SE","LARIMER",CO,4988,40.54,-105.06,M,M,6.5,M,M,M,M,M,M,M,M,M,M,M,M,M,M,M,M,M,M,M,M,M,M,M,M,M,M,M,M
US1COLR0863,"FORT COLLINS 1.1 WNW","LARIMER",CO,4995,40.56,-105.09,M,4,6.5,5,M,3.5,2,1,0.5,M,M,M,0,3.5,2,T,T,T,M,M,M,M,M,M,M,M,M,M,M,1,M
US1COLR1137,"FORT COLLINS 1.2 NNE","LARIMER",CO,4972,40.57,-105.06,M,M,M,M,M,M,M,M,M,M,M,M,M,M,M,M,M,M,M,M,M,M,M,M,M,M,M,M,M,0.5,M
US1COLR1004,"FORT COLLINS 1.3 ENE","LARIMER",CO,4929,40.57,-105.05,M,M,6,M,M,M,M,M,M,M,M,M,M,M,M,M,M,M,M,M,M,M,M,M,M,M,M,M,M,M,M
US1COLR1188,"FORT COLLINS 1.7 E","LARIMER",CO,4939,40.56,-105.04,M,M,3.3,M,M,M,M,M,M,M,M,M,M,M,M,M,M,M,M,M,M,M,M,M,M,M,M,M,M,M,M
US1COLR0925,"FORT COLLINS 1.9 E","LARIMER",CO,4937,40.55,-105.03,M,M,M,5,M,M,M,M,M,M,M,M,M,2.5,M,M,M,M,M,M,M,M,M,M,M,M,M,M,M,M,M
US1COLR1062,"FORT COLLINS 1.9 NNW","LARIMER",CO,5003,40.58,-105.08,M,M,M,5.5,M,M,M,M,M,M,M,M,M,M,M,M,M,M,M,M,M,M,M,M,M,M,M,M,M,M,M
US1COLR1170,"FORT COLLINS 2.3 NNW","LARIMER",CO,5023,40.59,-105.09,M,4.9,6.5,6,5,M,M,M,M,M,M,M,0,M,M,M,M,M,M,M,M,M,0,M,M,M,M,M,M,M,M
US1COLR0636,"FORT COLLINS 2.8 NE","LARIMER",CO,5032,40.61,-105.04,0,4.6,7,M,M,M,M,M,M,M,T,T,0,4.2,1.5,1.5,1,0.5,0,0,0,0,M,0,0,0,0,0,0,T,0
US1COLR1009,"FORT COLLINS 2.8 W","LARIMER",CO,5116,40.56,-105.12,M,M,M,6.5,M,M,M,M,M,M,M,M,M,M,M,M,M,M,M,M,M,M,M,M,M,M,M,M,M,M,M
US1COLR0075,"FORT COLLINS 2.8 WSW","LARIMER",CO,5140,40.55,-105.13,0,5.2,7,6.5,5.5,4,3,3,1,1,T,M,T,4,2.5,1,T,T,T,T,0,0,0,0,0,0,0,0,0,1.2,M
US1COLR0412,"FORT COLLINS 2.9 NW","LARIMER",CO,5111,40.6,-105.13,M,M,6,M,M,M,M,M,M,M,M,M,M,4,M,M,M,M,M,M,M,M,M,M,M,M,M,M,0,2,M
US1COLR0653,"FORT COLLINS 3.4 N","LARIMER",CO,4973,40.61,-105.06,0,4.5,5.5,4.5,3.5,2.5,2,1.2,0,0,0,0,0,3,2,1,0,0,0,0,0,M,0,M,0,0,0,0,0,0.5,M
US1COLR0885,"FORT COLLINS 3.7 S","LARIMER",CO,4951,40.5,-105.07,M,3,5,4.5,4,3.5,3,1,T,T,T,0,0,1.5,1,T,T,T,T,T,T,T,T,0,0,M,M,M,M,1,0
US1COLR0025,"FORT COLLINS 3.7 SW","LARIMER",CO,5170,40.53,-105.12,M,4.5,6,5.5,5,3,2,1.5,0.5,T,T,T,T,3.5,3,T,T,T,T,T,T,T,M,M,M,M,M,M,M,M,M
US1COLR0112,"FORT COLLINS 3.9 NNE","LARIMER",CO,5019,40.61,-105.04,0,5.5,M,5,4.5,4,3,2.5,T,T,T,T,T,4,3,M,T,T,T,T,M,T,T,T,T,0,0,0,M,1,0
US1COLR0758,"FORT COLLINS 4.2 S","LARIMER",CO,4901,40.5,-105.06,M,3.5,5,4,3.5,2.5,2,0.5,T,M,M,M,M,3.5,1.5,0.5,T,T,M,M,M,M,M,M,M,M,M,M,M,1,M
US1COLR0762,"FORT COLLINS 4.6 N","LARIMER",CO,5078,40.62,-105.06,0,5.2,6.5,6,5.5,4,2.2,1.8,0.8,0.5,0,0,0,4,3.2,2,1,1,1,T,T,0,0,0,0,0,0,0,0,0.8,0
US1COLR0632,"FORT COLLINS 4.8 SE","LARIMER",CO,4940,40.53,-105.03,M,3,3,4,3,2.5,2.5,2,T,T,M,M,M,4.5,T,T,T,T,T,T,M,M,M,M,M,M,M,M,M,T,M
US1COLR1020,"FORT COLLINS 4.9 N","LARIMER",CO,5072,40.63,-105.06,0,5.5,6,5,5,3,2,1.5,1,0,0,0,0,4.5,2,1,T,0,0,0,0,0,0,0,0,0,0,0,0,1,0
USC00053006,"FORT COLLINS 4 E","LARIMER",CO,4919,40.58,-105.02,T,6,6,5,5,4,2,1,0,0,0,0,3,3,T,T,0,0,0,0,0,0,0,0,0,0,0,0,1,0,0
US1COLR0797,"FORT COLLINS 5.4 N","LARIMER",CO,5042,40.64,-105.08,M,5,5.5,M,M,M,M,M,M,M,M,M,M,M,M,M,M,M,M,M,M,M,M,M,M,M,M,M,M,M,M
US1COLR0623,"FORT COLLINS 5.4 WSW","LARIMER",CO,5658,40.52,-105.16,M,4.5,7,5,M,4,3.5,M,M,M,0.5,M,M,M,M,M,M,M,M,M,M,M,M,M,M,M,M,M,M,M,M
US1COLR1100,"FORT COLLINS 5.5 S","LARIMER",CO,5037,40.48,-105.07,0,3,5,4.5,3.5,2.5,2.5,1,0,0,0,0,0,4.3,2.5,2,0,0,0,0,0,0,0,0,0,0,0,0,0,1.5,0
US1COLR1187,"FORT COLLINS 5.8 NW","LARIMER",CO,5110,40.62,-105.14,M,M,M,M,M,M,M,M,M,M,M,M,M,M,M,M,M,M,M,M,M,M,M,M,M,M,0,M,M,M,M
US1COLR1156,"FORT COLLINS 7.9 N","LARIMER",CO,5189,40.67,-105.06,M,M,M,6,M,M,M,M,M,M,M,M,M,M,M,M,M,M,M,M,M,M,M,M,M,M,M,M,M,M,M
US1COLR1116,"FORT COLLINS 8.6 N","LARIMER",CO,5204,40.68,-105.05,M,M,M,4,M,M,M,M,M,M,M,M,M,2,M,M,M,M,M,M,M,M,M,M,M,M,M,M,M,M,M
US1COWE0528,"FORT COLLINS 8.7 ENE","WELD",CO,5181,40.59,-104.91,M,M,5,4,M,M,M,M,M,M,M,M,M,M,M,M,M,M,M,M,M,M,M,M,M,M,M,M,M,M,M
US1COLR0630,"FORT COLLINS 9.6 SE","LARIMER",CO,4950,40.48,-104.97,0,2.5,5.5,4.5,M,M,M,M,M,M,M,M,M,M,M,M,M,M,M,M,M,M,M,M,M,M,M,M,M,M,M
US1COCS0032,"FORT GARLAND 12.9 ENE","COSTILLA",CO,8992,37.51,-105.21,M,M,M,15,M,M,M,M,M,M,M,M,8.5,9,M,M,M,M,5,M,M,4,3,M,M,M,M,M,M,M,M
US1COCS0031,"FORT GARLAND 13.3 E","COSTILLA",CO,9539,37.45,-105.19,M,M,M,M,M,M,M,M,M,M,M,M,M,M,M,M,M,M,M,M,M,M,M,M,14.5,M,M,M,M,M,M
USC00053016,"FORT LEWIS","LAPLATA",CO,7612,37.23,-108.05,31,29,27,28,28,27,26,25,25,24,24,24,36,34,32,30,29,28,27,26,25,23,21,19,15,10,5,0,0,0,0
US1COWE0444,"FORT LUPTON 0.1 SW","WELD",CO,4916,40.08,-104.81,M,M,M,M,M,M,M,M,M,M,M,M,M,6,M,M,M,M,M,M,M,M,M,M,M,M,M,M,M,M,M
US1COWE0485,"FORT LUPTON 1.2 SSW","WELD",CO,4926,40.07,-104.81,M,M,M,M,M,M,M,M,M,M,M,M,4,M,M,M,M,M,M,M,M,M,M,M,M,M,M,M,M,M,M
US1COWE0326,"FORT LUPTON 7.4 NW","WELD",CO,4913,40.17,-104.89,M,0.7,3,3,2.5,2,M,0.3,M,M,M,M,M,M,M,M,M,M,M,M,M,M,M,M,M,M,M,M,M,1,M
USC00053038,"FORT MORGAN","MORGAN",CO,4375,40.26,-103.87,1,T,3,3,2,1,1,0,0,0,0,0,3,2,1,1,T,0,0,0,0,0,0,0,0,0,0,0,T,0,0
US1COMR0048,"FORT MORGAN .7 SE","MORGAN",CO,4326,40.24,-103.79,M,M,3,M,M,M,M,M,M,M,M,M,M,M,M,M,M,M,M,M,M,M,M,M,M,M,M,M,M,M,M
US1COEP0202,"FOUNTAIN 1.8 NNE","ELPASO",CO,5562,38.69,-104.68,M,0,3.5,4,M,M,M,M,M,M,M,M,0,M,M,M,M,M,M,0,M,M,0,M,M,M,M,M,0,T,M
US1COEP0285,"FOUNTAIN 2.8 SSE","ELPASO",CO,5409,38.63,-104.68,M,M,5,M,M,M,M,M,M,M,M,M,M,M,M,M,M,M,M,M,M,M,M,M,M,M,M,M,M,M,M
US1COEP0370,"FOUNTAIN 3.2 N","ELPASO",CO,5713,38.71,-104.69,M,T,3,3.5,2.5,2,T,M,M,M,M,M,M,1,M,M,M,M,M,0,M,M,M,M,M,M,M,M,M,T,0
US1COLA0077,"FOWLER 27.4 SSW","LASANIMAS",CO,5434,37.8,-104.3,M,M,M,M,M,M,M,M,M,M,M,M,M,2,M,M,M,M,M,M,M,M,M,M,M,M,M,M,M,M,M
US1COAR0356,"FOXFIELD 0.9 ENE","ARAPAHOE",CO,5827,39.59,-104.78,M,M,M,3.8,M,M,M,M,M,M,0,M,M,M,5,M,M,1.8,M,M,M,M,M,M,M,M,M,M,M,M,M
US1COAR0288,"FOXFIELD 3.7 ESE","ARAPAHOE",CO,6110,39.57,-104.73,M,M,3,M,M,M,M,M,M,M,M,M,M,M,M,M,M,M,M,M,M,M,M,M,M,M,M,M,M,M,M
US1CODG0030,"FRANKTOWN 3.5 NE","DOUGLAS",CO,6399,39.43,-104.7,M,M,3,4.5,3,1.5,0.5,M,0.5,M,M,M,M,10.5,6.5,4,2.5,1.5,1,0.5,M,M,0.5,M,M,M,M,M,M,3.5,M
US1CODG0293,"FRANKTOWN 3.6 ESE","DOUGLAS",CO,6715,39.37,-104.68,5,5,7.5,7,6.5,5.5,5,3.5,4,2,T,T,T,8.5,8,7,5,4,3.5,3,2,T,1.9,T,T,T,T,T,T,2.6,1
USC00053116,"FRASER","GRAND",CO,8558,39.94,-105.82,15,17,27,30,28,27,33,35,38,36,35,36,M,M,M,35,35,33,33,33,33,33,33,33,33,33,32,M,M,M,M
US1COSU0004,"FRISCO 0.5 N","SUMMIT",CO,9076,39.58,-106.1,29,32.5,39,42,40,38.5,44.4,43,44,42,41,41,41,42,41,40,38,37.5,37,36,36,35.5,35.5,M,36.5,M,31.5,29,27,30,27
USC00053146,"FRUITA","MESA",CO,4497,39.14,-108.73,0,0,0,0,0,0,0,0,0,0,0,0,0,0,0,0,0,0,0,0,0,0,0,0,0,0,0,0,0,0,0
US1COWE0296,"GALETON 1.4 SE","WELD",CO,4851,40.5,-104.56,M,M,3,2,0.5,M,M,M,M,M,M,M,M,M,M,M,M,M,M,M,M,M,M,M,M,M,M,M,M,M,M
US1COHF0027,"GARDNER 7.9 SSW","HUERFANO",CO,8195,37.68,-105.23,M,M,4.5,M,M,M,M,M,M,M,M,M,M,M,M,M,M,M,M,M,M,M,M,M,M,M,M,M,M,M,M
USC00053246,"GATEWAY 1ENE","MESA",CO,4670,38.69,-108.96,0,0,0,0,0,0,0,0,0,0,0,0,T,T,T,T,0,0,0,0,0,0,0,0,0,0,0,0,0,0,0
US1COJF0011,"GENESEE 1 SW","JEFFERSON",CO,7308,39.69,-105.29,M,M,4.5,M,M,M,M,M,M,M,M,M,M,13.3,M,M,M,M,M,M,M,M,M,M,M,M,M,M,M,4.7,M
USC00053258,"GENOA","LINCOLN",CO,5591,39.28,-103.49,0,T,2,4,2,1,0,0,0,0,0,0,0,2,2,1,0,0,0,0,0,0,1,0,0,0,0,0,0,1,1
USC00053261,"GEORGETOWN","CLEARCREEK",CO,8518,39.71,-105.7,4,7,10,10,9,7,9,9,10,9,7,7,10,11,10,9,7,6,4,4,4,3,3,2,2,2,1,1,0,1,T
USC00053307,"GLADE PARK 17W","MESA",CO,6322,38.95,-109.05,4,2,3,2,2,1,0,0,0,0,0,0,3,2,1,0,0,0,0,0,0,1,0,0,0,0,0,0,0,0,0
US1COEP0061,"GLENEAGLE 0.4 WNW","ELPASO",CO,6917,39.05,-104.83,T,T,2,4,3,1.5,0.5,T,0,0,0,0,0,7.5,6,5,4,3.5,3,2.5,1,0.5,0.5,T,T,0,0,0,0,3,1
US1COLR0868,"GLEN HAVEN 1.2 N","LARIMER",CO,7101,40.47,-105.43,2,M,7.3,7.6,7.5,7.5,7,6,5.5,5.5,5,5,4,12,9.5,9,9,8.5,7,6.5,5.5,5,5,5,4.5,4,3,2,1,5,2.5
USC00053359,"GLENWOOD SPGS #2","GARFIELD",CO,5729,39.56,-107.34,0,0,0,0,0,0,0,0,0,0,0,0,0,0,0,0,0,0,0,0,0,0,0,0,0,0,0,0,0,0,0
US1COGF0040,"GLENWOOD SPRINGS 1.7 NW","GARFIELD",CO,6048,39.57,-107.35,9.6,8.6,10.1,13.6,11.3,8.9,6.9,6.3,6.7,6.6,4.7,2.4,0.8,0.7,0.4,0.1,T,T,T,T,T,0.1,0.2,T,M,T,T,M,M,0,M
US1COGF0060,"GLENWOOD SPRINGS 2.7 SSE","GARFIELD",CO,5945,39.51,-107.32,15,14.5,15,14,13.5,13,11,11,14,15,14,12.5,11,10,6,M,M,M,M,M,M,M,M,M,M,M,M,M,M,M,M
US1COGF0033,"GLENWOOD SPRINGS 5.3 SSE","GARFIELD",CO,5940,39.48,-107.29,11.5,10.5,11,11,11,10,9.5,8.5,9.5,9.5,9,8,7,7,6.5,6.5,6,5,3,2,0,M,0.5,M,M,M,M,M,M,M,M
US1COGF0082,"GLENWOOD SPRINGS 5.9 SSE","GARFIELD",CO,5959,39.47,-107.28,0.3,3.1,6.3,5.8,5.1,0.7,0.6,1.3,1.9,T,T,T,T,M,M,T,T,0,0,0,0,0,0,0,0,0,0,0,M,0,0
US1COGF0001,"GLENWOOD SPRINGS .64 S","GARFIELD",CO,5823,39.54,-107.33,M,M,M,M,M,M,M,M,M,M,M,T,M,M,M,M,M,M,M,M,M,M,M,M,M,M,M,M,M,M,M
US1COWE0065,"GLY 4.3 NE","WELD",CO,4677,40.45,-104.64,M,M,M,M,M,M,M,M,M,M,M,M,M,M,M,T,M,T,M,M,M,M,M,M,M,M,M,0,M,M,M
US1COJF0331,"GOLDEN 12.5 NW","JEFFERSON",CO,9190,39.88,-105.39,12,12,14,15,M,14.5,18,15,16,M,M,16,21.5,34,33,30,M,M,28,M,M,M,26.5,25,25,24,23,22.5,19,24,24
US1COJF0365,"GOLDEN 2.1 SW","JEFFERSON",CO,7442,39.72,-105.25,0,0,3,3.5,3,1,0.5,0,0,0,0,0,1,12.5,12,10,9,7,5,4,2,1,0.5,0,M,M,M,M,M,M,M
USC00053387,"GOLDEN 3SW","JEFFERSON",CO,7453,39.72,-105.25,0,3,4,3,1,0,0,0,0,0,0,0,13,12,10,9,7,5,4,2,1,0,0,M,M,M,M,M,M,M,M
USC00053446,"GOULD 4SE S.F.S.P","JACKSON",CO,8998,40.51,-106.01,19,26,31,31,29,28,30,30,34,34,33,30,31,40,38,36,34,32,31,30,29,29,31,31,32,31,28,24,22,21,21
US1COGR0073,"GRANBY 7.7 N","GRAND",CO,8560,40.2,-105.93,M,M,27,30,28,29.5,31.5,30.5,31.5,31,30.5,30,29.5,37.5,37.5,36.5,34.5,34,33.5,M,M,M,31,30.5,31.5,30,M,25,24,29,24.5
US1COME0067,"GRAND JUNCTION 1.0 E","MESA",CO,4750,39.09,-108.54,M,M,M,M,M,M,M,M,M,M,M,M,M,M,0,0,M,0,0,0,0,0,0,0,0,0,M,0,0,0,0
US1COME0125,"GRAND JUNCTION 2.3 E","MESA",CO,4679,39.09,-108.51,0,0,0,0,0,0,0,0,M,M,M,M,M,M,M,M,M,M,M,M,M,M,M,M,M,M,M,M,M,M,M
US1COME0148,"GRAND JUNCTION 3.0 ESE","MESA",CO,4622,39.07,-108.5,0,0,0,M,0,0,0,0,0,M,M,M,0,M,M,M,M,M,M,M,M,M,M,M,M,M,M,M,M,M,M
US1COME0137,"GRAND JUNCTION 3.6 W","MESA",CO,4652,39.08,-108.62,0,0,0,0,0,0,0,0,0,0,0,0,0,0,0,0,0,0,0,0,0,0,0,0,0,0,0,0,0,0,0
US1COME0100,"GRAND JUNCTION 3.7 SSE","MESA",CO,4676,39.04,-108.52,0,0,0,0,0,0,0,0,0,0,0,0,0,0,0,0,0,0,0,0,0,0,0,0,0,0,0,0,0,0,0
US1COME0069,"GRAND JUNCTION 4.0 W","MESA",CO,4629,39.09,-108.63,M,M,M,M,M,M,M,M,M,M,M,M,M,M,M,M,M,M,M,M,M,M,M,M,0,M,M,M,M,M,0
US1COME0118,"GRAND JUNCTION 4.1 ENE","MESA",CO,4768,39.1,-108.48,0,M,M,M,M,M,M,M,M,M,M,M,M,M,M,M,M,M,M,M,M,M,M,M,M,M,M,M,M,M,M
US1COME0163,"GRAND JUNCTION 4.4 E","MESA",CO,4732,39.09,-108.47,M,M,M,M,M,M,M,M,M,M,M,M,M,M,M,0,M,M,M,M,M,M,M,M,M,M,M,M,M,M,M
USC00053489,"GRAND JUNCTION 6ESE","MESA",CO,4759,39.04,-108.47,0,0,0,0,0,0,0,0,0,0,0,0,0,0,0,0,0,0,0,0,0,0,0,0,0,0,0,0,0,0,0
US1COME0143,"GRAND JUNCTION 8.0 W","MESA",CO,4768,39.1,-108.7,M,M,M,0,M,M,M,M,M,M,M,M,M,M,M,M,M,M,M,M,M,M,M,M,M,M,M,M,M,M,M
US1COME0003,"GRAND JUNCTION 8NNW","MESA",CO,4750,39.18,-108.62,T,T,0,0,0,0,0,0,0,0,0,0,0,0,0,0,0,0,0,0,0,0,0,0,0,0,0,0,0,0,0
USW00023066,"GRAND JUNCTION WALKER FIELD","MESA",CO,4857,39.13,-108.54,0,0,0,0,0,0,0,0,0,0,0,0,0,0,0,0,0,0,0,0,0,0,0,0,0,0,0,0,0,0,0
USC00053486,"GRAND JUNCTION WFO","MESA",CO,4825,39.12,-108.52,0,0,0,0,0,0,0,0,0,0,0,0,0,0,0,0,0,0,0,0,0,0,0,0,0,0,0,0,0,0,0
USC00053496,"GRAND LAKE 1 NW","GRAND",CO,8718,40.27,-105.83,27,33,36,34,33,36,34,34,37,36,34,34,38,37,36,36,33,33,33,32,32,32,32,31,31,30,29,25,24,24,24
USC00053530,"GRANT","PARK",CO,8673,39.46,-105.68,10,10,14,15,14,12,13,11,12,11,11,10,12,10,9,8,8,9,9,7,6,8,7,7,7,6,6,5,5,5,5
US1COAM0010,"GREAT SAND DUNES 7.0 SSW","ALAMOSA",CO,7888,37.65,-105.58,T,M,1.2,1.5,T,T,T,T,T,T,T,T,2.5,4,3.5,1,T,T,T,T,T,T,T,T,T,T,0,0,M,M,M
USC00053541,"GREAT SAND DUNES NATIONAL PARK AN","ALAMOSA",CO,8181,37.73,-105.51,0,0,2,3,0,0,0,0,0,0,0,2,5,4,3,0,0,0,0,0,0,0,0,0,0,0,0,0,0,0,0
US1COWE0536,"GREELEY 0.8 NW","WELD",CO,4759,40.43,-104.75,M,1,4,3,2,1,0.5,T,M,M,M,M,M,5,2.5,1,T,M,M,M,M,M,M,M,M,M,M,M,M,0.5,M
US1COWE0043,"GREELEY 10.5 SSE","WELD",CO,4717,40.29,-104.64,M,0.2,2.4,M,M,M,M,M,M,M,M,M,M,M,M,M,M,M,M,M,M,M,M,M,M,M,M,M,M,0.3,M
US1COWE0430,"GREELEY 2.0 E","WELD",CO,4682,40.42,-104.71,M,M,3,M,M,M,M,M,M,M,M,M,M,M,M,M,M,M,M,M,M,M,M,M,M,M,M,M,M,M,M
US1COWE0432,"GREELEY 2.4 E","WELD",CO,4681,40.42,-104.7,M,M,2.5,M,M,M,M,M,M,M,M,M,M,M,M,M,M,M,M,M,M,M,M,M,M,M,M,M,M,M,M
US1COWE0428,"GREELEY 2.4 WSW","WELD",CO,4877,40.4,-104.78,M,M,1.6,2.3,M,M,M,M,M,M,M,M,M,M,M,M,M,M,M,M,M,M,M,M,M,M,M,M,M,M,M
US1COWE0171,"GREELEY 2.6 W","WELD",CO,4845,40.4,-104.75,0,0.5,3.5,3.5,3,1.5,1,0.5,0,M,M,M,T,3.5,3,1.5,1,T,0,0,0,0,0,M,M,M,M,M,0,1,0
US1COWE0287,"GREELEY 3.5 ESE","WELD",CO,4671,40.4,-104.68,M,2.5,M,M,M,M,M,M,M,M,M,M,M,M,M,M,M,M,M,M,M,M,M,M,M,M,M,M,M,M,M
US1COWE0003,"GREELEY 3.9 ENE","WELD",CO,4687,40.45,-104.68,T,1.5,2.5,2.5,1.5,1,0.5,T,0,0,0,0,0,2.5,1.5,T,T,T,T,T,T,T,0,0,0,0,0,0,0,T,0
US1COWE0025,"GREELEY 4.4 W","WELD",CO,4799,40.41,-104.79,M,1.5,3.5,M,M,M,3.5,M,M,M,M,M,M,3,M,M,M,M,M,M,M,M,M,M,M,M,M,M,M,1,M
US1COWE0318,"GREELEY 4.6 WNW","WELD",CO,4750,40.44,-104.81,M,2,4.5,4,3,1,0,0,0,M,M,M,0,3,2.5,0.5,T,T,M,M,M,M,M,M,M,M,M,M,M,0.5,M
US1COWE0433,"GREELEY 4.7 SSW","WELD",CO,4697,40.35,-104.76,M,0.5,3,1.5,0.5,0.5,M,M,M,M,M,M,M,M,M,M,M,M,M,M,M,M,M,M,M,M,M,M,M,M,M
US1COWE0163,"GREELEY 5.2 SW","WELD",CO,4753,40.36,-104.78,M,0.7,M,M,M,M,M,M,M,M,M,M,M,M,M,M,M,M,M,M,M,M,M,M,M,M,M,M,M,M,M
USC00053553,"GREELEY UNC","WELD",CO,4714,40.4,-104.7,0,3,2,2,1,1,0,0,0,0,0,0,4,1,T,T,T,T,0,0,0,M,0,M,0,0,0,0,M,0,0
USC00053592,"GREEN MT DAM","SUMMIT",CO,7738,39.88,-106.33,M,M,M,16,M,M,M,M,M,M,13,13,M,M,M,M,M,16,16,16,14,M,M,M,13,10,9,9,M,M,M
USC00053629,"GROSS RESERVOIR","BOULDER",CO,7968,39.94,-105.35,0,0,3,4,4,3,2,1,T,0,0,0,0,8,8,6,5,4,2,T,T,0,0,0,0,0,0,0,0,5,3
US1COPK0067,"GUFFEY 5.5 W","PARK",CO,9502,38.75,-105.62,M,M,M,M,M,M,M,M,M,M,M,M,M,M,M,M,M,M,M,M,M,M,M,3.8,M,M,M,M,M,M,M
USC00053652,"GUFFEY 9SE","FREMONT",CO,8913,38.69,-105.39,5,5,6,5,5,3,3,3,2,2,1,1,9,7,4,2,1,0,0,0,0,0,0,T,0,0,0,0,0,0,T
US1COGN0052,"GUNNISON 0.8 N","GUNNISON",CO,7734,38.56,-106.93,M,M,M,2,M,M,M,M,M,M,M,M,M,M,M,M,M,M,M,M,M,M,M,M,M,M,M,M,M,M,M
USC00053662,"GUNNISON 3SW","GUNNISON",CO,7620,38.53,-106.97,19,M,M,15,14,15,14,14,M,14,14,16,14,14,14,14,14,14,14,13,13,12,11,11,10,9,7,5,3,1,1
US1COGN0040,"GUNNISON 6.6 N","GUNNISON",CO,7939,38.64,-106.94,M,M,M,M,M,M,M,M,M,M,M,M,30,M,M,M,M,M,M,M,M,M,M,M,27,27,M,25,23,22,21
US1COEG0047,"GYPSUM 2.5 ESE","EAGLE",CO,6650,39.63,-106.9,M,M,M,M,M,M,1.5,M,M,M,M,M,M,M,M,M,M,M,M,M,M,M,M,M,M,M,M,M,M,M,M
USC00053867,"HAYDEN","ROUTT",CO,6465,40.49,-107.25,26,33,36,34,33,31,29,31,30,29,29,29,36,34,34,34,34,33,32,32,32,31,29,28,27,26,25,24,24,23,22
US1COSU0058,"HEENEY 0.5 NW","SUMMIT",CO,7992,39.87,-106.31,M,M,M,M,M,M,M,M,M,M,M,M,M,M,M,M,M,M,M,M,M,M,M,M,12,M,M,M,M,M,M
USC00053951,"HERMIT 8 SE","MINERAL",CO,8947,37.75,-107.1,23,23,21,21,20,20,19,19,19,19,20,31,29,28,28,28,27,27,26,26,26,28,27,27,26,25,24,22,20,19,20
US1COLP0026,"HESPERUS 13.3 SSW","LAPLATA",CO,6684,37.11,-108.14,3.5,2.5,1.5,1,1,1,1,1,1,0.5,0.5,0,4.5,0.5,0,M,0,0,0,0,0,0,0,0,0,0,0,0,0,0,0
US1COLP0074,"HESPERUS 14.1 SSW","LAPLATA",CO,6626,37.09,-108.13,M,M,M,M,M,M,M,M,M,M,T,M,4.5,M,M,M,M,M,M,M,M,T,M,T,M,M,M,M,M,M,M
US1COLP0083,"HESPERUS 9.8 SW","LAPLATA",CO,7033,37.18,-108.15,M,M,20,18,M,M,M,M,M,M,17.5,13.5,19.5,M,M,M,M,M,M,M,M,M,M,M,M,M,M,M,M,M,M
US1CODG0176,"HIGHLANDS RANCH 0.6 SSE","DOUGLAS",CO,5774,39.55,-104.97,T,T,2.5,2.5,2,T,T,T,T,T,T,T,0,7.5,2,1.5,0.5,T,T,T,T,T,0,0,0,0,0,0,0,3.5,T
US1CODG0165,"HIGHLANDS RANCH 1.1 ENE","DOUGLAS",CO,5786,39.56,-104.95,M,M,M,M,M,M,M,M,M,M,M,M,M,M,M,M,M,M,M,M,M,M,0,M,M,M,M,M,M,M,M
US1CODG0222,"HIGHLANDS RANCH 1.5 SSE","DOUGLAS",CO,5956,39.53,-104.96,M,M,2,2,1,T,T,M,M,M,M,M,M,M,4,3,M,M,T,M,M,M,M,M,M,M,M,M,M,2.7,1.5
US1CODG0178,"HIGHLANDS RANCH 2.5 SSW","DOUGLAS",CO,5836,39.52,-104.99,0,0,2.5,2.5,1,T,0,0,0,0,0,0,0,8.5,5.5,3.5,1.5,T,0,0,0,0,0,0,0,0,0,0,0,3.5,1
US1CODG0250,"HIGHLANDS RANCH 3.0 WSW","DOUGLAS",CO,5689,39.53,-105.02,M,M,3,0.5,M,M,M,M,M,M,M,M,M,8,M,M,M,M,M,M,M,M,M,M,M,M,M,M,M,3,M
US1CODG0074,"HIGHLANDS RANCH 3.2 ESE","DOUGLAS",CO,5923,39.54,-104.91,2,M,3,2,1,1,1,1,0.5,0.5,0.5,0.5,T,6,5,4,2.5,1.5,0.5,T,T,T,T,T,T,T,T,T,0,3,1
US1COMR0081,"HILLROSE 2.5 SSW","MORGAN",CO,4215,40.29,-103.55,M,T,2.5,M,M,1.5,M,M,M,M,M,M,M,3.5,M,M,M,M,M,M,M,M,M,M,M,M,M,M,M,0.5,M
USC00054076,"HOLLY","PROWERS",CO,3400,38.05,-102.13,0,0,3,1,0,0,0,0,0,0,0,0,0,0,0,0,0,0,0,0,0,0,0,0,0,0,0,0,0,1,0
USC00054082,"HOLYOKE","PHILLIPS",CO,3779,40.55,-102.34,2,1,2,2,2,2,1,1,0,0,0,0,0,2,T,T,T,T,T,T,0,0,0,0,0,0,0,0,0,2,0
US1COPH0045,"HOLYOKE 0.3 WSW","PHILLIPS",CO,3745,40.58,-102.31,M,1,3,M,M,M,T,M,M,M,M,M,0,1,M,M,M,M,M,M,M,M,0,M,0,M,M,M,0,2,M
US1COPH0014,"HOLYOKE .59 SW","PHILLIPS",CO,3746,40.58,-102.31,2.5,1.5,M,M,M,M,M,M,M,M,M,M,M,M,M,M,M,M,M,M,M,M,0,M,M,M,M,M,0,1.8,0
US1CODL0016,"HOTCHKISS 4.7 W","DELTA",CO,5766,38.82,-107.8,M,M,M,T,M,M,M,M,M,M,M,M,M,M,M,M,M,M,M,M,M,M,0.3,M,M,M,M,M,M,M,M
US1CODL0049,"HOTCHKISS 4.9 W","DELTA",CO,5688,38.81,-107.81,0,0,0,0,0,0,0,0,0,0,0,0,0,0,0,0,0,0,0,M,M,0.5,0.5,0,0,M,M,M,M,M,0
US1CODL0043,"HOTCHKISS 5.4 NE","DELTA",CO,5935,38.86,-107.65,M,M,M,M,M,M,M,M,M,M,M,M,M,M,M,M,M,M,M,M,M,M,2,M,M,M,M,M,M,M,M
US1CODL0026,"HOTCHKISS 7.1 WNW","DELTA",CO,6598,38.86,-107.83,M,M,M,6.5,M,M,M,M,M,M,M,M,2,M,M,M,M,M,M,M,M,2,2.5,0,0,M,M,M,M,T,M
US1CODL0058,"HOTCHKISS 7.6 NW","DELTA",CO,6856,38.88,-107.82,M,M,M,M,M,M,M,M,M,M,M,M,M,M,M,M,M,M,M,M,M,3,M,M,M,M,M,M,M,M,M
USC00054135,"HOURGLASS RESERVOIR","LARIMER",CO,9518,40.58,-105.63,24,36,38,36,32,31,32,31,33,32,32,31,33,45,41,40,38,37,36,36,35,35,35,35,35,35,34,32,30,34,32
US1COWE0187,"HUDSON 4.8 WSW","WELD",CO,5035,40.04,-104.73,0,T,2.5,2.5,1.5,1,0.5,T,0,0,0,M,0,5,4,3,1,T,0,0,0,0,0,0,0,0,0,0,0,1.7,T
US1COLN0057,"HUGO 0.3 SSW","LINCOLN",CO,5039,39.13,-103.47,M,T,3.5,3.5,M,M,M,M,M,M,M,M,M,3.5,T,M,M,M,M,M,M,M,T,M,M,M,M,M,M,1,M
USC00054172,"HUGO 1 NW","LINCOLN",CO,5024,39.14,-103.49,0,0,4,4,3,1,0,0,0,0,0,0,0,5,2,1,0,0,0,0,0,0,0,0,0,0,0,0,0,1,0
US1COBO0099,"HYGIENE .79 N","BOULDER",CO,5166,40.2,-105.18,0,2,4,M,5,4,2.5,2,2,T,T,0,0,3,2,2,T,T,T,0,0,0,0,0,0,0,0,0,0,1,M
USC00054242,"IDALIA","YUMA",CO,3964,39.7,-102.29,0,0,7,6,5,4,3,2,0,0,0,0,0,1,0,0,0,0,0,0,0,0,0,0,0,0,0,0,0,T,0
USC00054254,"IGNACIO 6ESE","LAPLATA",CO,6546,37.09,-107.53,10,8,7,6,4,3,2,2,2,1,1,1,4,2,1,0,0,0,0,0,0,T,0,0,0,0,0,0,0,0,T
US1COLG0067,"ILIFF 8.9 NE","LOGAN",CO,3936,40.86,-102.96,0,0.1,1,1,M,0,0,0,0,0,0,0,0,M,4,0,0,0,0,0,0,0,0,0,0,0,0,0,0,T,0
USC00054293,"INTER CANYON","JEFFERSON",CO,7178,39.57,-105.22,16,15,18,19,19,18,17,16,15,14,13,12,12,25,24,24,24,23,22,21,20,19,18,17,16,15,14,12,10,15,15
US1COEP0058,"IVYWILD 0.6 E","ELPASO",CO,6058,38.8,-104.84,1.5,1,7.5,7.5,6,5,2,1,0.5,T,T,T,0,1,0.5,T,0,0,0,0,0,0,0,0,0,0,0,0,0,0.5,T
US1COBO0343,"JAMESTOWN 2.5 SSE","BOULDER",CO,7043,40.08,-105.37,M,M,7.6,9.8,4.6,2.5,0.2,0,M,M,M,M,M,M,5.1,1.8,M,M,M,M,M,M,M,M,M,M,M,M,M,M,1.8
USC00054380,"JOES","YUMA",CO,4274,39.66,-102.68,T,0,7,M,M,4,2,1,0,0,0,0,0,1,T,0,0,0,0,0,0,0,0,0,0,0,0,0,0,0,0
USC00054388,"JOHN MARTIN DAM","BENT",CO,3810,38.06,-102.93,0,1,0,0,0,0,0,0,0,0,0,0,0,0,0,0,0,0,0,0,0,0,0,0,0,0,0,0,0,0,0
US1COWE0495,"JOHNSTOWN 1.9 W","WELD",CO,4955,40.34,-104.95,M,M,M,M,M,M,M,M,M,M,M,M,M,M,M,M,M,M,M,M,M,M,M,M,M,M,M,M,M,1,M
USC00054413,"JULESBURG","SEDGWICK",CO,3476,40.99,-102.27,0,2,3,3,3,2,2,1,0,0,0,0,0,2,0,0,0,0,0,0,0,0,0,0,0,0,0,0,0,3,0
US1COSG0004,"JULESBURG 0.1 WNW","SEDGWICK",CO,3483,40.99,-102.27,M,3,M,M,M,M,M,M,M,M,M,M,M,3,M,M,M,M,M,M,M,M,M,M,M,M,M,0,0,3,M
USC00054444,"KARVAL","LINCOLN",CO,5074,38.74,-103.54,T,T,4,4,4,3,1,T,T,T,T,0,0,T,0,0,0,0,0,0,0,0,T,0,0,0,0,0,0,3,T
US1COLN0018,"KARVAL 9.8 WSW","LINCOLN",CO,4920,38.68,-103.7,M,M,2.5,2.5,2,1.5,0.5,0,M,M,M,M,M,M,M,M,M,M,M,M,M,M,M,M,M,M,M,M,M,0.5,M
USC00054452,"KASSLER","JEFFERSON",CO,5586,39.49,-105.1,0,0,1,T,0,0,T,0,0,0,0,0,0,3,2,T,0,0,0,0,0,0,0,0,0,0,0,0,0,4,T
US1COJF0338,"KEN CARYL 0.6 WSW","JEFFERSON",CO,5785,39.57,-105.12,M,M,4,M,M,M,M,M,M,M,M,M,M,8,M,M,M,M,M,M,M,M,M,M,M,M,M,M,M,4,M
US1COJF0486,"KEN CARYL 3.2 W","JEFFERSON",CO,6187,39.58,-105.17,M,M,M,M,M,M,M,M,M,M,M,M,M,8,M,M,M,M,M,M,M,M,M,M,M,M,M,M,M,M,M
US1COWE0340,"KERSEY 4.5 E","WELD",CO,4557,40.39,-104.47,M,M,1.5,1.5,1.5,1,0,M,M,M,M,M,M,2,0,M,M,M,M,M,M,M,M,M,M,M,M,M,M,0.5,0
USC00054546,"KIM 10SSE","LASANIMAS",CO,5256,37.12,-103.3,0,0,1,1,1,0,0,0,0,0,0,0,0,0,0,0,0,0,0,0,0,0,0,0,0,0,0,0,0,0,0
USC00054538,"KIM 15 NNE","LASANIMAS",CO,5189,37.45,-103.32,0,0,2,4,4,3,0,0,0,0,0,0,0,1,0,0,0,0,0,0,0,0,0,0,0,0,0,0,0,1,0
US1COEL0046,"KIOWA 12.7 ENE","ELBERT",CO,6130,39.41,-104.24,M,M,4,4.5,3,2,T,M,M,M,M,M,M,7.5,7,6,5,2.5,T,T,0,M,0.7,M,M,M,M,M,M,1.8,T
US1COEL0036,"KIOWA 3.9 S","ELBERT",CO,6704,39.29,-104.45,0,M,M,M,M,M,M,M,M,M,M,0,M,8,M,M,M,M,M,M,M,M,M,M,M,M,M,M,M,M,M
US1COYU0059,"KIRK 6.2 E","YUMA",CO,4136,39.61,-102.48,M,T,8,8,6,M,M,M,M,M,M,M,M,3,M,M,M,M,M,M,M,M,M,M,0,M,M,M,M,M,M
USC00054606,"KIT CARSON 9NNE","CHEYENNE",CO,4345,38.89,-102.72,0,M,2,2,0,M,0,0,0,0,0,0,0,0,0,0,0,M,M,0,0,0,0,0,0,0,0,0,0,T,0
USC00054664,"KREMMLING","GRAND",CO,7458,40.06,-106.37,3,4,3,3,3,1,T,1,4,3,T,T,T,5,3,1,T,T,0,0,0,0,0,0,0,0,0,0,0,0,0
US1COGR0046,"KREMMLING 10.0 NW","GRAND",CO,8614,40.14,-106.53,M,30,32,M,M,31,31,31.5,39,M,M,35,37,39.5,M,M,M,M,M,M,M,M,M,M,M,M,M,28.5,M,26,M
US1COGR0029,"KREMMLING 7.8 WNW","GRAND",CO,8495,40.12,-106.52,32,35,37,37,M,M,M,M,43,44,M,M,42,M,M,M,M,M,M,M,M,M,M,M,38,M,M,M,M,M,M
US1COBO0008,"LAFAYETTE 0.4 WSW","BOULDER",CO,5284,39.99,-105.11,T,0.5,4,4.5,3,2.5,1.5,T,T,T,T,T,T,4,1.5,T,T,T,T,T,0,0,0,0,0,0,0,0,0,3.5,T
US1COBO0266,"LAFAYETTE 0.8 WSW","BOULDER",CO,5279,39.99,-105.11,T,0.5,3.1,3.5,3,3,2.5,2,1.5,T,T,T,T,2.5,2,1,0.5,T,T,T,T,T,M,M,T,0,0,T,0,2.1,T
US1COBO0492,"LAFAYETTE 1.2 WNW","BOULDER",CO,5361,40,-105.12,T,0.5,4,5,M,M,M,M,M,M,M,M,M,M,M,M,M,M,M,M,M,M,M,M,M,M,M,M,M,M,M
US1COBO0290,"LAFAYETTE 2.3 NW","BOULDER",CO,5263,40.02,-105.13,M,0.5,4.6,4.9,3.8,3.4,1.7,0.5,M,M,M,M,M,0.7,M,M,M,M,M,M,M,M,M,M,M,M,M,M,M,2.3,M
US1COBO0351,"LAFAYETTE 2.3 WNW","BOULDER",CO,5375,40,-105.14,M,1.2,4.2,4.5,M,M,M,M,M,M,M,M,M,M,M,M,M,M,M,M,M,M,M,M,M,M,M,M,M,4,M
US1COBO0222,"LAFAYETTE 2.5 NW","BOULDER",CO,5286,40.02,-105.14,M,0.5,5,5.5,4,2.5,2,1.5,T,M,M,M,M,2.5,0.5,T,M,M,M,M,M,M,M,M,M,M,M,M,M,2.5,M
US1COSA0011,"LA GARITA 5.6 WSW","SAGUACHE",CO,8249,37.79,-106.34,M,M,M,M,T,T,T,T,M,T,M,13,M,M,M,M,M,M,M,T,T,M,0,0,0,0,0,0,0,0,M
USC00054724,"LA JUNTA","OTERO",CO,4088,37.98,-103.54,0,M,M,M,M,2,1,T,0,0,0,0,0,0,0,0,0,0,0,0,0,0,0,0,0,0,0,0,0,0,0
US1COOT0025,"LA JUNTA 1.0 S","OTERO",CO,4204,37.97,-103.54,0,0,1.5,M,1,0,0,0,0,0,0,0,M,M,0,0,0,0,0,M,0,0,M,0,0,0,0,0,0,M,0
US1COOT0042,"LA JUNTA 17.5 S","OTERO",CO,4236,37.73,-103.5,M,M,M,2.4,M,M,M,M,M,M,M,M,M,M,M,M,M,M,M,M,M,M,M,M,M,M,M,M,M,1,M
USC00054726,"LA JUNTA 20 S","OTERO",CO,4209,37.75,-103.48,0,0,2,2,1,1,0,0,0,0,0,0,0,0,0,0,0,0,0,0,0,0,0,0,0,0,0,0,0,1,0
USC00054736,"LAKE CITY 1NNE","HINSDALE",CO,8712,38.05,-107.3,20,21,32,M,M,M,M,M,24,24,23,30,38,M,M,M,M,M,M,34,33,32,32,31,30,29,28,27,26,27,M
US1COPK0039,"LAKE GEORGE 7.2 WNW","PARK",CO,8998,39.02,-105.49,M,M,M,M,M,M,M,M,M,M,M,M,M,M,M,M,M,M,M,M,M,M,M,M,M,M,0,M,M,M,M
USC00054742,"LAKE GEORGE 8 SW","PARK",CO,8548,38.91,-105.47,0,0,T,1,0,0,0,0,1,0,0,1,0,9,5,3,2,2,1,1,0,0,0,0,0,0,0,0,0,T,0
USC00054762,"LAKEWOOD","JEFFERSON",CO,5639,39.75,-105.12,0,0,4,4,3,3,4,0,0,0,0,0,T,5,2,0,0,0,0,0,0,0,0,0,0,0,0,0,0,4,0
US1COJF0473,"LAKEWOOD 1.3 NW","JEFFERSON",CO,5788,39.71,-105.13,M,M,M,M,M,M,M,M,M,M,M,M,M,10,M,M,M,M,M,M,M,M,M,M,M,M,M,M,M,M,M
US1COJF0333,"LAKEWOOD 1.7 SW","JEFFERSON",CO,5744,39.68,-105.14,1,T,5,4,3.5,3,2,1,T,T,T,T,M,M,M,M,M,M,M,M,T,T,T,T,T,T,T,T,0,4.5,1
US1COJF0179,"LAKEWOOD 2.2 ESE","JEFFERSON",CO,5514,39.68,-105.08,M,M,4.5,4.5,M,M,M,M,M,M,M,M,M,7,M,M,M,M,M,M,M,M,M,M,M,M,M,M,M,3,M
USC00054770,"LAMAR","PROWERS",CO,3626,38.09,-102.63,0,0,3,5,3,0,0,0,0,0,0,0,0,0,0,0,0,0,0,0,0,0,0,0,0,0,0,0,0,2,0
US1COPW0034,"LAMAR 2.9 S","PROWERS",CO,3742,38.04,-102.61,M,M,M,M,M,M,M,M,M,M,M,M,M,M,M,M,M,M,M,M,M,M,M,M,M,M,M,M,M,1.5,M
USW00003013,"LAMAR MUNICIPAL AP","PROWERS",CO,3687,38.07,-102.69,0,0,M,M,M,0,0,0,0,0,0,0,0,0,0,0,0,0,0,0,0,0,0,0,0,0,0,0,0,M,M
US1COLR0567,"LA PORTE 10.0 NNW","LARIMER",CO,6095,40.76,-105.2,0,7.5,8.5,8,7,4,4,3,2,1,0.5,0,T,4,4,3.5,3,2.5,1,T,T,T,0.5,T,T,T,T,0,0,1,T
US1COLR0761,"LAPORTE 1.4 NW","LARIMER",CO,5143,40.63,-105.15,M,6,7.4,6.7,6.1,5.5,2,2,0.5,M,M,M,M,3.5,2,1,M,M,M,M,M,M,M,M,M,M,M,M,M,M,M
US1CODG0231,"LARKSPUR 2.2 WNW","DOUGLAS",CO,7193,39.19,-104.93,M,13,M,M,M,M,16.5,M,8,M,6.5,5,6.5,18,M,M,M,M,M,M,M,M,M,M,M,M,M,M,M,M,M
US1CODG0255,"LARKSPUR 7.1 ESE","DOUGLAS",CO,7135,39.15,-104.77,M,M,2,4,M,M,M,M,M,M,M,M,0,M,M,M,M,8.5,M,M,M,M,7,M,T,M,M,M,M,M,M
USC00054834,"LAS ANIMAS","BENT",CO,3889,38.06,-103.22,0,0,1,1,0,0,0,0,0,0,0,0,0,0,0,0,0,0,0,0,0,0,0,0,0,0,0,0,0,0,0
US1COWA0021,"LAST CHANCE 6.1 N","WASHINGTON",CO,4641,39.83,-103.57,M,M,9,M,M,M,M,M,M,M,M,M,M,M,M,M,M,M,M,M,M,M,M,M,M,M,M,M,M,M,M
US1COLK0001,"LEADVILLE 1.4 WNW","LAKE",CO,9964,39.26,-106.32,M,M,M,M,M,M,M,51,M,M,M,M,M,M,M,M,M,M,M,M,M,M,M,M,M,M,M,M,M,M,M
USW00093009,"LEADVILLE LAKE COUNTY AP","LAKE",CO,9930,39.23,-106.32,M,M,M,M,M,M,M,M,M,M,M,M,M,M,M,M,M,0,M,M,M,M,M,M,M,M,M,M,M,M,M
USC00054934,"LEMON DAM","LAPLATA",CO,8108,37.38,-107.66,46,43,46,48,43,42,41,40,40,39,40,41,45,44,43,41,39,37,36,35,34,40,37,34,34,33,30,29,26,25,28
USC00054945,"LEROY 5 WSW","LOGAN",CO,4466,40.51,-102.99,1,0,2,2,2,1,1,0,T,0,0,0,0,2,2,1,0,0,0,0,0,0,0,0,0,0,0,0,0,0,0
US1COKC0050,"LIBERTY 15 SW","KITCARSON",CO,4533,39.49,-102.82,M,T,4,M,M,M,M,T,M,M,M,M,M,M,M,M,M,M,M,M,M,M,0,M,M,M,M,M,M,M,M
US1COYU0024,"LIBERTY 5.5 NW","YUMA",CO,4228,39.7,-102.71,1.5,T,6,5,3.5,2.5,1,1,T,M,M,M,M,1.5,T,M,M,M,M,M,M,M,M,M,M,M,M,M,M,T,M
USW00093010,"LIMON","LINCOLN",CO,5373,39.28,-103.67,M,M,M,M,M,M,M,M,M,M,M,M,M,M,M,M,M,M,M,M,M,M,M,M,M,M,M,M,M,M,0
US1COLN0053,"LIMON 0.3 W","LINCOLN",CO,5395,39.27,-103.7,M,M,M,4,3.5,2,M,M,M,M,M,M,M,M,M,M,M,M,M,M,M,M,2,M,M,M,M,M,M,M,M
US1COLN0050,"LIMON 0.5 S","LINCOLN",CO,5354,39.26,-103.69,M,M,M,3.4,M,M,M,M,M,M,M,M,M,M,M,M,M,M,M,M,M,M,M,M,M,M,M,M,M,M,M
US1COLN0054,"LIMON 6.9 NE","LINCOLN",CO,5649,39.33,-103.58,M,M,M,M,M,M,M,M,M,M,M,M,M,M,M,M,M,M,M,M,M,M,4,M,M,M,M,M,M,M,M
USC00055020,"LIMON ATWATER RANCH","ELBERT",CO,5570,38.95,-103.77,0,0,2,0,0,0,0,0,0,0,0,0,0,0,0,0,0,0,0,0,0,0,0,0,0,0,0,0,0,0,0
USC00055025,"LINDON 5 WNW","WASHINGTON",CO,4850,39.76,-103.5,T,0,3,3,3,2,2,T,0,0,0,0,0,2,2,1,T,T,T,0,0,0,T,T,0,0,0,0,0,T,0
US1COAR0290,"LITTLETON 1.5 NE","ARAPAHOE",CO,5461,39.61,-105,M,M,M,2,M,M,M,M,M,M,M,M,M,5.5,3.5,M,M,M,M,M,M,M,M,M,M,M,M,M,M,M,M
US1COJF0362,"LITTLETON 2.8 WNW","JEFFERSON",CO,5470,39.61,-105.06,M,M,M,M,M,M,M,M,M,M,0,M,M,M,M,M,M,M,M,M,M,M,M,M,M,M,M,M,M,M,M
US1COJF0184,"LITTLETON 4.7 WSW","JEFFERSON",CO,5616,39.59,-105.1,M,M,M,2.5,M,M,M,M,M,M,M,M,M,M,M,M,M,M,M,M,M,M,M,M,M,M,M,M,M,3,M
US1COAR0321,"LITTLETON 5.0 ESE","ARAPAHOE",CO,5761,39.57,-104.93,M,M,3.9,3.5,M,M,M,M,M,M,M,M,M,8,M,M,M,M,M,M,M,M,M,M,M,M,M,M,M,2,M
US1COJF0332,"LITTLETON 5.7 SW","JEFFERSON",CO,5553,39.54,-105.1,0,0,3.5,4,2.5,1,0,0,0,0,0,0,0,7,5.5,4,2,T,0,0,0,M,M,0,M,M,M,M,M,4,M
US1COJF0376,"LITTLETON 6.0 W","JEFFERSON",CO,5760,39.62,-105.13,M,M,M,3.5,M,M,M,M,M,M,M,M,M,M,4.5,4,2,1,M,M,M,M,M,M,M,M,M,M,M,M,2
US1COJF0212,"LITTLETON 6.4 W","JEFFERSON",CO,5849,39.61,-105.14,T,T,3.5,4,2,0.5,M,M,M,M,M,M,M,6,4,2,1,T,M,M,M,M,M,M,M,M,M,M,M,4.5,2.5
US1CODG0032,"LITTLETON 7.7 ESE","DOUGLAS",CO,5872,39.55,-104.9,M,T,3,3,2,0.5,T,M,M,M,M,M,M,8.5,4,1,T,M,M,M,M,M,M,M,M,M,M,M,M,3,0.5
US1COJF0201,"LITTLETON 8.2 WSW","JEFFERSON",CO,6052,39.58,-105.16,M,M,M,M,M,M,M,M,M,M,M,M,M,M,M,M,M,M,M,M,M,M,M,M,M,M,M,M,M,5.5,M
US1COLR0250,"LIVERMORE 10.5 WSW","LARIMER",CO,7442,40.75,-105.41,0.8,9,12,9,8,7,8,6,5,5,5,M,6,M,M,M,M,M,M,M,M,M,7,0,T,0,0,0,0,5,0
US1COLR1017,"LIVERMORE 12.2 NW","LARIMER",CO,7001,40.87,-105.41,M,8.5,11,M,M,M,11,M,M,M,M,M,6,12.5,M,M,M,M,M,M,M,M,2.5,M,M,M,M,M,M,M,M
US1COLR0555,"LIVERMORE 8.5 WSW","LARIMER",CO,7018,40.73,-105.41,M,M,10,8,6.5,6.5,7.5,M,M,M,M,M,6,M,M,M,M,M,M,M,M,M,M,M,M,M,M,M,M,M,M
US1COLR0897,"LIVERMORE 9.9 WSW","LARIMER",CO,7555,40.72,-105.41,M,M,9,M,M,M,M,M,M,M,M,M,M,M,M,M,M,M,M,M,M,M,M,M,M,M,M,M,4,M,M
US1CODG0133,"LONE TREE 2.0 SW","DOUGLAS",CO,6119,39.51,-104.91,M,M,2,M,M,M,M,M,M,M,M,M,M,7,M,M,M,M,M,M,M,M,M,M,M,M,M,M,M,3,M
US1COBO0441,"LONGMONT 0.3 W","BOULDER",CO,5038,40.17,-105.12,M,1,3,M,M,M,M,M,M,M,M,M,M,M,M,M,M,M,M,M,M,M,M,M,M,M,M,M,M,M,M
US1COBO0254,"LONGMONT 1.4 WNW","BOULDER",CO,5053,40.18,-105.14,M,M,6,M,M,M,M,M,M,M,M,M,M,3.5,M,M,M,M,M,M,M,M,M,M,M,M,M,M,M,M,M
US1COBO0149,"LONGMONT 1.7 NNE","BOULDER",CO,5061,40.19,-105.09,M,1.5,4,M,M,M,M,M,M,M,M,M,M,3,M,M,M,M,M,M,M,M,M,M,M,M,M,M,M,0.5,M
US1COBO0361,"LONGMONT 1.8 E","BOULDER",CO,5013,40.17,-105.08,M,1.6,4.7,5,4.5,M,M,M,M,M,M,M,M,3.6,1,M,M,M,M,M,M,M,M,M,M,M,M,M,M,M,M
US1COBO0352,"LONGMONT 1.8 ENE","BOULDER",CO,5059,40.18,-105.08,0,1.6,4.5,4.5,4,3.5,2.5,2,1,0,0,0,0,3.5,2,1.5,1,T,0,0,0,0,0,0,0,0,0,0,0,0.5,0
US1COBO0403,"LONGMONT 1.9 NNW","BOULDER",CO,5072,40.2,-105.13,M,M,M,M,M,M,M,M,M,M,M,M,M,M,M,M,M,M,M,M,M,M,M,M,M,M,M,M,M,0.5,M
US1COBO0143,"LONGMONT 2.1 N","BOULDER",CO,5048,40.2,-105.11,0,1,5,5.5,5,2.5,1,0.5,0,0,0,0,0,3.5,1,T,0,0,0,0,0,0,0,0,0,0,0,0,0,1,0
US1COBO0084,"LONGMONT 2.6 NW","BOULDER",CO,5068,40.2,-105.13,0,1.7,M,M,M,2,T,T,M,M,0,0,0,2.7,T,M,M,M,M,M,M,M,M,M,0,M,M,M,0,0.5,0
USC00055116,"LONGMONT 2 ESE","BOULDER",CO,4949,40.17,-105.08,0,2,5,5,4,0,0,0,0,0,0,0,0,4,1,0,0,0,0,0,0,0,0,0,0,0,0,0,0,1,0
US1COBO0435,"LONGMONT 3.0 SW","BOULDER",CO,5035,40.14,-105.15,0,1.5,4.5,5,5,4,3.5,1.5,T,T,T,0,0,3.5,T,0,0,0,0,0,0,0,0,0,0,0,0,0,0,1,0
US1COBO0507,"LONGMONT 3.3 SW","BOULDER",CO,5061,40.14,-105.16,M,1.5,6,M,M,M,M,M,M,M,M,M,M,M,M,M,M,M,M,M,M,M,M,M,M,M,M,M,M,1,0
US1COBO0331,"LONGMONT 3.8 WSW","BOULDER",CO,5066,40.14,-105.17,M,M,M,2.7,M,M,M,M,M,M,M,M,M,M,M,M,M,M,M,M,M,M,M,M,M,M,M,M,M,M,M
US1COWE0302,"LONGMONT 5.1 E","WELD",CO,4917,40.17,-105.02,M,M,M,M,M,M,M,M,M,M,0,M,M,M,M,M,M,M,M,M,M,M,M,M,M,M,M,M,M,M,M
US1COWE0203,"LONGMONT 8.2 ESE","WELD",CO,4963,40.12,-104.96,M,1.8,5.5,5.5,5,3,1,T,M,M,M,M,M,4.5,3,1,M,M,M,M,M,M,M,M,M,M,M,M,M,1,M
US1COLR0458,"LOV 3.0 SW","LARIMER",CO,5111,40.37,-105.14,M,M,5,M,M,M,M,M,M,M,M,M,M,4,M,M,M,M,M,M,M,M,M,M,M,M,M,M,M,M,M
US1COLR0472,"LOV 3.4 S","LARIMER",CO,5084,40.37,-105.1,M,2.5,6,4.5,4,3.5,2.5,1.5,T,M,M,M,M,M,M,M,M,M,M,M,M,M,M,M,M,M,M,M,M,0.5,M
US1COLR0500,"LOV 3.8 S","LARIMER",CO,5084,40.37,-105.1,M,3.2,5,4,M,M,1.5,M,M,M,M,M,M,M,M,M,M,M,M,M,M,M,M,M,M,M,M,M,M,0.9,M
US1COLR0509,"LOV 4.0 W","LARIMER",CO,5124,40.39,-105.16,M,2.8,4,0.3,M,M,0.6,T,T,M,M,M,M,5.2,M,M,M,M,M,M,M,M,M,T,T,M,M,M,1,3,M
US1COLR0464,"LOV 5.0 S","LARIMER",CO,5140,40.34,-105.09,M,2.5,8,7.4,6.7,5.7,4.3,2.9,0.9,M,M,M,M,2.5,1.8,M,M,M,M,M,M,M,M,M,M,M,M,M,M,1.5,M
US1COLR1013,"LOVELAND 1.7 SW","LARIMER",CO,5007,40.4,-105.09,M,2.7,4,4,M,M,M,M,M,M,M,M,0,M,M,M,M,M,M,M,M,M,M,M,M,M,M,M,M,T,M
US1COLR0941,"LOVELAND 1.9 SSE","LARIMER",CO,4964,40.39,-105.06,M,M,M,M,M,M,M,M,M,M,M,M,M,M,M,M,M,M,M,M,M,M,M,M,M,M,M,M,0,M,M
US1COLR0662,"LOVELAND 2.0 SSE","LARIMER",CO,4963,40.39,-105.05,M,M,M,M,M,M,M,M,M,M,M,M,M,2,M,M,M,M,M,M,M,M,M,M,M,M,M,M,M,M,M
US1COLR0854,"LOVELAND 2.3 NW","LARIMER",CO,5090,40.44,-105.1,M,3.5,5.5,5,3,1.5,0.5,T,T,T,M,M,M,3,T,T,T,M,M,M,M,M,M,M,M,M,M,M,M,1.7,M
US1COLR0676,"LOVELAND 2.4 NW","LARIMER",CO,5097,40.44,-105.11,M,3.5,5.5,5,3,1.5,0.5,M,0,M,M,M,M,3,M,M,M,M,M,M,M,M,M,M,M,M,M,M,M,M,M
US1COLR0687,"LOVELAND 2.7 E","LARIMER",CO,4986,40.43,-105.02,0,3.5,6,5.5,4,2.5,1,1,M,0,0,0,0,4,2.5,M,M,T,T,0,T,0,0,0,M,M,M,M,M,1.5,0
US1COLR1109,"LOVELAND 2.8 WNW","LARIMER",CO,5158,40.43,-105.12,0,2.5,5.5,4,3.5,2,2,1.5,T,T,T,T,0,1,T,T,T,0,0,0,0,0,0,0,0,0,0,0,0,1.5,T
USC00055236,"LOVELAND 2N","LARIMER",CO,5079,40.44,-105.08,0,3,5,4,4,4,2,1,T,0,0,0,0,4,T,T,T,0,0,0,0,0,0,0,0,0,0,0,0,1,0
US1COLR0104,"LOVELAND 3.0 NNE","LARIMER",CO,4983,40.44,-105.06,0,2,4,3.5,3.5,2.5,2.5,1.5,0.5,T,0,0,0,2.5,0.5,T,T,0,0,0,0,0,0,0,0,0,0,0,0,1,0
US1COLR1125,"LOVELAND 3.2 E","LARIMER",CO,4958,40.41,-105.01,M,M,6,M,M,M,M,M,M,M,M,M,M,2,M,M,M,M,M,M,M,M,M,M,M,M,M,M,M,M,M
US1COLR0495,"LOVELAND 4.3 SW","LARIMER",CO,5079,40.38,-105.14,M,2.6,4,M,M,M,M,M,M,M,M,M,M,M,M,M,M,M,M,M,M,M,M,M,M,M,M,M,M,M,M
US1COBO0146,"LYONS 0.3 NNE","BOULDER",CO,5398,40.23,-105.27,0,3,5.5,5,4.5,3,3,2,3,T,T,T,0,1,0.5,T,0,0,0,0,0,0,M,0,0,0,0,0,0,M,0
US1COBO0137,"LYONS 1.8 N","BOULDER",CO,6478,40.25,-105.26,M,4,6.5,6.5,5,4,3,2.5,1,0.5,T,M,1,5,3,2,1,T,T,M,M,M,M,M,M,M,M,M,M,2.5,M
US1COLR0050,"LYONS 4.8 N","LARIMER",CO,5616,40.29,-105.27,M,M,M,M,M,M,M,1,M,M,M,M,M,M,M,M,M,M,M,M,M,M,M,M,M,M,M,M,M,M,M
US1COLR0735,"LYONS 6.4 NW","LARIMER",CO,6665,40.28,-105.36,T,6,12,9,7,7,7,4.5,4,3.5,3.5,3.5,2.5,3,2,2,M,2,1,M,M,M,M,M,M,M,M,M,0,3,1.5
US1COLR1072,"LYONS 8.9 WNW","LARIMER",CO,7623,40.27,-105.43,M,M,11,M,M,M,M,M,M,M,M,M,M,M,M,M,M,M,M,M,M,M,M,M,M,M,M,M,M,M,M
US1COMZ0068,"MANCOS 11.3 WNW","MONTEZUMA",CO,6850,37.41,-108.48,M,M,M,M,M,M,M,M,M,M,M,M,M,M,M,M,M,M,M,M,M,4.5,M,M,M,M,M,M,M,M,M
US1COMZ0033,"MANCOS 11 NNE","MONTEZUMA",CO,8948,37.5,-108.24,49,48,52,M,M,M,M,M,M,M,M,M,M,M,M,M,M,M,M,M,M,M,M,M,M,M,M,M,M,M,M
USC00055327,"MANCOS 1SW","MONTEZUMA",CO,6895,37.33,-108.32,9,8,7,7,6,6,6,5,5,4,3,2,8,6,4,2,2,1,0,0,0,2,0,0,0,0,0,0,0,0,0
US1COMZ0013,"MANCOS 3.8 WNW","MONTEZUMA",CO,7048,37.38,-108.35,M,M,M,M,M,M,M,M,M,M,M,M,M,M,M,M,9,M,M,M,M,M,M,M,M,M,M,M,M,M,M
US1COEP0175,"MANITOU SPRINGS 1.2 ESE","ELPASO",CO,6389,38.85,-104.89,M,M,7,8,3.5,3,M,M,M,M,M,M,M,1.5,T,M,M,M,M,M,M,M,0,M,0,M,M,M,0,1.5,T
USC00055402,"MARSTON FILTER PLANT","DENVER",CO,5608,39.62,-105.07,0,0,3,3,2,2,2,0,0,0,0,0,0,4,3,2,0,0,0,0,0,0,0,0,0,0,0,0,0,2,0
US1COLR0061,"MASONVILLE 3.4 NW","LARIMER",CO,5798,40.52,-105.26,M,M,M,M,5,M,M,M,M,M,M,M,M,M,M,M,M,M,M,M,M,M,M,M,M,M,M,M,M,M,M
US1COEL0078,"MATHESON 8.0 E","ELBERT",CO,5846,39.17,-103.83,M,M,3.1,M,1.5,M,M,M,M,M,M,M,M,10.5,M,M,M,M,M,M,M,M,M,M,M,M,M,M,M,M,M
USC00055446,"MAYBELL","MOFFAT",CO,5942,40.52,-108.09,4,8,12,12,11,9,8,6,6,5,5,5,6,7,7,7,6,6,5,5,5,4,4,3,3,2,1,0,0,0,0
US1COCF0020,"MAYSVILLE 2.2 NE","CHAFFEE",CO,8423,38.54,-106.19,M,6,9,M,M,M,M,M,M,M,M,M,M,M,M,M,M,M,M,M,M,M,M,M,T,M,M,M,M,T,M
USC00055484,"MEEKER","RIOBLANCO",CO,6227,40.04,-107.91,6,5,9,11,10,8,4,3,3,3,3,2,5,5,3,2,1,1,T,0,0,T,T,0,0,0,0,0,0,T,M
USC00055531,"MESA VERDE NP","MONTEZUMA",CO,7140,37.2,-108.49,24,19,19,17,16,15,13,12,11,10,11,10,13,16,13,11,10,7,5,4,2,5,3,2,0,0,0,0,0,0,0
US1CORG0010,"MONTE VISTA 2.4 E","RIOGRANDE",CO,7649,37.58,-106.1,M,M,M,M,M,M,M,M,M,M,1.4,M,M,M,M,M,M,M,M,M,M,M,M,M,M,M,M,M,M,M,M
US1CORG0002,"MONTEVISTA 2.7 SSE","RIOGRANDE",CO,7652,37.55,-106.12,M,M,M,7,M,3,0,M,M,M,1.8,6.8,2,2,1.5,1,M,M,M,M,M,T,M,M,M,M,M,M,M,M,M
USC00055706,"MONTE VISTA 2W","RIOGRANDE",CO,7693,37.58,-106.19,4,3,3,6,4,0,0,0,0,0,1,8,4,3,3,1,0,0,0,0,0,0,0,0,0,0,0,0,0,0,0
US1COMT0005,"MONTROSE 1.2 ESE","MONTROSE",CO,5829,38.47,-107.86,T,T,0,1.1,T,0,0,0,0,0,0,0,0,0,0,0,0,0,0,0,0,0.3,T,0,0,0,0,0,0,0,0
US1COMT0013,"MONTROSE 1.2 WSW","MONTROSE",CO,5886,38.47,-107.89,M,M,M,1,M,M,M,M,M,M,M,M,T,M,M,M,M,M,M,M,M,T,M,M,M,M,M,M,M,M,M
US1COMT0049,"MONTROSE 1.5 ESE","MONTROSE",CO,5918,38.47,-107.85,M,M,M,M,M,M,M,M,M,M,M,M,M,M,M,M,0,M,M,M,M,M,M,M,M,M,M,M,M,M,M
US1COMT0036,"MONTROSE 1.6 E","MONTROSE",CO,5917,38.48,-107.84,T,T,T,1.5,T,0,0,0,0,0,0,0,T,0,0,0,0,0,0,0,0,T,0,0,0,0,0,0,0,0,0
US1COMT0028,"MONTROSE 2.0 SSE","MONTROSE",CO,5886,38.45,-107.86,M,M,M,2,M,M,M,M,M,M,M,M,M,M,M,M,M,M,M,M,M,M,M,M,M,M,M,M,M,M,M
US1COMT0015,"MONTROSE 2.9 ESE","MONTROSE",CO,6041,38.46,-107.82,M,M,M,1,M,M,M,M,M,M,M,M,M,M,M,M,M,M,M,M,M,M,M,M,M,M,M,M,M,M,M
US1COMT0009,"MONTROSE 4.0 NW","MONTROSE",CO,5728,38.53,-107.92,T,0,0,0.5,0,0,0,0,0,0,0,0,0.1,0,0,0,0,0,0,0,0,0.5,0,0,0,0,0,0,0,0,0
US1COMT0050,"MONTROSE 6.3 WSW","MONTROSE",CO,6266,38.46,-107.98,0,M,M,M,M,M,M,M,M,M,M,M,M,0,M,M,M,M,M,M,M,1.5,M,M,M,M,M,M,M,M,M
US1COMT0031,"MONTROSE 7.3 ENE","MONTROSE",CO,6912,38.52,-107.75,9,8,7,7.5,7,6.5,5,4,3.5,3,2,1,3,6,5,3.5,1.5,0.5,T,T,T,2,1.5,T,T,T,T,T,0,0,0
US1COMT0045,"MONTROSE 8.1 WNW","MONTROSE",CO,5769,38.52,-108.01,M,M,M,2.5,M,M,M,M,M,M,M,M,M,M,M,M,M,M,M,M,M,1,M,M,M,M,M,M,M,M,T
USC00055722,"MONTROSE NO 2","MONTROSE",CO,5788,38.49,-107.88,0,0,0,1,0,0,0,0,0,0,0,0,T,0,0,0,0,0,0,0,0,0,0,0,0,0,0,0,0,0,0
US1COEP0017,"MONUMENT 2.1 ENE","ELPASO",CO,7239,39.1,-104.83,M,M,M,M,M,M,M,M,M,M,M,M,M,M,M,M,M,T,M,T,M,M,M,M,M,M,M,M,M,M,M
US1COEP0055,"MONUMENT 2.9 N","ELPASO",CO,7262,39.11,-104.86,1,1,3,5.5,4,2.5,2,1.5,1,1,0.5,T,T,10,9,8,6.5,5,3.5,2.5,2,1.5,3.5,2,1.5,T,T,T,T,4.5,2.5
USC00055733,"MONUMENT 3S","ELPASO",CO,6819,39.06,-104.87,0,0,1,3,3,2,0,0,0,0,0,0,0,0,0,0,0,0,0,0,0,0,0,0,0,0,0,0,0,1,0
US1COAM0033,"MOSCA 17.6 E","ALAMOSA",CO,8341,37.64,-105.56,M,M,M,6,M,M,M,M,M,M,M,M,M,M,M,M,M,M,M,M,M,M,M,M,M,M,M,M,M,M,M
US1COCF0054,"NATHROP 1.9 WSW","CHAFFEE",CO,7954,38.72,-106.11,5,5,5,6.5,6.5,4,2,2,2,0,0,1.5,1,0,0,0,0,0,0,0,0,3,0,0,0,0,0,0,0,0,0
US1COCF0019,"NATHROP 3.3 WSW","CHAFFEE",CO,8134,38.73,-106.13,3,M,M,M,M,M,4,M,M,M,M,M,M,M,M,M,M,M,M,M,M,3,M,M,M,M,M,M,M,T,M
US1COBO0322,"NEDERLAND 0.4 WNW","BOULDER",CO,8038,39.97,-105.51,M,M,M,M,M,M,M,M,M,M,M,M,M,M,M,M,M,M,M,M,M,M,M,M,M,M,M,M,0,M,M
US1COBO0075,"NEDERLAND 2.61 NNE","BOULDER",CO,8338,39.99,-105.48,M,2,M,M,M,M,M,M,M,M,M,M,M,M,M,M,M,M,M,M,M,M,M,M,M,M,M,M,M,M,M
US1COBO0296,"NEDERLAND 3.7 ENE","BOULDER",CO,8172,39.99,-105.44,M,3,6.5,M,M,M,3,M,3.5,3,2.5,2,3,19,15,14,12,10,9,7,6,6,6,5,4.5,3.5,3,2.5,2,4.5,3
US1COBO0233,"NEDERLAND 4.2 E","BOULDER",CO,8276,39.97,-105.43,T,1,4.5,5.5,5,3,2.5,1.5,1.5,0.5,T,T,4,17,12,11.5,10,8,6.5,6,5,4,3.5,2.5,1.5,0.5,T,T,T,5,3
US1COBO0110,"NEDERLAND 4.3 ENE","BOULDER",CO,8420,39.98,-105.43,T,1.5,5.5,5.5,4.5,2.5,2,1,1.5,1,T,T,1.5,17,13.5,11,6.5,4.5,4,3.5,3,2.5,2,1.5,1,0.5,T,T,T,5,3
US1COBO0057,"NEDERLAND 5.8 E","BOULDER",CO,7878,39.97,-105.4,0.5,1,4,5.5,4,2.5,2.5,T,1.5,T,T,T,1.5,12,12,10,8,7,6,5,4,2,2.5,1,T,T,T,0,0,5,3
USC00055934,"NEW RAYMER 21 N","WELD",CO,5179,40.93,-103.87,0,4,8,6,5,4,2,1,1,T,0,0,T,7,5,3,2,1,T,T,T,T,T,T,T,0,0,0,T,1,T
US1COBO0338,"NIWOT 0.7 NNW","BOULDER",CO,5077,40.1,-105.16,0,2,4.5,5,3.5,2.5,1.5,1,T,0,0,0,0,3,T,T,0,0,0,0,0,0,0,0,0,0,0,0,0,2.5,0
US1COBO0469,"NIWOT 2.2 SW","BOULDER",CO,5203,40.07,-105.19,M,M,4.2,M,M,M,M,M,M,M,M,M,M,M,M,M,M,M,M,M,M,M,M,M,M,M,M,M,M,M,M
US1COBO0248,"NIWOT 2.3 W","BOULDER",CO,5160,40.1,-105.2,0,1,4.4,4,4,3,3,1,T,T,0,0,0,2,T,T,T,0,0,0,0,0,0,0,0,0,0,0,0,1,0
USC00055970,"NORTHDALE","DOLORES",CO,6679,37.81,-109.01,8,8,7,7,7,6,6,5,5,5,3,1,T,T,T,T,T,T,T,T,M,3,T,T,T,T,T,T,T,T,T
USC00055984,"NORTHGLENN","ADAMS",CO,5406,39.9,-105.01,0,0,2,2,1,T,0,0,0,0,0,0,0,6,2,1,0,0,0,0,0,0,0,0,0,0,0,0,0,2,0
USC00056013,"NORWOOD NO. 2","SANMIGUEL",CO,7009,38.13,-108.29,M,M,M,M,M,M,M,M,M,M,1,1,7,12,13,8,4,1,0,0,0,1,0,0,0,0,0,0,0,0,0
US1COWE0345,"NUNN 1.2 ENE","WELD",CO,5201,40.71,-104.76,M,M,M,M,M,M,M,M,M,M,M,0,M,M,M,M,M,M,M,M,M,M,M,M,M,M,M,M,M,M,M
US1COWE0409,"NUNN 6.5 NE","WELD",CO,5217,40.77,-104.69,0,3,4,3,3,2.5,2,1,T,0,0,0,0,2,1,0,0,0,0,0,0,0,0,0,0,0,0,0,0,T,0
US1CORT0037,"OAK CREEK 0.3 WSW","ROUTT",CO,7439,40.27,-106.96,M,M,M,39.3,M,M,M,M,M,M,M,M,M,45,M,M,M,M,M,M,M,M,M,32,M,M,M,M,M,M,M
US1CORT0033,"OAK CREEK 5.5 E","ROUTT",CO,7332,40.26,-106.85,M,M,M,M,M,M,M,M,M,M,M,M,M,M,M,M,M,33,30,29,28.5,M,26.5,M,26,25,M,M,M,M,M
USC00056131,"ORDWAY 4 W","CROWLEY",CO,4349,38.21,-103.82,M,M,1.5,M,M,M,M,M,M,M,M,M,M,M,M,M,M,M,M,M,M,M,M,M,M,M,M,M,M,M,M
US1COWA0080,"OTIS 5.7 W","WASHINGTON",CO,4437,40.16,-103.07,T,T,2.5,2.5,2,0.5,T,T,0,0,0,0,0,2,1,0,0,0,0,0,0,0,M,T,0,0,0,0,0,T,0
USC00056205,"OURAY NO. 2","OURAY",CO,7716,38.03,-107.67,6,5,6,12,10,7,4,4,6,5,4,5,7,16,12,9,9,7,5,5,5,5,6,4,3,3,1,T,T,1,T
US1COAU0026,"PAGOSA SPRINGS 1.6 SSW","ARCHULETA",CO,7399,37.25,-107.03,M,M,M,M,M,M,M,M,M,M,M,M,M,M,M,M,M,M,M,M,M,M,M,M,M,M,M,M,T,M,M
USC00056258,"PAGOSA SPRINGS 1SE","ARCHULETA",CO,7127,37.25,-106.99,M,M,M,19,16,15,15,M,M,M,12,12,M,15,M,M,M,12,9,5,4,M,M,M,T,T,T,M,M,M,M
US1COAU0037,"PAGOSA SPRINGS 5.8 SSE","ARCHULETA",CO,7242,37.19,-106.98,M,18.5,M,M,M,M,M,M,M,M,M,M,M,M,M,M,M,M,M,M,M,M,M,M,M,M,M,M,M,M,M
US1COMN0001,"PAGOSA SPRINGS 9.1 NNW","MINERAL",CO,8869,37.4,-107.06,64,62,66.5,69,66,63,63,64,62,62,62.5,69.5,78,74,70,68.5,66,63,63,62,62,67,68,66,65,62,58,57,56,54,58
USC00056266,"PALISADE","MESA",CO,4750,39.11,-108.35,0,0,0,0,0,0,0,0,0,0,0,0,0,0,0,0,0,0,0,0,0,0,0,0,0,0,0,0,0,0,0
USC00056280,"PALMER LAKE","ELPASO",CO,7159,39.12,-104.91,1,1,2,3,2,1,1,0,0,0,0,0,0,16,12,9,7,4,3,2,1,0,1,0,0,0,0,0,0,4,2
USC00056320,"PARADOX 2N","MONTROSE",CO,5445,38.39,-108.95,1,0,0,0,0,0,0,0,0,0,0,0,0,0,0,0,0,0,0,0,0,0,0,0,0,0,0,0,0,0,M
US1CODG0146,"PARKER 2.1 WNW","DOUGLAS",CO,5922,39.52,-104.8,M,M,1.5,M,M,M,T,M,M,M,M,M,0,7,M,M,M,M,M,M,M,M,M,M,M,M,M,M,M,M,M
US1CODG0281,"PARKER 2.3 E","DOUGLAS",CO,6184,39.51,-104.72,M,M,3.2,2.5,M,0.5,M,M,M,M,M,M,M,10.5,M,M,M,M,M,M,M,M,0.5,M,M,M,M,M,M,2.6,M
US1CODG0292,"PARKER 3.5 WNW","DOUGLAS",CO,5987,39.52,-104.83,1,0.5,3.5,3.5,M,M,M,M,M,M,T,0.5,M,9.5,9,8.5,6,4,3,1.5,0.5,0.5,T,T,T,T,T,T,M,3,1.5
US1COGN0039,"PARLIN 2.7 ESE","GUNNISON",CO,8002,38.48,-106.67,M,M,M,M,M,M,M,M,M,M,M,M,M,M,M,M,M,M,M,M,M,T,M,M,M,M,M,M,M,M,M
US1COFM0001,"PENROSE 1.2 ESE","FREMONT",CO,5324,38.42,-105,M,M,M,2.5,M,M,0,M,M,M,M,M,M,M,M,M,M,M,M,M,M,M,M,M,M,M,M,M,M,M,M
US1COEP0365,"PEYTON 5.4 NNW","ELPASO",CO,7343,39.09,-104.53,T,T,1.7,2.1,2,1.5,T,T,0,0,0,0,M,M,11,10,7.6,T,T,T,0,0,3.1,0,0,0,0,0,0,1.8,T
US1COEP0343,"PEYTON 6.8 WSW","ELPASO",CO,7213,38.99,-104.6,T,T,2,3.5,3,1,T,T,T,T,0,0,0,7,7,6,5,3,1.5,1,0.5,T,3,T,T,T,T,T,0,2,T
US1COEP0256,"PEYTON 8.3 SW","ELPASO",CO,6947,38.95,-104.6,M,M,2,M,M,M,M,M,M,M,M,M,M,M,M,M,M,M,M,M,M,M,M,M,M,M,M,M,M,M,M
US1COEP0371,"PEYTON 8.5 WSW","ELPASO",CO,7042,38.96,-104.61,M,M,2,2.5,M,M,M,M,M,M,M,M,0,M,M,M,M,M,M,M,M,M,3,2.5,2,T,T,T,T,1,T
US1COEP0378,"PEYTON 9.2 SSW","ELPASO",CO,6698,38.91,-104.56,T,T,4,4.5,3.5,2.5,T,T,T,T,T,T,T,11,10,7,4.5,3.5,3,3,1.5,1,1.5,0.5,0.5,T,T,T,T,1.5,T
US1COGN0059,"PITKIN 1.1 SW","GUNNISON",CO,9137,38.6,-106.53,40,42,49,54,51,50,54,59,59,57,56,55,57,58,57,57,57,57,56,55,54,55,54,52,54,51,49,46,44,44,43.5
USC00056520,"PLACERVILLE","SANMIGUEL",CO,7381,38.02,-108.05,16,16,18,25,M,M,14,14,16,14,16,16,22,24,24,23,21,19,17,16,15,13,12,12,11,10,8,6,3,0,3
US1COPU0082,"PUEBLO 0.1 NW","PUEBLO",CO,4795,38.3,-104.62,M,M,M,M,T,M,M,M,M,M,M,M,M,M,M,M,M,M,M,M,M,M,M,M,M,M,M,M,M,M,M
US1COPU0014,"PUEBLO 17 W","PUEBLO",CO,5695,38.22,-104.94,M,M,3.5,3.5,2.5,2,M,M,M,M,M,M,M,M,M,M,M,M,M,M,M,M,M,M,M,M,M,M,M,4,M
US1COPU0109,"PUEBLO 2.5 SSW","PUEBLO",CO,4755,38.26,-104.63,M,M,2.5,2,1.5,0.5,T,M,M,M,M,M,M,M,M,M,M,M,M,M,M,M,M,M,M,M,M,M,M,M,M
US1COPU0028,"PUEBLO 3.1 WSW","PUEBLO",CO,4881,38.24,-104.66,M,M,2.5,M,M,M,M,M,M,M,M,M,0,M,M,M,M,M,M,M,M,M,M,M,M,M,M,M,M,M,M
US1COPU0103,"PUEBLO 4.7 SE","PUEBLO",CO,4655,38.26,-104.55,M,M,2,1.3,1,0.5,T,M,M,M,M,0,M,M,M,M,M,M,M,M,M,M,M,M,M,M,M,M,M,M,M
US1COPU0118,"PUEBLO 5.0 S","PUEBLO",CO,4812,38.23,-104.62,M,M,2.5,2.8,M,M,M,M,M,M,M,M,M,M,M,M,M,M,M,M,M,M,M,M,M,M,M,M,M,M,M
USW00093058,"PUEBLO MEMORIAL AIRPORT","PUEBLO",CO,4728,38.29,-104.51,0,0,2,2,1.2,T,0,0,0,0,0,0,0,0,0,0,0,0,0,0,0,0,0,0,0,0,0,0,0,0,0
USC00056765,"PUEBLO RESERVOIR","PUEBLO",CO,4860,38.26,-104.72,0,M,M,M,M,M,M,0,0,0,0,0,0,T,0,0,0,0,0,0,0,0,0,0,0,0,0,0,0,0,0
US1COPU0133,"PUEBLO WEST 2.2 NNE","PUEBLO",CO,5125,38.38,-104.71,M,M,1.5,1.7,M,M,M,M,M,M,M,M,M,M,M,M,M,M,M,M,M,M,M,M,M,M,M,M,M,M,M
US1COPU0132,"PUEBLO WEST 3.2 SW","PUEBLO",CO,5020,38.32,-104.76,M,M,3,M,M,M,M,M,M,M,M,M,M,M,M,M,M,M,M,M,M,M,M,M,M,M,M,M,M,M,M
US1COPU0065,"PUEBLO WEST 3.4 SSW","PUEBLO",CO,5120,38.3,-104.74,M,M,3,2,1.5,T,0,M,M,M,M,0,0,0,M,M,M,M,M,0,M,M,0,M,0,M,M,M,M,0,0
US1COPU0094,"PUEBLO WEST 3.8 WSW","PUEBLO",CO,5099,38.33,-104.79,0,0,2.2,2.5,1.2,T,0,0,0,0,0,0,0,0,0,0,0,0,0,0,0,0,0,0,0,0,0,0,0,M,M
US1COPU0080,"PUEBLO WEST 4.9 SW","PUEBLO",CO,4975,38.3,-104.79,0,0,3,2,1,T,0,0,0,0,0,0,0,0,0,0,0,0,0,0,0,0,0,0,0,0,0,0,0,0,0
US1COPU0055,"PUEBLO WEST 6.0 W","PUEBLO",CO,5075,38.33,-104.83,0,0,2.5,2,2,0.5,0,0,0,0,0,0,0,0,0,0,M,0,0,0,0,0,0,0,0,0,0,0,0,T,0
USC00056816,"RALSTON RESERVOIR","JEFFERSON",CO,5898,39.83,-105.24,0,0,3,3,2,1,2,0,0,0,0,0,0,1,1,0,0,0,0,0,0,0,0,0,0,0,0,0,0,3,1
USC00056832,"RANGELY 1E","RIOBLANCO",CO,5276,40.09,-108.77,4,4,5,5,5,5,3,3,3,3,3,3,2,3,3,2,1,1,1,1,1,0,0,0,0,0,0,0,0,0,0
US1COLR0329,"RED FEATHER 5.9 NE","LARIMER",CO,7921,40.86,-105.51,M,M,M,M,M,M,M,M,M,M,M,M,M,M,M,M,M,10.8,M,M,M,M,M,M,M,M,M,M,3,M,M
US1COME0162,"REDLANDS 1.4 SSE","MESA",CO,4753,39.07,-108.64,0,0,0,0,0,0,0,0,0,0,0,0,0,0,0,0,0,0,0,0,0,0,0,0,0,0,0,0,0,0,0
US1COLP0070,"REDMESA 4.2 NW","LAPLATA",CO,6769,37.14,-108.23,15,14,13,12,11,10,9,7.5,6.5,6,5.5,3,4.5,M,1,0.5,0,M,M,M,M,M,M,M,M,M,M,M,M,M,M
US1COSM0010,"REDVALE 22.8 SW","SANMIGUEL",CO,5923,37.92,-108.68,M,M,M,0.8,M,M,M,M,M,M,M,M,M,M,M,M,M,M,M,M,M,M,M,M,M,M,M,M,M,M,M
USC00057020,"RIDGWAY","OURAY",CO,7047,38.15,-107.76,10,10,12,10,10,9,7,7,8,6,6,5,3,3,3,2,T,T,T,T,T,2,2,T,T,0,0,0,0,0,T
US1COOR0015,"RIDGWAY 6.2 NNW","OURAY",CO,7407,38.24,-107.79,M,M,M,M,M,M,M,M,M,M,M,M,M,M,M,M,M,M,M,M,M,M,0.5,M,M,M,M,M,M,M,M
USC00057033,"RIFLE 3ENE","GARFIELD",CO,5468,39.56,-107.73,T,T,T,T,T,0,0,0,T,T,0,0,0,0,0,0,0,0,0,0,0,T,0,0,0,0,0,0,0,0,0
US1COLP0066,"ROCKWOOD 6.7 N","LAPLATA",CO,8743,37.6,-107.81,57,M,60,68,M,66,73,79,84,79,77.5,86,79,M,M,M,M,M,M,M,M,66.5,67,M,M,M,M,M,M,M,M
US1COOT0029,"ROCKY FORD 2.9 ESE","OTERO",CO,4156,38.03,-103.68,M,M,M,M,M,M,M,M,M,M,M,M,M,0,M,M,M,M,M,M,M,M,M,M,M,M,M,M,M,M,M
USC00057167,"ROCKY FORD 2 SE","OTERO",CO,4169,38.04,-103.69,0,0,0,1,0,0,0,0,0,0,0,0,0,0,0,0,0,0,0,0,0,0,0,0,0,0,0,0,0,0,0
US1COGL0017,"ROLLINSVILLE 1.1 SSW","GILPIN",CO,8795,39.91,-105.51,M,M,M,M,M,M,25,M,M,M,M,M,M,36,M,M,M,M,M,M,23.5,M,M,M,M,M,M,M,M,M,M
US1COGL0025,"ROLLINSVILLE 1.7 E","GILPIN",CO,8397,39.92,-105.47,3,3,7,9,8,7,10,9,10,9,8,8,12,22,20,18,15,10,8,8,8,8,8,8,8,6,6,5,4,7,6
USC00057200,"ROSITA","CUSTER",CO,8748,38.09,-105.35,0,0,3,T,0,0,0,T,1,0,T,5,3,2,0,0,0,0,0,T,0,T,0,0,0,0,0,0,0,1,T
USC00057249,"ROXBOROUGH STATE PARK","DOUGLAS",CO,6116,39.43,-105.07,0,4,5,2,T,T,0,0,0,0,0,M,M,9,7,5,2,1,T,T,T,T,0,0,0,0,0,0,0,5,3
US1COLN0060,"RUSH 12.3 SE","LINCOLN",CO,5304,38.73,-103.89,M,M,M,3.5,M,M,M,M,M,M,M,M,M,M,M,M,M,M,M,M,M,M,M,M,M,M,M,M,M,M,M
US1COLR1168,"RUSTIC 11.2 W","LARIMER",CO,7902,40.68,-105.78,M,M,M,M,M,M,M,M,M,M,M,M,M,M,M,M,M,M,M,M,M,M,M,M,M,M,M,M,M,M,5
USC00057296,"RUSTIC 9WSW","LARIMER",CO,7695,40.7,-105.71,1,12,16,13,10,5,6,4,4,3,3,2,4,12,11,7,3,1,T,T,T,T,T,T,T,T,T,0,0,1,0
USC00057309,"RUXTON PARK","ELPASO",CO,9058,38.84,-104.97,10,10,12,15,15,12,10,8,8,7,6,6,7,17,16,15,13,10,10,9,8,7,7,6,6,6,5,4,4,5,3
US1COPU0099,"RYE 1.0 SSE","PUEBLO",CO,6747,37.91,-104.92,M,M,6,M,M,M,M,M,M,M,M,M,M,M,M,M,M,M,M,M,M,M,M,M,M,M,M,M,M,M,M
US1COPU0079,"RYE 11.2 E","PUEBLO",CO,5774,37.95,-104.73,T,1,4,2,1,T,T,M,M,M,M,M,M,3,T,M,M,M,M,M,M,M,M,M,M,M,M,M,M,2.5,T
USC00057317,"RYE 1SW","PUEBLO",CO,7139,37.91,-104.95,T,3,4,3,2,T,T,0,0,0,0,0,T,1,0,0,0,0,0,0,0,0,0,0,0,0,0,0,0,4,3
US1COSA0059,"SAGUACHE 0.4 E","SAGUACHE",CO,7826,38.09,-106.13,M,M,M,M,M,M,M,M,M,M,0.1,M,M,M,M,M,M,M,M,M,M,M,M,M,M,M,M,M,M,M,M
US1COCF0055,"SALIDA 1.8 SSW","CHAFFEE",CO,7582,38.51,-106.01,0.5,T,0.5,1.5,T,T,T,T,T,T,T,2.5,T,T,T,T,T,T,T,T,T,1,T,T,T,T,T,0,0,T,0
US1COCF0015,"SALIDA 9.1 NW","CHAFFEE",CO,8167,38.62,-106.13,2,2.5,4,4.5,M,M,0,0,0.5,M,M,3,M,M,M,M,M,M,M,M,M,2.5,M,M,M,M,M,M,M,0,M
US1COCF0041,"SALIDA 9.2 NW","CHAFFEE",CO,8201,38.63,-106.12,M,6,M,M,M,M,M,M,M,M,M,M,M,M,M,M,M,M,M,M,M,M,M,M,M,M,M,M,M,M,M
USC00057450,"SANTA MARIA RESERVOIR","MINERAL",CO,9702,37.82,-107.11,19,18,23,23,21,20,25,22,25,22,22,32,40,40,39,39,M,M,M,30,29,31,31,31,29,27,26,26,25,24,23
USC00057510,"SEDALIA 4 SSE","DOUGLAS",CO,6005,39.39,-104.95,0,0,1,2,T,0,0,0,0,0,0,0,0,6,4,3,2,T,0,0,0,0,0,0,0,0,0,0,0,0,0
US1CODG0088,"SEDALIA 7.2 S","DOUGLAS",CO,6409,39.33,-104.95,M,M,M,M,M,M,M,M,M,M,M,M,M,M,M,M,M,M,M,M,M,0,M,M,M,M,M,M,M,M,M
USC00057515,"SEDGWICK 5 S","SEDGWICK",CO,3995,40.87,-102.52,1,1,2,2,2,1,1,1,T,0,0,0,0,4,4,2,2,1,T,T,T,T,0,0,0,0,0,0,T,2,T
USC00057519,"SEIBERT","KITCARSON",CO,4705,39.3,-102.87,0,0,3,0,0,0,0,0,0,0,0,0,0,0,1,0,0,0,0,0,0,0,0,0,0,0,0,0,1,0,0
USC00057560,"SHAW 4ENE","WASHINGTON",CO,4999,39.57,-103.29,1,T,6,5,4,4,2,1,0,0,0,0,0,6,4,T,0,0,0,0,0,0,0,0,0,0,0,0,0,1,0
USC00057586,"SHERIDAN LAKE 4E","KIOWA",CO,4038,38.47,-102.22,4,4,7,6,5,4,7,5,1,T,T,0,0,0,0,0,0,0,0,0,0,0,0,0,0,0,0,0,0,T,0
USC00057618,"SHOSHONE","GARFIELD",CO,5991,39.57,-107.23,15,M,M,M,M,M,M,M,0,0,0,0,0,0,0,0,0,0,0,0,0,0,0,0,0,0,0,0,0,0,0
US1COGF0071,"SILT 2.9 NNW","GARFIELD",CO,6032,39.59,-107.67,M,M,3,5,M,M,M,M,1,M,M,M,M,M,M,M,M,M,M,M,M,T,1,M,M,M,M,M,M,M,M
US1COSU0035,"SILVERTHORNE 21 NW","SUMMIT",CO,8154,39.9,-106.31,9,8,13,15,14,12.5,11,11,13.5,12,11,11,12.5,17,16.5,16,15.5,14,14,13,12,12,11,10,10,9.5,9,M,M,M,M
US1COSU0006,"SILVERTHORNE 2.1 WSW","SUMMIT",CO,9682,39.62,-106.1,35.8,38.2,48,52.2,46.6,44,53.4,53.6,60.6,52.6,51.6,49.9,51.6,51.4,49.8,48.7,47.7,45.8,43.8,42.8,41.2,41.1,42.2,41.5,43.8,40.4,38.4,35.8,33.8,37.8,34.2
US1COSU0027,"SILVERTHORNE 7.3 NW","SUMMIT",CO,9201,39.74,-106.16,M,M,M,M,M,M,M,M,M,M,M,M,M,M,M,M,M,M,M,M,M,M,M,M,41.6,M,M,M,M,M,M
US1COSJ0004,"SILVERTON 0.3 WSW","SANJUAN",CO,9287,37.81,-107.67,40,40,46.2,49.5,45,44.5,49.5,49,51,49,48.5,56,59.5,63.5,59,57.5,57,54,54,53.5,51.5,56,55,52.5,52,50.5,49,46.5,45,46,47
US1COSM0008,"SLICK ROCK 1.3 N","SANMIGUEL",CO,5459,38.06,-108.91,0,0,0,0,0,0,0,0,0,0,0,0,0,0,0,0,0,0,0,0,0,0.5,0,0,0,0,0,0,0,0,0
US1COPT0004,"SNOWMASS 7.0 W","PITKIN",CO,7560,39.33,-107.11,M,M,M,9,M,M,M,M,9.2,M,M,M,9.4,M,M,M,M,M,M,M,M,M,M,M,M,M,M,M,M,M,M
US1CORG0026,"SOUTH FORK 0.6 S","RIOGRANDE",CO,8758,37.66,-106.62,17.5,16,19,M,17,13,13,13,13,12,13,33,34.5,29,27,27,26,25,24,23.5,23,26,23,22.5,22,20,18,17.5,17,16,16
US1CORG0025,"SOUTH FORK 3.7 NE","RIOGRANDE",CO,8293,37.7,-106.56,M,M,M,M,M,M,M,M,M,M,M,18.5,13,M,M,M,M,M,M,M,M,M,M,M,M,M,M,M,M,M,M
US1COBA0023,"SPRINGFIELD 0.5 NW","BACA",CO,4375,37.41,-102.62,M,M,M,M,M,M,M,M,M,M,M,M,M,M,M,M,M,M,M,M,M,M,M,M,M,M,M,M,M,0.5,M
USW00003028,"SPRINGFIELD COMANCHE NATIONAL GRA","BACA",CO,4382,37.28,-102.61,0,0,M,M,M,M,0,0,0,0,0,0,0,0,0,0,0,0,M,0,0,0,0,0,0,0,0,0,0,0,M
USC00057936,"STEAMBOAT SPRINGS","ROUTT",CO,6864,40.49,-106.82,30,39,42,41,39,36,34,35,36,37,34,34,38,39,37,36,35,34,33,32,31,29,29,27,26,25,24,21,20,22,19
US1CORT0028,"STEAMBOAT SPRINGS 0.6 NNW","ROUTT",CO,6810,40.49,-106.82,M,43,46,M,M,40,39,37.5,41,41,M,37.2,41,43,M,M,M,36,M,M,M,M,29,M,25.5,M,M,M,M,16,M
US1CORT0053,"STEAMBOAT SPRINGS 0.7 ESE","ROUTT",CO,7047,40.48,-106.81,37,45.5,51,50,47.5,44,44,42,48,47.5,46,45,48,51,50,47,46,45,44,43.5,42,42,42,41,40,39,38,36,34.5,36,33.5
US1CORT0045,"STEAMBOAT SPRINGS 1.5 WNW","ROUTT",CO,6776,40.49,-106.85,35.5,42.5,45.5,M,M,40.5,40,M,44,44,M,M,45,M,M,M,M,M,M,M,M,40,M,M,M,M,M,M,M,30,M
US1CORT0043,"STEAMBOAT SPRINGS 1.9 E","ROUTT",CO,7198,40.47,-106.79,M,M,M,M,M,M,M,M,M,M,M,M,M,M,M,M,M,M,M,M,M,0.1,M,M,M,M,M,M,M,M,M
US1COLG0040,"STERLING 15 SE","LOGAN",CO,4451,40.51,-102.99,M,M,2,M,M,M,M,M,M,M,M,M,M,2,2,M,M,M,M,M,M,M,M,M,M,M,M,M,M,0.5,0
US1COLG0035,"STERLING 2.6 SSW","LOGAN",CO,3946,40.61,-103.23,M,M,M,M,M,M,M,M,M,M,M,M,M,3,M,M,M,M,M,M,M,M,M,M,M,M,M,M,M,0.3,M
US1COKC0123,"STRATTON 0.1 N","KITCARSON",CO,4405,39.3,-102.6,1,T,3.5,4,4,1,T,T,0,0,0,0,0,M,0,0,0,0,0,0,0,0,0,0,0,0,0,0,0,1,0
USC00058022,"STRONTIA SPRINGS DAM","DOUGLAS",CO,5838,39.43,-105.12,0,0,4,4,2,2,1,0,0,0,0,0,0,8,6,6,4,0,0,0,0,0,0,0,0,0,0,0,0,6,2
USC00058064,"SUGARLOAF RESERVOIR","LAKE",CO,9735,39.25,-106.37,M,M,M,45,45,45,61,M,M,M,48,48,48,51,51,51,51,45,42,42,42,42,42,42,39,39,38,37,35,M,M
US1COGR0053,"TABERNASH 1.9 NW","GRAND",CO,8566,40,-105.87,M,M,M,21.5,M,M,M,M,M,M,M,M,M,M,M,M,M,M,M,M,M,M,M,M,M,M,M,M,M,M,M
US1COGR0068,"TABERNASH 2.7 NW","GRAND",CO,8784,40.01,-105.89,20.5,22.5,29.5,32,29,29,30,29,32.5,31,28.5,29.5,29.5,41.5,39.5,39,36.5,35.5,34.5,34,33,33,32.5,32.5,33,31,30,28.5,26.5,27,25.5
USC00058157,"TACONY 13 SE","PUEBLO",CO,4880,38.34,-104.06,0,0,1,1,0,0,0,0,0,0,0,0,0,0,0,0,0,0,0,0,0,0,0,0,0,0,0,0,0,0,0
USC00058184,"TAYLOR PARK","GUNNISON",CO,9177,38.82,-106.61,M,M,50,50,48,48,52,52,50,48,49,48,51,50,49,47,46,45,44,42,41,41,M,M,40,38,36,34,33,33,32
USC00058204,"TELLURIDE 4WNW","SANMIGUEL",CO,8644,37.95,-107.87,22,21,26,32,28,26,25,25,29,25,25,27,33,37,34,32,30,27,26,25,25,27,28,25,24,23,22,20,18,17,17
US1CODG0294,"THE PINERY","DOUGLAS",CO,6228,39.45,-104.74,M,M,2.5,4.1,M,M,0.1,M,M,M,M,M,0,6.5,M,M,M,M,M,M,M,M,M,M,M,0,M,0,0,3,T
US1CODG0218,"THE PINERY 1.2 ESE","DOUGLAS",CO,6358,39.45,-104.71,M,M,3,4,M,M,0.5,M,M,M,M,M,M,14,M,M,M,4,2,1,M,M,M,M,M,M,M,M,M,4.5,M
US1COAD0100,"THORNTON 2.1 N","ADAMS",CO,5243,39.92,-104.96,T,T,3.5,3.9,0.5,1.5,T,0,0,0,0,0,0,5.5,4,3,1,T,0,0,0,0,0,0,0,0,0,0,0,2.5,0
US1COAD0022,"THORNTON 2.3 SSE","ADAMS",CO,5100,39.86,-104.94,M,0,4,4,M,M,0.5,0,M,M,M,M,M,M,M,M,M,M,M,M,M,M,M,M,M,M,M,M,M,2.5,0
US1COAD0216,"THORNTON 6.2 NNE","ADAMS",CO,5156,39.97,-104.89,M,0.3,3.5,3,M,M,M,M,M,M,M,M,M,5,M,M,M,M,M,M,M,M,M,M,M,M,M,M,M,2.5,M
US1COLR0948,"TIMNATH 2.2 SE","LARIMER",CO,4835,40.51,-104.95,M,M,M,M,M,M,M,M,M,M,M,M,M,4,M,M,M,M,M,M,M,M,M,M,M,M,M,M,M,M,M
US1COLR0036,"TIMNATH 4.1 NNE","LARIMER",CO,5032,40.59,-104.96,M,3.8,5.2,4.5,3.5,3,2,1,T,T,0,0,0,7,4,4,2,M,M,M,M,M,M,M,M,M,M,M,0.5,0,M
USC00058345,"TOWNER","KIOWA",CO,3927,38.47,-102.08,0,0,3,3,3,0,0,0,0,0,0,0,0,0,0,0,0,0,0,0,0,0,0,0,0,0,0,0,0,0,0
USC00058429,"TRINIDAD","LASANIMAS",CO,6028,37.18,-104.49,0,1,3,2,2,0,0,0,0,0,0,0,2,0,0,0,0,0,0,0,0,0,0,0,0,0,0,0,0,0,0
US1COLA0076,"TRINIDAD 0.7 N","LASANIMAS",CO,6057,37.18,-104.51,0,0,2.3,3.7,2.6,1,0,0,0,0,0,0,0,1.6,0,0,0,0,0,0,0,0,0,0,0,0,0,0,0,1.6,T
US1COLA0085,"TRINIDAD 12.8 NNW","LASANIMAS",CO,6233,37.35,-104.58,M,M,M,6,M,M,M,M,M,M,M,M,M,M,M,M,M,M,M,M,M,M,M,M,M,M,M,M,M,M,M
US1COLA0071,"TRINIDAD 1.9 ENE","LASANIMAS",CO,6167,37.18,-104.47,M,M,M,M,2,2,M,M,M,M,M,M,M,M,M,M,M,M,M,M,M,M,M,M,M,M,M,M,M,M,M
USC00058436,"TRINIDAD LAKE","LASANIMAS",CO,6308,37.15,-104.56,0,0,3,5,5,0,0,0,0,0,0,0,0,2,0,0,0,0,0,0,0,0,0,0,0,0,0,0,0,1,0
USC00058501,"TWIN LAKES RESERVOIR","LAKE",CO,9234,39.09,-106.35,M,M,M,4,4,4,10,M,M,M,6,6,7,M,M,M,M,M,M,4,4,M,M,M,9,7,7,6,5,M,M
USC00058575,"VAIL","EAGLE",CO,8302,39.64,-106.35,35,36,53,50,48,45,46,46,45,45,45,44,46,47,45,44,44,43,42,40,40,39,38,38,39,37,35,33,30,32,31
US1COEG0021,"VAIL 0.9 WNW","EAGLE",CO,8170,39.65,-106.4,M,M,M,46,M,M,M,M,M,M,M,M,M,M,M,M,M,34.5,M,M,M,M,M,M,M,M,M,M,M,M,M
US1COEG0019,"VAIL 2.6 E","EAGLE",CO,8387,39.65,-106.33,14.2,14.5,20.1,23.5,19.1,14.5,20,18.5,26,21.2,20.1,19.5,16.5,20,19.1,16.1,15,12.5,12,11.2,8.5,M,M,10.5,12,12,10.7,6.2,0,3,0
USC00058582,"VALLECITO DAM","LAPLATA",CO,7642,37.38,-107.58,36,32,33,34,32,30,29,28,29,27,28,28,30,29,28,26,24,24,24,23,23,27,25,24,23,22,19,17,15,13,16
US1COLR0672,"VIRGINIA DALE 7.2 SSW","LARIMER",CO,6720,40.85,-105.4,M,8,9,8,6,5,6,4,3,2,2,1,1.5,6,4,3,2,2,2,M,M,M,1,M,M,M,M,M,M,2,M
USC00058690,"VIRGINIA DALE 7 ENE","LARIMER",CO,7013,40.97,-105.22,T,7,9,9,8,6,8,6,5,4,4,3,4,10,9,7,5,5,3,3,2,3,2,2,1,1,1,T,T,4,3
USC00058756,"WALDEN","JACKSON",CO,8054,40.74,-106.28,4,12,12,11,10,10,8,6,7,7,7,7,9,13,12,12,12,12,11,11,11,11,11,9,9,9,7,7,7,7,6
US1COJK0032,"WALDEN 0.2 WSW","JACKSON",CO,8106,40.73,-106.28,M,M,M,13,M,M,M,M,M,M,6.5,M,M,M,M,M,M,M,M,M,M,M,M,M,M,M,M,M,M,M,M
US1COJK0028,"WALDEN 18.0 NNW","JACKSON",CO,8035,40.98,-106.39,M,M,M,M,M,M,2.5,M,M,M,M,M,M,M,M,M,M,M,M,M,M,M,M,M,M,M,M,M,M,M,M
US1COHF0041,"WALSENBURG 11.5 W","HUERFANO",CO,7100,37.6,-104.99,M,M,3,4,4,4,0,M,M,M,M,M,M,M,M,M,M,M,M,M,M,M,M,M,M,M,M,M,M,1,M
USC00058781,"WALSENBURG 1 NW","HUERFANO",CO,6290,37.63,-104.8,0,0,4,4,3,1,0,0,0,0,0,0,0,T,0,0,0,0,0,T,0,0,0,0,0,0,0,0,0,2,T
US1COHF0014,"WALSENBURG 8.7 W","HUERFANO",CO,6789,37.65,-104.93,M,T,M,M,M,M,M,M,M,M,M,M,M,M,M,M,M,M,M,M,M,M,M,M,M,M,M,M,M,M,M
USC00058793,"WALSH 1 W","BACA",CO,3977,37.38,-102.3,0,0,2,4,4,3,0,0,0,0,0,0,0,0,0,0,0,0,0,0,0,0,0,0,0,0,0,0,0,1,0
US1COBO0202,"WARD 4.6 NE","BOULDER",CO,8558,40.11,-105.44,12.5,16,19.5,19.5,19,18,18.5,18,17.5,17,16.5,16.5,20,29,28,27,25.5,24,23.5,23.5,22.5,22,22.5,21.5,21,20,19,17.5,16.5,21,19.5
USC00058839,"WATERDALE","LARIMER",CO,5229,40.43,-105.21,0,3,3,2,0,0,T,0,0,0,0,0,1,T,0,0,0,0,0,M,0,0,0,0,0,0,0,0,0,0,0
USC00058860,"WAVERLY 1W","ALAMOSA",CO,7600,37.43,-106.03,0,0,0,1,T,0,0,0,0,0,3,2,2,0,0,0,0,0,0,0,0,0,0,0,0,0,0,0,0,0,0
US1COLR0142,"WEL 1.8 NE","LARIMER",CO,5261,40.73,-104.97,M,4,5,M,M,M,M,M,M,M,M,M,M,M,M,M,M,M,M,M,M,M,M,M,M,M,M,M,M,M,M
US1COLR0952,"WELLINGTON 0.4 NW","LARIMER",CO,5219,40.71,-105.01,M,M,5.5,4.5,3.5,3,2,2,1,M,M,M,M,M,M,M,M,M,M,M,M,M,M,M,M,M,M,M,M,M,M
US1COLR1008,"WELLINGTON 0.8 SW","LARIMER",CO,5194,40.7,-105.01,M,M,5,4,3.5,3,2,1.5,M,M,M,M,M,M,0.8,T,T,T,T,T,T,T,M,M,M,M,M,M,M,M,M
US1COLR1022,"WELLINGTON 12.7 NNW","LARIMER",CO,5714,40.88,-105.08,M,M,M,M,M,M,M,M,M,M,M,4,M,4,M,M,M,M,M,M,M,M,M,M,M,M,M,M,M,M,M
US1COLR0918,"WELLINGTON 3.7 WNW","LARIMER",CO,5313,40.72,-105.07,M,4.5,5,4,M,2,M,2,M,M,M,M,M,3,1.5,M,M,M,M,M,M,M,M,M,M,M,M,M,M,M,M
US1COLR0887,"WELLINGTON 7.5 NW","LARIMER",CO,5493,40.78,-105.1,M,M,6,M,M,M,M,M,M,M,M,M,M,M,M,M,M,M,M,M,M,M,M,M,M,M,M,M,M,M,M
USC00058931,"WESTCLIFFE","CUSTER",CO,7871,38.13,-105.47,T,2,3,2,1,T,0,0,0,0,1,T,2,1,T,0,0,0,0,0,0,0,0,0,0,0,0,0,0,0,T
US1COCU0026,"WESTCLIFFE 8.7 ENE","CUSTER",CO,8683,38.18,-105.31,M,M,M,3,M,M,M,M,M,M,M,M,M,M,M,M,M,M,M,M,M,M,M,M,M,M,M,M,M,M,M
US1COAD0153,"WESTMINSTER 1.6 NE","ADAMS",CO,5402,39.9,-105.03,0,M,3.1,3,3,M,1.5,0,0,0,0,M,M,3,2,M,0,0,0,0,0,0,M,0,0,0,0,0,0,3.3,0
US1COAD0225,"WESTMINSTER 2.3 SSE","ADAMS",CO,5450,39.85,-105.04,M,M,4,T,M,M,T,M,M,M,M,M,M,6,M,M,M,M,M,M,M,M,M,M,M,M,M,M,M,2.5,M
US1COCU0033,"WETMORE 12.2 SSW","CUSTER",CO,9482,38.06,-105.14,M,M,M,23.5,M,22.5,M,21,M,M,21,M,M,M,M,M,M,25,M,M,M,M,M,M,M,24.5,M,M,M,M,M
USC00058992,"WFO PUEBLO","PUEBLO",CO,4652,38.28,-104.52,0,1,2,1,T,0,0,0,0,0,0,0,0,0,0,0,0,0,0,0,0,0,0,0,0,0,0,0,0,0,0
US1COJF0343,"WHEAT RIDGE 0.9 WSW","JEFFERSON",CO,5435,39.77,-105.11,3.5,3.5,7,7,7,6,6,4,3.5,3,3.5,3.5,3,5,3.5,2,2,1.5,1.5,1,1,0.5,T,0,0,0,0,0,0,3.5,T
USC00058995,"WHEAT RIDGE 2","JEFFERSON",CO,5397,39.77,-105.12,0,0,4,4,3,3,3,0,0,0,0,0,0,3,2,1,0,0,0,0,0,0,0,0,0,0,0,0,0,4,0
US1COJF0290,"WHEAT RIDGE 2.8 WSW","JEFFERSON",CO,5565,39.76,-105.15,M,M,5,4.5,3.5,2.5,2,0,M,M,M,M,M,4,2,T,0,M,M,M,M,M,M,M,M,M,M,M,M,3.5,T
USC00059096,"WILLIAMS FORK DAM","GRAND",CO,7616,40.04,-106.2,11,11,13,14,13,13,11,10,10,11,10,10,11,17,17,16,16,15,14,14,13,13,13,12,11,10,9,9,7,7,6
US1COWE0529,"WINDSOR 1.2 E","WELD",CO,4792,40.49,-104.88,M,M,M,M,M,M,M,M,M,M,M,M,M,M,8,M,M,M,M,M,M,M,M,M,M,M,M,M,M,M,M
US1COLR1059,"WINDSOR 2.6 SW","LARIMER",CO,4963,40.46,-104.95,M,M,4.5,M,M,M,M,M,M,M,M,M,M,M,M,M,M,M,M,M,M,M,M,M,M,M,M,M,M,M,M
US1COLR1110,"WINDSOR 2.9 SW","LARIMER",CO,4949,40.45,-104.95,M,M,M,M,M,M,M,M,M,M,M,M,M,3,M,M,M,M,M,M,M,M,M,M,M,M,M,M,M,2.5,M
US1COWE0507,"WINDSOR 3.0 SSE","WELD",CO,4758,40.44,-104.9,M,2.4,5,3.9,3.5,3,1.5,M,M,M,M,M,M,M,M,M,M,M,M,M,M,M,M,M,M,M,M,M,M,0.5,M
US1COLR0845,"WINDSOR 3.8 WSW","LARIMER",CO,4948,40.47,-104.98,M,3.5,6,5,3.5,2.5,2,1,T,T,T,T,M,5,2.5,0.5,T,T,M,T,T,M,T,M,M,M,M,M,M,1.5,M
USC00059175,"WINTER PARK","GRAND",CO,9093,39.89,-105.76,37,42,50,55,49,49,51,50,53,51,50,50,50,57,55,54,52,51,50,49,48,48,48,47,48,47,45,42,41,41,41
US1COEG0008,"WOLCOTT 2.3 N","EAGLE",CO,7222,39.73,-106.68,13.5,12,13.5,M,M,M,M,M,M,M,M,M,M,M,M,M,M,M,M,M,M,M,M,M,M,M,M,M,M,M,M
US1COTL0028,"WOODLAND PARK 1.1 NNW","TELLER",CO,8375,39.01,-105.06,T,T,2.5,3,2.5,1.5,T,T,T,T,T,0.5,2,15,12,9,8,7,6,5,T,T,4,3,2,T,T,T,T,2.5,T
USC00059213,"WOODROW 6NNE","MORGAN",CO,4373,40.08,-103.57,T,T,2,2,2,1,T,0,0,0,0,0,0,3,2,T,T,T,T,0,0,0,0,0,0,0,0,0,0,T,0
USC00059243,"WRAY","YUMA",CO,3552,40.08,-102.21,0,0,2,2,2,1,0,0,0,0,0,0,0,0,0,0,0,0,0,0,0,0,0,0,0,0,0,0,0,0,0
US1COYU0052,"WRAY 19 NNE","YUMA",CO,3628,40.35,-102.14,0.5,T,2,2,0.5,0.5,T,T,T,T,T,T,0,1,T,T,T,T,T,T,0,0,M,M,M,M,M,M,M,0.5,0
US1COYU0068,"WRAY 4.2 NNE","YUMA",CO,3681,40.14,-102.2,1,M,2,2,1,T,M,M,M,M,M,M,M,T,M,M,M,M,M,M,M,M,M,M,M,M,M,M,M,T,M
USC00059265,"YAMPA","ROUTT",CO,7855,40.16,-106.91,15,17,22,22,22,20,18,18,19,20,20,20,24,25,25,24,23,22,21,19,18,18,18,18,19,18,16,14,14,13,13
US1CORT0026,"YAMPA 5.1 S","ROUTT",CO,8488,40.08,-106.89,M,M,M,M,M,M,M,M,M,M,M,M,M,M,M,M,36.5,M,M,M,M,M,M,M,M,M,M,31,M,M,M
US1COMZ0055,"YELLOW JACKET 1.5 NW","MONTEZUMA",CO,6972,37.54,-108.74,M,M,M,M,M,M,M,M,M,M,M,M,M,M,10.5,M,M,M,M,M,M,M,M,M,M,M,M,M,M,M,M
USC00059295,"YUMA","YUMA",CO,4133,40.12,-102.72,0,0,2,2,2,T,T,M,M,M,T,T,0,M,0,0,0,0,0,0,0,0,M,M,0,0,M,0,0,T,0
USC00059297,"YUMA 10 NW","WASHINGTON",CO,4109,40.21,-102.81,2,T,2,2,2,1,T,T,0,0,0,0,0,0,0,0,0,0,0,0,0,0,0,0,0,0,0,0,0,0,0
