# Colorado Snowfall, March 2024
# Units: inches
# Missing: M
# Trace: T
GHCN ID,Station Name,County,State,Elevation,Latitude,Longitude,Mar 1,Mar 2,Mar 3,Mar 4,Mar 5,Mar 6,Mar 7,Mar 8,Mar 9,Mar 10,Mar 11,Mar 12,Mar 13,Mar 14,Mar 15,Mar 16,Mar 17,Mar 18,Mar 19,Mar 20,Mar 21,Mar 22,Mar 23,Mar 24,Mar 25,Mar 26,Mar 27,Mar 28,Mar 29,Mar 30,Mar 31
US1COAD0248,"ADENA 3.9 SW","ADAMS",CO,4929,39.97,-103.93,0,0,0,0,0,0,0,M,M,0,0,0,0,0,M,0,0,0,0,0,0,0,0,0,M,0,0,0,0,0,0
US1COAD0249,"ADENA 4.4 SSE","ADAMS",CO,4712,39.96,-103.84,0,0,0,0,0,0,0,0,0,0,0,0,0,0,M,0,0,0,0,0,0,0,0,0,0,M,0,0,0,0,0
US1COEL0099,"AGATE 3.7 NW","ELBERT",CO,5347,39.51,-103.99,0,0,0,0,0,0,0,0,0,0,0,0,0,0,M,M,0,0,0,0,0,0,0,0,M,0,0,0,0,0,0
USC00050105,"AGUILAR 18WSW","LASANIMAS",CO,8642,37.32,-104.95,0,0,0,0,0,0,0,3,0.5,0,0,0,0,3,10.5,1,1,1,0,0,0,0,0,0,5.5,3.5,0,0,0,0,0
US1COLA0033,"AGUILAR 7.2 WSW","LASANIMAS",CO,7216,37.36,-104.77,0,0,0,0,0,0,0,1.6,0,0,0,0,0,0.2,9.8,1.3,T,0,0,0,0,0,0,0,7.2,0.7,0,0,0,0,0
US1COWA0016,"AKRON 1.9NE","WASHINGTON",CO,4602,40.18,-103.19,M,M,M,M,M,M,M,M,M,M,M,M,M,M,T,M,M,M,M,M,M,M,M,M,M,M,M,M,M,M,M
USC00050109,"AKRON 4 E","WASHINGTON",CO,4541,40.16,-103.14,0,0,0,0,0,0,0.5,7,0,0,0,0,0,0,0.5,0,0,0,0,0,0,0,0,0,0.8,0,0.2,0,0,0,0
US1COAM0021,"ALAMOSA 1.2 NE","ALAMOSA",CO,7548,37.48,-105.85,M,0,0,0,0,0,0,0,4,0,0,0,0,0,3,2,T,0,0,0,0,0,0,0,2,1,T,0,0,0,0
US1COAM0035,"ALAMOSA 1.6 ENE","ALAMOSA",CO,7545,37.48,-105.85,0,0,0,0,0,0,0,T,4,0,0,0,0,0,2.7,0,0.3,0,0,M,0,0,0,0,2.5,0.5,0.6,0,0,0,0
USC00050128,"ALAMOSA 1E","ALAMOSA",CO,7538,37.47,-105.86,0,0,0,0,0,0,0,T,4.5,0,0,0,0,0,4.1,0.5,0.5,0.2,0,0,0,0,0,0,2.2,1.4,1.1,0,0,0,0
US1COAM0001,"ALAMOSA 5.8 WNW","ALAMOSA",CO,7587,37.51,-105.97,0,0,0,0,0,0,0,0,M,0,0,0,0,0,M,M,M,0,0,0,0,0,0,0,M,M,M,0,0,0,0
US1COAM0036,"ALAMOSA 6.6 NW","ALAMOSA",CO,7588,37.53,-105.97,0,0,0,0,0,0,0,M,9,0,0,0,0,0,M,M,M,0,0,0,0,0,0,0,M,M,M,0,0,0,0
USW00023061,"ALAMOSA-BERGMAN FIELD","ALAMOSA",CO,7535,37.44,-105.86,0,0,0,0,0,0,T,3.6,0.9,0,0,0,0,0.9,3.7,0.5,0.2,0,0,0,0,0,0,1.2,2.4,1.1,0,0,0,0,0
US1COBO0022,"ALLENS PARK 1.5 ESE","BOULDER",CO,8453,40.19,-105.5,0,0,3,T,0,0,0,5,0.5,0,0,T,0.5,25,18,0,0,0,0,0,0,0,0,0,10,0,0,0,0,6,0
USC00050214,"ALTENBERN","GARFIELD",CO,5636,39.5,-108.38,0,0,1.6,5.6,0,0,0,0,0,0,0,0,1,0,0,0,0,0,0,0,0,0,0,0,0,0.5,0.5,0,2,0,0
USC00050263,"ANTERO RESERVOIR","PARK",CO,8937,38.99,-105.89,0,0,0,0,0,0,T,3,0,0,0,0,0,10,7,T,0,0,0,0,0,0,0,0,4,0,0,0,0,0,0
US1COWA0067,"ANTON 5.8 SE","WASHINGTON",CO,4805,39.69,-103.15,0,0,0,0,0,0,T,1,T,0,0,0,0,0,1,0,0,0,0,0,0,0,0,0,T,1,0,0,0,0,0
USC00050304,"ARAPAHOE","CHEYENNE",CO,4019,38.85,-102.18,0,0,0,0,0,0,0,0,0,0,0,0,0,0,0,0,0,0,0,0,0,0,0,0,M,M,M,M,M,M,M
USC00050306,"ARAPAHOE 12S","CHEYENNE",CO,4064,38.68,-102.16,0,0,0,0,0,0,0,T,0,0,0,0,0,0,0,0,0,0,0,0,0,0,0,0,2,0,0,0,0,0,0
US1COCH0038,"ARAPAHOE 4.3 SW","CHEYENNE",CO,4078,38.8,-102.22,M,0,M,M,M,M,M,M,M,M,M,M,M,M,M,M,M,M,M,M,M,M,M,M,M,M,M,M,M,M,M
US1COCH0034,"ARAPAHOE 8.4 NNE","CHEYENNE",CO,4026,38.96,-102.1,M,M,M,M,M,M,M,M,M,M,M,M,M,M,M,M,M,M,M,M,M,M,M,M,4,M,M,M,M,M,M
US1COJF0555,"ARVADA 0.7 NNE","JEFFERSON",CO,5612,39.83,-105.1,0,0,0,0,0,0,0,M,M,0,0,0,M,M,M,M,M,0,0,0,0,0,0,0,M,0,0,0,0,M,0
US1COJF0327,"ARVADA 1.1 NW","JEFFERSON",CO,5550,39.83,-105.12,0,0,0,0,0,0,0,M,M,0,0,0,0,M,M,M,0,0,0,0,0,0,0,M,M,M,M,M,M,M,M
US1COJF0430,"ARVADA 1.4 NNW","JEFFERSON",CO,5639,39.84,-105.12,0,0,0,0,0,0,0,0.2,0.8,0,0,0,M,11.4,9.6,0,0,0,0,0,0,0,0,M,6.1,T,0,0,0,M,0
US1COJF0546,"ARVADA 1.7 SSE","JEFFERSON",CO,5354,39.8,-105.09,0,0,M,0,0,0,0,0.3,M,0,0,0,M,6.1,6.3,0,0,0,0,0,0,0,0,0,4.8,0,0,0,0,M,0
US1COJF0471,"ARVADA 1.8 NE","JEFFERSON",CO,5502,39.84,-105.08,0,0,0,0,0,M,0,0.5,0,0,0,0,0,8.5,9,0,0,0,0,0,0,0,0,0,5.8,0,0,M,M,0,M
US1COJF0582,"ARVADA 1.8 SE","JEFFERSON",CO,5366,39.8,-105.09,M,0,M,0,0,M,M,M,M,M,M,M,M,M,M,M,0,0,0,0,0,0,0,0,M,M,M,0,0,M,M
US1COJF0251,"ARVADA 3.3 NNW","JEFFERSON",CO,5531,39.85,-105.1,0,0,0,0,0,0,0,0.5,M,0,0,0,0,9,8,0,0,0,0,0,0,0,0,0,5,T,0,0,0,M,0
US1COJF0457,"ARVADA 3.5 WNW","JEFFERSON",CO,5709,39.85,-105.16,0,0,0,0,0,0,0,T,1.1,0,0,0,0,10.6,13.2,0,0,0,0,0,0,0,0,0,7.4,T,0,0,0,M,0
US1COJF0532,"ARVADA 3.6 NW","JEFFERSON",CO,5712,39.85,-105.16,0,0,0,0,0,0,0,1.2,M,0,0,0,M,8.5,8.5,0,0,0,0,M,M,M,0,0,6.5,M,0,0,0,M,0
US1COJF0504,"ARVADA 3.6 WSW","JEFFERSON",CO,5579,39.79,-105.16,0,0,0,0,0,0,0,M,M,0,0,0,0,7.9,8.8,0,0,0,0,0,0,0,0,0,5.6,0,0,0,0,0,0
US1COJF0240,"ARVADA 3.8 W","JEFFERSON",CO,5598,39.82,-105.18,0,0,0,0,0,0,0,0.4,0.5,0,0,0,0,9.7,3.8,0,0,0,0,0,0,0,0,0,4.7,T,0,0,0,0,0
US1COJF0554,"ARVADA 6.6 WNW","JEFFERSON",CO,6108,39.87,-105.21,0,0,T,0,0,0,0,0.4,0.5,0,0,0,0,16.5,13.4,0,0,0,0,0,0,0,0,T,6.5,T,0,0,0,0,0
USC00050372,"ASPEN 1SW","PITKIN",CO,8173,39.19,-106.84,0,0,10.5,8,T,T,0,2,0.3,0,0,0.8,0.5,3.1,0,0,0,0,0,0,0,T,0,2.5,10,T,3.1,0,3,1,T
US1COJF0547,"ASPEN PARK 1.9 ENE","JEFFERSON",CO,8358,39.53,-105.24,M,M,M,M,M,M,M,M,M,M,M,M,M,M,M,M,M,M,M,M,M,M,M,M,10,M,M,M,M,M,M
US1COJF0407,"ASPEN PARK 2.8 NNE","JEFFERSON",CO,7935,39.56,-105.25,0,0,1.2,0,0,0.3,M,M,M,M,M,M,0.5,M,22,0,T,0,0,0,0,0,0,0,6,T,T,T,T,T,0
US1COWE0532,"AULT 1.1 WSW","WELD",CO,4927,40.58,-104.75,M,M,M,M,M,M,M,M,M,M,M,M,M,0,0.5,M,M,M,M,M,M,M,M,M,M,M,M,M,M,M,M
US1COAR0270,"AURORA 0.7 WSW","ARAPAHOE",CO,5598,39.69,-104.82,0,0,0.4,0,0,0,0,T,T,0,M,0,0,6.4,7.1,T,0,0,0,0,0,0,0,0,3.6,M,0,0,0,0,0
US1COAR0319,"AURORA 10.0 SSE","ARAPAHOE",CO,6012,39.57,-104.72,M,M,0.5,M,M,M,M,M,M,M,M,M,M,7.9,7.1,M,M,M,M,M,M,M,M,M,3.1,M,M,M,M,M,M
US1COAR0225,"AURORA 12.4 SSE","ARAPAHOE",CO,5964,39.57,-104.71,0,0,M,0,0,0,0,0,0,0,0,0,0,M,M,M,0,0,0,0,0,M,0,0,M,M,0,0,0,0,M
US1COAR0313,"AURORA 2.1 ESE","ARAPAHOE",CO,5602,39.69,-104.78,0,0,0.5,0,0,0,0,T,M,0,0,0,0,7.8,5.5,0,0,0,0,0,0,0,0,0,4.2,T,0,0,0,0,M
US1COAR0262,"AURORA 2.1 W","ARAPAHOE",CO,5524,39.69,-104.85,0,0,M,M,M,0,0,0.3,T,0,0,0,0,5.9,4.3,0,0,0,0,0,0,0,0,0,3.4,T,0,0,0,0,0
US1COAR0308,"AURORA 2.7 WSW","ARAPAHOE",CO,5588,39.68,-104.86,0,0,0,0,0,0,0,M,M,0,0,0,0,9,6,M,0,0,0,0,0,0,0,0,4,M,0,0,0,0,0
US1COAR0363,"AURORA 3.2 WSW","ARAPAHOE",CO,5553,39.68,-104.87,0,0,M,M,M,M,M,M,M,M,M,M,M,M,M,M,0,0,0,0,0,0,0,0,M,M,0,0,0,0,0
US1COAR0273,"AURORA 3.3 S","ARAPAHOE",CO,5697,39.65,-104.82,0,0,0.3,0,0,0,0,0.2,T,0,0,0,0,9.5,6.2,M,0,0,0,0,0,0,0,0,5,M,0,0,0,0,0
US1COAR0412,"AURORA 3.3 SE","ARAPAHOE",CO,5595,39.67,-104.77,0,0,0.3,0,0,0,0,T,T,0,0,0,0,7.5,7,0,0,0,0,0,0,0,0,0,5.5,T,0,0,0,0,0
US1COAR0259,"AURORA 4.0 SSE","ARAPAHOE",CO,5660,39.65,-104.78,0,0,0.3,0,0,0,0,0.1,0.5,0,0,0,0,8,4,M,M,M,M,M,M,0,0,0,2.2,M,0,0,0,0,0
US1COAR0099,"AURORA 4.1 S","ARAPAHOE",CO,5674,39.67,-104.82,0,0,0.6,0,0,0,0,0.1,M,0,0,0,0,9.5,6.3,T,0,0,0,0,0,0,0,0,4.8,0,0,0,0,0,0
US1COAD0127,"AURORA 4.2 NNW","ADAMS",CO,5341,39.75,-104.85,0,0,T,0,0,0,0,T,T,0,0,0,0,M,M,0,0,0,0,0,0,0,0,0,4.5,T,M,M,0,M,M
US1COAD0170,"AURORA 4.5 NW","ADAMS",CO,5340,39.75,-104.86,M,M,M,M,M,M,M,M,M,M,M,M,M,7.8,M,M,M,0,M,M,M,M,M,M,M,M,M,M,M,M,M
US1COAR0266,"AURORA 4.5 SE","ARAPAHOE",CO,5735,39.65,-104.76,0,0,0.7,0,0,0,0,0.2,1,0,0,0,0,9,8,0,0,0,0,0,0,0,0,0,4.5,T,0,0,0,0,0
US1COAR0249,"AURORA 5.7 E","ARAPAHOE",CO,5635,39.69,-104.71,0,0,0,0,0,0,0,0,0,0,0,0,0,4,5.5,0,0,0,0,0,0,0,M,M,M,M,M,M,M,M,M
US1COEG0031,"AVON 1.1 SE","EAGLE",CO,7601,39.64,-106.52,M,0,M,M,M,M,0,M,0,M,M,M,M,M,M,0,M,M,M,0,0,M,0,M,M,M,M,0,M,M,M
US1COEG0006,"BASALT 5.8 E","EAGLE",CO,7162,39.38,-106.92,0,0,9.2,4.3,0.2,0.4,T,0.2,0,0,0,1.8,T,T,T,0,0,0,0,0,0,0,0,T,3.8,0,0,2.3,1,0,T
US1COGF0090,"BATTLEMENT MESA 0.9 WNW","GARFIELD",CO,5212,39.45,-108.04,0,0,2.5,3.3,M,0,M,M,0,0,0,0,M,M,0,0,M,0,0,0,0,0,0,0,M,M,M,M,M,M,0
US1COLP0042,"BAYFIELD 0.3 N","LAPLATA",CO,7001,37.24,-107.59,M,M,M,M,M,M,M,0,0.1,0,0,0,0.5,M,1,1,4.5,M,M,M,M,M,M,M,M,M,M,M,M,M,M
US1COLP0113,"BAYFIELD 5.2 N","LAPLATA",CO,7207,37.31,-107.61,0,0,T,T,0,0,0,0,1.7,0,0,0,M,M,M,M,M,M,M,M,M,M,0,2,1.9,0,T,0,0,0,0
US1COLP0098,"BAYFIELD 6.2 N","LAPLATA",CO,7445,37.32,-107.6,0,0,0.2,T,0,0,0,T,1.2,0,0,0,0.6,0.4,3,3.4,3.7,0.2,0,T,0,0,0,3,1.4,0,T,0,0,0,0
US1COLP0035,"BAYFIELD 7.0 N","LAPLATA",CO,8198,37.34,-107.61,0,0,T,0,0,0,0,1,1,0,0,M,0.5,2,5,5,4,T,0,0,M,M,M,5,0,M,T,M,0,M,0
US1COLR1043,"BELLVUE 2.1 S","LARIMER",CO,5482,40.6,-105.18,M,M,M,M,M,M,M,M,M,0,0,0,M,2,M,M,0,0,0,0,0,0,0,0,3,0,0,0,0,M,0
US1COLR1002,"BELLVUE 5.0 W","LARIMER",CO,6958,40.62,-105.26,M,M,M,M,M,M,M,1.8,0.3,M,M,M,M,12,17,M,M,M,M,M,M,M,M,M,7.5,M,M,M,M,M,M
US1COLR0004,"BELLVUE 5.9 W","LARIMER",CO,6612,40.6,-105.28,0,0,0.5,0,T,T,T,1.5,T,0,0,0,0.1,15.1,17.3,0,0,0,0,0,0,0,0,0,7,0,0,0,0,0,0
US1COLR1245,"BELLVUE 8.1 WNW","LARIMER",CO,5683,40.69,-105.3,0,0,M,0.2,0,0,M,2,0,0,0,0,M,12.5,5.5,M,0,0,0,0,0,0,0,5,1,0,0,0,M,0,0
US1COAR0381,"BENNETT 10.8 SSW","ARAPAHOE",CO,6078,39.61,-104.51,0,0,0.7,0,0,0,M,M,M,M,M,M,M,1,4,T,0,0,0,0,0,0,M,M,M,M,0,M,0,0,0
US1COLR1283,"BERTHOUD 1.1 ESE","LARIMER",CO,4988,40.3,-105.06,0,0,0,0,0,0,0,0,0,0,0,0,0,M,M,M,M,M,M,M,M,M,0,0,0,0,0,0,0,0,0
US1COLR1222,"BERTHOUD 2.0 SSW","LARIMER",CO,4986,40.28,-105.09,0,T,0,0,0,0,0,0.5,0.1,0,0,0,M,3.5,4,0,0,0,0,0,0,0,0,0,3.8,0,0,0,M,0,0
US1COLR1295,"BERTHOUD 2.4 SSW","LARIMER",CO,5029,40.27,-105.1,0,0,M,0,0,0,0,0.1,0.5,0,0,0,0,3,2,0,0,0,0,0,0,0,0,0,5,0,0,0,0,M,0
US1COLR1200,"BERTHOUD 2.5 N","LARIMER",CO,5138,40.34,-105.09,0,0,T,0,0,0,T,0.5,0,0,0,0,0,6.6,4.4,0,0,0,0,0,0,0,0,0,7.7,0,0,0,0,T,0
US1COLR1136,"BERTHOUD 3.0 NNW","LARIMER",CO,5157,40.35,-105.1,0,0,T,0,0,0,0,0.3,0.1,0,0,0,M,5.8,4,0,M,M,M,M,M,M,M,M,4,0,M,0,0,M,0
US1COLR1231,"BERTHOUD 3.2 WSW","LARIMER",CO,5125,40.29,-105.14,0,0,0,0,0,0,0,0.7,0,0,0,0,0,5.5,4,0,0,0,0,M,M,0,M,M,M,M,M,0,0,T,0
US1COLR0922,"BERTHOUD 4.4 WSW","LARIMER",CO,5180,40.28,-105.16,0,0,0,0,0,0,M,0.5,0.6,0,0,0,0,4.8,7.9,0,0,0,0,0,0,0,0,0,5.2,T,0,0,0,0,0
US1COPU0150,"BEULAH 0.5 ESE","PUEBLO",CO,6275,38.08,-104.97,0,0,0,0,0,0,0,8.7,0.5,0,0,0,0,4,18.2,1,1,T,0,0,0,0,0,0,7.6,0.2,T,0,0,0,0
USC00055795,"BEULAH (MPEC)","PUEBLO",CO,6605,38.05,-105,0,0,0,0,0,0,0,11.9,0.2,0,0,0,0,9.4,14,M,M,1,0,M,0,0,M,T,10.5,T,0,0,0,0,0
US1CODG0067,"BEVERLY HILLS 2.0 WNW","DOUGLAS",CO,6442,39.48,-104.91,0,0,M,0,0,0,0,M,M,0,0,0,0,19,8,0,0,0,0,0,0,0,0,0,5,M,0,0,0,0,0
USC00050754,"BLACK CANYON OF THE GUNNISON","MONTROSE",CO,8149,38.55,-107.69,0,0,M,14.5,0,0,0,0.1,0.2,0,0,0,1.2,1.7,T,0,T,0,0,0,0,0,0,T,6.7,0.9,0.5,0,T,0,0
US1COEP0376,"BLACK FOREST 3.0 NE","ELPASO",CO,7365,39.08,-104.63,0,0,0.5,0,0,0,0,0.2,0,0,0,0,0,7,7,0,0,0,0,0,0,0,0,0,2,M,0,0,M,M,0
US1COEP0396,"BLACK FOREST 3.8 W","ELPASO",CO,7439,39.04,-104.74,0,0,0.4,0,0,0,T,1.3,0.9,0,0,0,0,15.2,14.9,0.2,0,0,0,0,0,0,0,0,3,0.1,1.1,0,0,0,0
US1COEP0066,"BLACK FOREST 3.9 NNE","ELPASO",CO,7518,39.1,-104.64,M,0,0.5,0,0,0,0,0.3,T,0,0,0,0,9.3,11.5,0,0,0,0,0,0,0,0,0,3,T,T,0,0,0,0
US1COEP0271,"BLACK FOREST 4.7 WSW","ELPASO",CO,7166,39.01,-104.74,0,0,T,0,0,0,0,1.8,T,0,0,0,0,7.8,9.2,T,0,0,0,0,0,0,0,0,2.3,0,T,0,0,0,0
US1COEP0417,"BLACK FOREST 6.0 WNW","ELPASO",CO,7440,39.08,-104.77,0,0,T,0,0,0,0,0.5,M,0,0,0,0,14.8,13.5,0,0,0,0,0,0,0,0,0,1.7,M,M,0,0,0,0
USC00050797,"BLUE MESA LAKE","GUNNISON",CO,7566,38.47,-107.17,0,M,M,4.1,0,0.1,0.4,T,M,M,T,0,0.4,0.6,0.2,M,M,T,0,0,0,0,M,M,M,M,M,M,M,M,0.3
US1COLR0453,"BLV 1.0 S","LARIMER",CO,5229,40.62,-105.17,M,M,T,0,T,M,M,1.5,T,M,M,M,M,1.3,11,M,M,M,M,M,M,M,M,M,M,M,M,M,M,M,M
US1COLR0546,"BLV 4.0 NW","LARIMER",CO,5353,40.68,-105.21,0,0,0,0,M,0,0,M,M,0,0,0,M,M,M,0,0,0,0,0,0,0,0,0,M,0,M,0,0,M,0
US1COLA0091,"BONCARBO 4.8 ESE","LASANIMAS",CO,6691,37.18,-104.63,0,0,0,0,0,0,0,0.2,0.1,0,0,0,0,T,4.9,0.2,0.2,M,0,0,0,0,0,0,3.7,0.6,0,0,0,0,0
USC00050825,"BONHAM RESERVOIR","MESA",CO,9870,39.1,-107.9,M,M,M,M,M,M,M,M,M,M,M,M,M,25,M,M,M,M,M,M,M,M,M,M,M,M,18,M,M,M,6
USC00050834,"BONNY DAM 2NE","YUMA",CO,3716,39.66,-102.12,0,0,0,0,0,0,0,4.5,0,0,0,0,0,0,0,0,0,0,0,0,0,0,0,0,1,0,0,0,0,0,0
USC00050848,"BOULDER","BOULDER",CO,5483,39.99,-105.27,0,0,0,0,0,0,T,1.6,0,0,0,0,0,14.8,7.1,0,0,0,0,0,0,0,0,0.3,5.8,0,0,0,0,0,0
US1COBO0457,"BOULDER 0.7 ENE","BOULDER",CO,5274,40.03,-105.24,0,0,M,0,M,M,M,M,M,0,0,0,0,7.3,M,M,M,M,M,M,0,M,0,M,5,0,0,0,0,M,0
US1COBO0462,"BOULDER 0.8 NE","BOULDER",CO,5286,40.03,-105.24,0,0,0,0,0,0,0,M,M,0,0,0,0,M,M,0,M,0,0,0,0,0,0,0,M,0,0,0,0,M,0
US1COBO0072,"BOULDER 1.3 NW","BOULDER",CO,5376,40.02,-105.27,0,0,0,0,0,0,0,0.3,1.1,0,0,0,M,5.9,6.2,0,0,0,0,M,0,0,0,0,5.6,T,0,0,0,0,M
US1COBO0009,"BOULDER 1.4 NNW","BOULDER",CO,5455,40.03,-105.29,0,0,M,M,0,0,0,M,M,0,0,0,M,M,M,0,0,0,0,0,0,0,0,0,M,0,0,0,0,0,0
US1COBO0409,"BOULDER 1.4 SE","BOULDER",CO,5265,40.01,-105.24,0,0,M,0,0,0,M,0.2,0.9,0,0,0,0,6.2,M,0,0,0,0,0,0,0,0,0,4.5,T,0,0,0,M,0
US1COBO0521,"BOULDER 1.4 W","BOULDER",CO,5391,40.03,-105.28,0,M,M,0,M,0,0,0.2,M,0,0,0,0,6,6,0,0,0,0,0,0,0,0,0,6,M,0,0,0,M,0
US1COBO0496,"BOULDER 1.5 NNW","BOULDER",CO,5371,40.05,-105.26,M,0,M,M,0,M,0,0.3,M,0,0,0,0,8,6,0,0,M,0,0,M,0,0,0,6,M,0,0,0,M,M
US1COBO0490,"BOULDER 1.5 WNW","BOULDER",CO,5413,40.04,-105.28,0,0,0,T,0,0,0,T,0.5,0,0,0,0,6.7,7.5,0,0,0,0,0,0,0,0,0,5.5,0,0,0,0,0,0
US1COBO0568,"BOULDER 1.6 NW","BOULDER",CO,5424,40.04,-105.28,0,0,0,T,0,0,0,0.3,0,0,0,0,0,7.3,6.3,0,0,0,0,0,0,0,0,0,5,0,0,0,0,0,0
US1COBO0014,"BOULDER 1.6 S","BOULDER",CO,5471,39.99,-105.26,0,0,0,0,0,0,0,0.3,1.3,0,0,0,0,8.9,13,0,0,0,0,0,0,0,0,0,6.1,T,0,0,0,0,0
US1COBO0547,"BOULDER 1.7 N","BOULDER",CO,5339,40.05,-105.25,0,0,M,0,0,0,M,M,M,M,0,0,M,5.9,11.5,M,0,0,0,0,0,0,0,0,4.5,0.5,0,0,M,M,M
US1COBO0465,"BOULDER 1.8 NW","BOULDER",CO,5483,40.05,-105.28,0,0,0,0,0,0,0,0.4,1.4,0,0,0,0,8,7.2,0,0,0,0,0,0,0,0,0,6.2,T,0,0,0,0,0
US1COBO0491,"BOULDER 1.8 W","BOULDER",CO,5425,40.03,-105.29,0,0,M,T,M,M,M,0.4,T,0,0,0,0,M,6.7,0,0,0,0,0,0,0,0,0,5.5,0,0,0,0,M,0
US1COBO0030,"BOULDER 1.9 SE","BOULDER",CO,5367,39.99,-105.24,0,0,0,0,0,0,0,T,1.2,0,0,0,0,9.2,6.5,0,0,0,0,0,0,0,0,0,5.6,0,0,0,0,0,0
US1COBO0380,"BOULDER 2.0 W","BOULDER",CO,5438,40.02,-105.29,M,M,M,T,0,M,M,M,M,M,0,0,0,7,M,0,0,0,0,M,M,M,0,0,7,T,M,M,M,M,M
US1COBO0437,"BOULDER 2.1 W","BOULDER",CO,5501,40.03,-105.29,0,0,M,0,0,0,0,0.1,0.7,0,0,0,0,6.5,6,0,0,0,0,0,0,0,0,0,5.3,M,0,0,0,M,0
US1COBO0452,"BOULDER 2.2 NW","BOULDER",CO,5597,40.04,-105.29,M,M,M,M,M,M,M,M,M,M,M,M,M,5.1,M,0,0,M,M,M,M,M,M,M,6.2,0,M,M,M,M,M
US1COBO0456,"BOULDER 2.2 SSW","BOULDER",CO,5456,40,-105.27,0,0,M,0,T,0,0,1.2,0,0,0,0,0,M,M,0,0,0,0,0,0,0,0,0,5.5,0,0,0,0,M,0
US1COBO0391,"BOULDER 2.2 W","BOULDER",CO,5554,40.03,-105.29,M,M,M,M,0,M,M,M,M,M,M,M,M,M,M,M,M,M,M,M,M,M,M,M,6.7,M,0,M,0,M,M
US1COBO0477,"BOULDER 2.3 N","BOULDER",CO,5347,40.06,-105.24,0,0,M,0,0,0,0,M,T,0,0,0,0,8.2,4.2,0,0,0,0,0,0,0,0,0,6,0,0,0,0,M,0
US1COBO0522,"BOULDER 2.3 SSE","BOULDER",CO,5306,40,-105.23,0,0,M,0,0,0,0,M,0,0,0,0,0,M,M,0,0,0,0,0,0,0,0,0,M,0,0,0,0,M,0
US1COBO0298,"BOULDER 2.5 S","BOULDER",CO,5390,39.99,-105.26,0,0,0,0,0,0,0,0,1,0,0,0,0,7.4,7.5,0,0,0,0,0,0,0,0,0,5.5,0,0,0,0,0,0
US1COBO0526,"BOULDER 2.5 SSE","BOULDER",CO,5399,39.99,-105.24,M,M,0,0,0,0,M,M,M,M,M,0,0,5.7,M,0,0,0,0,0,M,M,M,M,4.5,M,M,M,M,M,M
US1COBO0494,"BOULDER 2.5 SW","BOULDER",CO,5642,40,-105.28,0,0,0,0,0,0,0,M,0,0,0,M,M,M,M,M,M,M,M,M,M,M,0,M,5.8,0,0,0,0,M,M
US1COBO0476,"BOULDER 2.9 ESE","BOULDER",CO,5326,40.01,-105.2,0,0,M,0,M,M,0,M,1,0,0,0,0,M,M,0,M,M,M,M,M,M,M,M,4.2,0,0,0,0,M,0
US1COBO0004,"BOULDER 2.9 S","BOULDER",CO,5396,39.99,-105.26,0,0,0,0,0,0,0,0.3,1.2,0,0,0,0,7.3,11.5,0,0,0,0,0,0,0,0,0,5.7,T,0,0,0,0,0
US1COBO0558,"BOULDER 3.0 NW","BOULDER",CO,5607,40.06,-105.29,0,0,M,0,0,0,0,M,M,M,M,M,M,M,M,M,0,0,0,0,0,0,0,0,6,M,0,0,M,M,0
US1COBO0572,"BOULDER 3.0 SSW","BOULDER",CO,5680,39.98,-105.27,0,0,0,0,0,0,0,0.2,M,0,0,0,0,9.5,12,M,M,M,M,0,0,0,0,0,5.5,0,0,0,0,M,M
US1COBO0538,"BOULDER 3.1 NE","BOULDER",CO,5204,40.06,-105.21,0,0,0,0,0,0,0,0.6,T,0,0,0,0,6.3,3.1,0,0,0,0,0,0,0,0,0,5.5,0,0,M,0,0,0
US1COBO0464,"BOULDER 3.2 S","BOULDER",CO,5475,39.98,-105.25,M,M,M,M,M,M,M,0.1,M,M,0,M,M,8,10,M,M,M,M,M,M,M,0,M,5.8,M,M,M,M,M,M
US1COBO0286,"BOULDER 3.5 S","BOULDER",CO,5560,39.98,-105.26,0,0,M,0,0,0,0,0.1,0.9,0,0,0,M,10.8,11.3,0,0,0,0,0,0,0,0,0,5.4,0,0,0,0,M,0
US1COBO0481,"BOULDER 3.6 SSE","BOULDER",CO,5475,39.98,-105.24,M,0,M,0,M,M,M,M,M,M,M,M,M,M,M,M,M,0,M,M,M,M,M,0,4,M,M,M,0,M,0
US1COBO0563,"BOULDER 3.7 WNW","BOULDER",CO,6632,40.04,-105.32,0,0,0.2,0,M,M,0,0.7,1,0,0,0,0,13.7,15.2,0,0,0,0,M,0,0,0,0,7.8,0,0,0,0,T,0
US1COBO0282,"BOULDER 4.4 S","BOULDER",CO,5439,39.96,-105.24,0,0,0,0,0,0,0,M,1.2,0,0,0,0,11.5,11,0,0,0,0,0,0,0,0,0,5.5,0,0,0,0,M,M
US1COBO0565,"BOULDER 4.5 ESE","BOULDER",CO,5320,40,-105.17,0,0,M,M,M,M,M,M,M,M,M,M,M,M,M,M,M,M,M,M,M,M,M,M,M,M,M,M,M,M,M
US1COBO0482,"BOULDER 4.5 W","BOULDER",CO,6513,40.04,-105.34,0,0,T,0,0,0,0,1,T,0,0,0,0,18.4,11,0,0,0,0,0,0,0,0,0,6.6,M,M,M,M,M,M
US1COBO0019,"BOULDER 4.6 E","BOULDER",CO,5314,40,-105.17,M,M,M,M,M,M,M,M,M,M,M,M,M,10,M,M,M,M,M,M,M,M,M,M,M,M,M,M,M,M,M
US1COBO0067,"BOULDER 4.7 E","BOULDER",CO,5324,40,-105.18,0,0,0,0,0,0,0,T,0.7,0,0,0,0,10,11.4,0,0,0,0,0,0,0,0,0,6.7,0.2,0,0,0,0,0
US1COBO0220,"BOULDER 4.7 ENE","BOULDER",CO,5271,40.06,-105.17,0,0,0,0,0,0,0,T,0.7,0,0,0,0,9.4,6.3,0,0,0,0,0,0,0,0,0,7,T,0,0,0,0,M
US1COBO0552,"BOULDER 4.8 ENE","BOULDER",CO,5263,40.06,-105.17,M,M,M,M,M,M,M,M,M,M,M,M,M,7.5,M,M,M,M,M,M,M,M,M,M,7.5,M,M,M,M,M,M
US1COBO0059,"BOULDER 5.2 NE","BOULDER",CO,5252,40.07,-105.18,M,M,M,M,M,M,M,0.2,0.7,M,M,M,M,9.2,6.7,0,0,M,M,M,M,M,M,M,7,M,M,M,M,M,M
US1COBO0135,"BOULDER 5.4 ESE","BOULDER",CO,5514,39.99,-105.17,M,M,M,M,M,M,M,M,M,0,0,0,0,M,M,0,0,0,0,0,0,0,0,0,0,0,M,0,0,M,M
US1COBO0560,"BOULDER 5.5 E","BOULDER",CO,5088,40.04,-105.15,M,M,M,M,M,0,M,M,M,M,M,M,M,M,M,M,M,M,M,M,M,M,M,M,M,M,0,0,0,M,M
US1COBO0574,"BOULDER 6.0 ESE","BOULDER",CO,5323,40.01,-105.14,M,M,M,M,M,M,M,M,M,M,M,M,M,8.9,9,M,M,M,M,M,M,M,M,M,5.4,M,M,M,M,M,M
US1COBO0230,"BOULDER 6.8 WNW","BOULDER",CO,7774,40.08,-105.36,0,0,M,M,0,0,M,M,M,0,0,0,M,M,M,0,0,0,0,0,0,0,0,0,M,M,0,0,M,0,0
US1COBO0401,"BOULDER 7.4 NNW","BOULDER",CO,5747,40.13,-105.29,M,M,M,M,M,M,M,0.7,M,M,M,M,M,8.5,5,M,M,M,M,M,M,M,M,M,8,M,M,M,M,M,M
USC00050909,"BRECKENRIDGE","SUMMIT",CO,9596,39.49,-106.04,0,0,6.6,3.6,0,0,0,0.6,0.6,0,0,0.5,0.5,8.2,1,0,0,0,0,0,0,2,0,0.4,5.2,0.1,3.5,0,T,1.3,0
US1COSU0067,"BRECKENRIDGE 1.9 SSE","SUMMIT",CO,9885,39.48,-106.03,M,M,5.8,1.3,M,M,M,1.2,M,1.5,M,0.5,0.5,12.1,1.5,M,M,M,M,M,M,M,2,M,3,T,1.5,M,T,1.5,M
USC00050945,"BRIGGSDALE","WELD",CO,4858,40.63,-104.33,0,0,0,0,0,0,0,0.5,0,0,0,0,0,0,0,0,0,0,0,0,0,0,0,0,0.2,0,0,0,0,0,0
US1COWE0541,"BRIGGSDALE 0.4 WNW","WELD",CO,4867,40.63,-104.33,0,0,M,0,0,0,0,M,M,0,0,0,M,M,M,M,0,M,M,M,M,M,M,M,M,M,M,M,0,M,M
US1COWE0466,"BRIGGSDALE 0.5 WNW","WELD",CO,4866,40.63,-104.33,0,M,0,M,M,0,0,0.5,M,M,M,0,M,M,M,0,M,M,M,0,M,0,0,M,0.2,M,0,0,0,M,M
US1COAD0087,"BRIGHTON 1.7 ESE","ADAMS",CO,5065,39.98,-104.79,0,0,M,0,0,0,0,0.2,0,0,0,0,0,0.4,1.7,0,0,0,0,0,0,0,0,0,2,0,0,0,0,M,0
US1COAD0204,"BRIGHTON 1.9 NNW","ADAMS",CO,4989,39.98,-104.81,0,0,M,0,0,0,M,M,0,0,0,0,0,M,4.3,0,0,0,0,0,0,0,0,0,4,0,0,0,0,M,0
US1COAD0120,"BRIGHTON 2.1 NNW","ADAMS",CO,4931,39.98,-104.81,0,0,M,0,0,0,M,0,M,0,0,0,0,0.5,3.3,0,0,0,0,0,0,0,0,0,1.4,0,0,0,0,0,0
USC00050950,"BRIGHTON 3 SE","ADAMS",CO,5024,39.94,-104.84,0,0,0,0,0,0,0,T,0,0,0,0,0,1.2,3.7,0,0,0,0,0,0,0,0,0,2.6,0,0,0,0,0,0
US1COAD0123,"BRIGHTON 4.0 WNW","ADAMS",CO,5110,39.97,-104.87,0,0,M,0,0,0,0,0.1,M,0,0,0,0,1,4,0,0,0,0,0,0,0,0,0,5,0,0,0,0,M,0
US1COBR0052,"BROOMFIELD 1.0 NE","BROOMFIELD",CO,5334,39.95,-105.05,0,0,0,0,0,0,M,M,M,0,0,0,0,M,M,0,0,0,0,0,0,0,0,0,M,0,0,0,0,M,0
US1COBO0002,"BROOMFIELD 1.2 NE","BOULDER",CO,5458,39.94,-105.08,0,0,0,0,0,0,0,0.1,0.7,0,0,0,0,9.4,10.2,0,0,0,0,0,0,0,0,0,7.2,T,0,0,0,0,0
US1COBR0031,"BROOMFIELD 2.2 SE","BROOMFIELD",CO,5240,39.92,-105.03,0,0,0,0,0,0,0,0,M,0,0,0,0,M,M,0,0,0,0,0,0,0,0,0,M,0,0,0,0,M,0
US1COJF0072,"BROOMFIELD 2.3 SSW","JEFFERSON",CO,5435,39.88,-105.11,0,0,0,0,0,0,0,0.1,T,0,0,0,0,7.3,10.3,0,0,0,0,0,0,0,0,0,5.4,T,0,0,0,0,0
US1COBR0054,"BROOMFIELD 2.4 ESE","BROOMFIELD",CO,5220,39.93,-105.02,0,0,0,0,0,0,0,0.1,T,0,0,0,0,5.6,6.7,0,0,0,0,0,0,0,0,M,6.4,T,0,0,0,0,0
US1COBR0032,"BROOMFIELD 3.2 NNE","BROOMFIELD",CO,5230,39.99,-105.05,0,0,0,0,0,0,0,T,0.2,0,0,0,0,6.4,8.9,0,M,M,M,M,M,M,M,M,6.8,M,M,M,M,0,M
US1COMR0084,"BRUSH 0.3 E","MORGAN",CO,4244,40.26,-103.63,0,0,0,0,0,0,0,0.4,M,0,0,0,M,M,M,0,0,0,0,0,0,0,0,0,M,0,0,0,0,M,0
US1COMR0001,"BRUSH 0.8 S","MORGAN",CO,4254,40.25,-103.62,0,0,0,0,0,0,0,M,M,0,0,0,0,0,M,M,0,0,0,0,0,M,M,0,0.2,0,0,0,0,M,M
US1COMR0043,"BRUSH 4.9 SSE","MORGAN",CO,4320,40.19,-103.59,M,M,M,M,M,M,M,T,M,M,M,M,M,T,M,M,M,M,M,M,M,M,M,T,M,M,M,M,M,M,M
US1COMR0083,"BRUSH 7.3 SSE","MORGAN",CO,4303,40.15,-103.6,0,0,0,0,M,M,M,M,M,0,0,0,0,M,M,0,0,0,0,0,0,0,0,0,0.3,T,0,0,0,0,0
USC00051060,"BUCKHORN MTN 1E","LARIMER",CO,7400,40.61,-105.3,0,0,0.8,T,1.1,T,T,3,0.7,0,0,0,0.7,19.6,18.2,0,0,0,0,0,0,0,0,0,7.8,T,0.2,0,0,2.1,0
US1COCF0053,"BUENA VISTA 0.6 WNW","CHAFFEE",CO,8046,38.84,-106.15,0,M,1,0,M,M,M,3,1.3,M,M,M,M,5.5,2,M,0.7,M,M,M,M,M,M,M,M,M,M,M,0,0,0
US1COCF0006,"BUENA VISTA 1.5 WNW","CHAFFEE",CO,8039,38.85,-106.16,M,M,M,M,M,M,M,M,M,M,0,0,0,7,5.5,M,2.5,T,M,M,0,M,M,T,4.5,0,T,0,0,0,M
US1COCF0065,"BUENA VISTA 2.0 ESE","CHAFFEE",CO,-9999,38.82,-106.11,0,0,0.4,T,0,0,0,1.2,1.7,0,0,0,0,5.4,5.6,T,0.8,0,0,0,0,0,0,0,3.2,0,0,0,0,0,0
US1COCF0061,"BUENA VISTA 2.6 S","CHAFFEE",CO,8006,38.8,-106.13,M,M,M,M,M,M,M,M,M,M,M,M,M,4,4,M,M,M,M,M,M,M,M,M,7.3,M,M,M,M,M,M
USC00051071,"BUENA VISTA 2S","CHAFFEE",CO,7952,38.82,-106.13,0,0,0.3,T,0,0,0,1.6,2.2,0,0,0,0,6,4,0.1,1.2,T,0,0,0,0,0,0,4.8,0,T,0,0,0,0
US1COCF0070,"BUENA VISTA 4.0 NW","CHAFFEE",CO,8784,38.87,-106.2,M,M,M,M,M,M,M,M,M,M,M,M,M,6,6,0.5,2,M,M,M,M,M,M,M,7,M,M,M,M,M,M
US1COCF0025,"BUENA VISTA 4.0 WNW","CHAFFEE",CO,8807,38.86,-106.21,0,0,M,M,0,0,0,1.7,3.9,0,0,0.1,0,6.2,8.2,0,4.3,0,M,0,0,M,0,0.4,7.1,0,T,0,T,T,0
US1COCF0005,"BUENA VISTA 8.9 NNW","CHAFFEE",CO,8472,38.96,-106.2,M,M,M,M,M,M,M,M,M,0,0,M,M,M,M,M,M,0,0,0,0,0,0,0,M,0,T,0,0,0,0
US1COJF0575,"BUFFALO CREEK 2.4 SE","JEFFERSON",CO,7527,39.35,-105.24,0,0,0.6,0,0,0,1.6,M,M,0,0,0,M,M,M,M,M,0,0,0,0,0,0,0,M,M,M,0,0,0,M
USC00051121,"BURLINGTON","KITCARSON",CO,4161,39.31,-102.26,0,0,0,0,0,0,T,1.5,0,0,0,0,0,0,0,0,0,0,0,0,0,0,0,0,2.3,0.3,0,0,0,0,0
US1COKC0048,"BURLINGTON 11.9 WSW","KITCARSON",CO,4287,39.26,-102.48,M,M,M,M,M,M,M,M,M,M,M,M,M,M,M,M,M,M,M,M,M,M,M,M,M,M,M,M,0,M,M
US1COKC0139,"BURLINGTON 7.7 NW","KITCARSON",CO,4163,39.39,-102.37,M,M,M,M,M,M,M,M,M,M,M,M,M,M,M,M,M,M,M,M,M,M,M,M,1.5,M,M,M,M,M,M
US1COKC0080,"BURLINGTON 8.4  NNE","KITCARSON",CO,4041,39.42,-102.2,0,0,0,0,0,0,T,2,T,0,0,0,0,M,M,0,0,0,0,0,0,0,M,0,1.8,0.2,0,0,0,0,M
US1COAR0056,"BYERS 0.1 N","ARAPAHOE",CO,5196,39.71,-104.23,M,M,M,M,M,M,M,M,M,M,M,M,M,M,3,M,M,M,M,M,M,M,M,M,M,M,M,M,M,M,M
USC00051179,"BYERS 5 ENE","ADAMS",CO,5100,39.74,-104.13,0,0,T,0,0,0,0,T,T,0,0,0,0,0,4,0,0,0,0,0,0,0,0,0,1,0,0,0,0,0,0
USC00051186,"CABIN CREEK","CLEARCREEK",CO,10017,39.66,-105.71,0,0,4,1,0,0,0,2,1,0,0,0,1,31,14,0,0,0,0,0,0,1,0,0,11,0,0,0,0,0,0
US1COEP0007,"CALHAN 3.1 N","ELPASO",CO,6360,39.08,-104.29,0,0,0,0,0,0,0,T,0,0,0,0,0,1,4,0,0,0,0,0,0,0,0,M,1,0,M,0,M,0,0
US1COEP0354,"CALHAN 5.6 S","ELPASO",CO,6733,38.95,-104.31,0,0,0,0,0,0,0,0,0,0,0,0,0,0.2,4.1,0,0,0,0,0,0,0,0,0,M,M,0.1,0,0,0,0
US1COBA0009,"CAMPO 7.8 NE","BACA",CO,4195,37.18,-102.47,0,0,0,0,0,0,0,0,0,0,0,0,0,0,0,0,0,0,0,0,0,0,0,0,0,0,0,0,0,0,0
USC00051268,"CAMPO 7 S","BACA",CO,4104,37.01,-102.55,0,0,0,0,0,0,0,0.2,0,0,0,0,0,0,0,0,0,0,0,0,0,0,0,0,0.1,0,0,0,0,0,0
USC00051294,"CANON CITY","FREMONT",CO,5377,38.46,-105.23,0,0,T,T,0,0,0,3.8,T,0,0,0,0,3.1,12.2,0.3,0,0,0,0,0,0,0,0,T,1.2,0,0,0,0,0
US1COFM0071,"CANON CITY 0.7 NE","FREMONT",CO,5485,38.47,-105.23,0,0,T,0,0,0,0,4,T,0,0,M,M,6,4,0,0,0,M,0,M,M,M,M,M,M,M,M,M,M,M
US1COFM0019,"CANON CITY 1.3 ENE","FREMONT",CO,5341,38.45,-105.22,0,0,M,M,0,0,0,4,M,0,0,0,0,4,8,0.2,M,M,0,0,0,0,0,0,0.2,M,M,0,0,0,0
US1COFM0034,"CANON CITY 2.5 ENE","FREMONT",CO,5337,38.45,-105.2,0,0,T,0,0,0,0,3.7,0.2,0,0,0,0,5.5,10.5,T,M,0,0,0,0,0,0,0,0.5,T,0,0,0,0,0
US1COFM0102,"CANON CITY 4.2 E","FREMONT",CO,5422,38.45,-105.16,M,M,M,M,M,M,M,4.5,M,M,M,M,M,M,M,M,M,M,M,M,M,M,M,M,M,M,M,M,M,M,M
US1COCN0006,"CAPULIN 2.9 ENE","CONEJOS",CO,7740,37.29,-106.07,0,0,0,0,0,0,0,0.7,3.1,0,0,0,0,0.1,6.5,M,2.5,M,0,0,0,0,0,M,0.3,0.5,1,0,0,0,0
US1COGF0047,"CARBONDALE 0.5 W","GARFIELD",CO,6169,39.4,-107.22,0,0,3.3,2.8,0.3,T,0.8,T,T,0,0,0,M,1,0,0,0,0,0,0,0,M,0,0,2.5,0,1.6,0,0,0,0
US1COGF0085,"CARBONDALE 0.7 NNW","GARFIELD",CO,6167,39.41,-107.22,0,0,M,M,M,M,M,0,0,0,0,0,M,M,0,0,0,0,0,0,0,M,0,M,M,0,M,M,M,M,M
US1COPT0015,"CARBONDALE 10.0 S","PITKIN",CO,6889,39.25,-107.24,M,M,M,M,M,M,M,M,M,M,0,M,M,M,M,0,M,0,0,0,0,M,0,M,2.3,T,0.3,T,M,M,0
US1COGF0094,"CARBONDALE 3.5 ENE","GARFIELD",CO,6555,39.42,-107.15,0,0,M,M,M,M,0,M,M,M,M,M,M,M,M,0,M,0,0,M,M,M,0,M,M,0,M,0,M,M,0
US1COGF0049,"CARBONDALE 4.6 NNE","GARFIELD",CO,6519,39.46,-107.18,0,0,5.2,4.9,0.2,T,0.3,T,T,M,0,0,T,1.2,T,0,0,0,0,0,M,0,0,0,5.1,0,3,0,T,T,0
US1COGF0097,"CARBONDALE 4.8 NE","GARFIELD",CO,7046,39.45,-107.15,M,0,2,4.8,1,0.2,M,T,0,0,0,M,T,M,T,0,0,0,0,0,0,M,0,M,4.2,T,2.8,0,M,T,M
US1COEG0057,"CARBONDALE 5.5 E","EAGLE",CO,6414,39.4,-107.11,0,M,M,M,M,M,M,M,M,0,0,0,M,1,0,0,0,0,0,0,0,0,0,M,5.5,T,2.5,0,M,M,0
US1COEG0037,"CARBONDALE 5.7 E","EAGLE",CO,6425,39.4,-107.11,0,0,6.2,5,0.7,0,0.1,T,0,0,0,0,0,1.4,0,0,0,0,0,0,0,0,0,0,6.3,0,2.8,0,0,0,0
US1COEG0051,"CARBONDALE 5.9 ENE","EAGLE",CO,7316,39.43,-107.11,0,0,5,5.8,1,0.5,0.7,T,T,0,0,0,T,1.3,T,0,0,0,0,0,0,0,0,T,6.4,T,2.9,0,0.3,1.3,0
US1COWE0127,"CARR 0.6 S","WELD",CO,5698,40.89,-104.88,0,0,0,0,0,T,0,1.4,T,0,0,0,M,T,0.2,0,0,0,0,0,0,0,0,0,0.2,0,1,0,0,T,0
US1CODG0253,"CASTLE PINES 2.1 N","DOUGLAS",CO,6540,39.46,-104.89,0,0,0.8,0,0,0,0,M,M,0,0,M,M,M,M,M,M,M,M,M,0,0,0,0,M,M,0,0,0,0,0
US1CODG0157,"CASTLE PINES 2.2 NNE","DOUGLAS",CO,6516,39.46,-104.89,M,M,M,M,M,M,M,M,M,M,M,M,M,19,9.3,M,M,M,M,M,M,M,M,M,6,M,M,M,M,M,M
US1CODG0334,"CASTLE PINES 2.8 ENE","DOUGLAS",CO,6399,39.45,-104.86,0,0,0.1,0,0,0,0,0.6,M,0,0,0,0,14.5,9.5,0,0,0,0,0,0,0,0,0,2,M,0,0,0,0,0
US1CODG0313,"CASTLE PINES 3.7 N","DOUGLAS",CO,6394,39.48,-104.9,0,M,M,M,M,0,0,M,M,M,0,0,0,M,M,M,0,M,M,0,M,0,M,0,M,M,0,M,0,0,M
USC00051401,"CASTLE ROCK","DOUGLAS",CO,6154,39.39,-104.86,0,0,0,0,0,0,0,0.5,T,0,0,0,0,17.3,7.5,0,0,0,0,0,0,0,0,0,3.4,0.8,0,0,0,0,0
US1CODG0245,"CASTLE ROCK 0.5 NNW","DOUGLAS",CO,6282,39.39,-104.85,0,0,0.3,0,0,0,0,0.5,T,0,0,0,0,17.5,7.5,0,0,0,0,0,0,0,0,0,4.8,0.2,0,0,0,0,0
US1CODG0347,"CASTLE ROCK 0.8 N","DOUGLAS",CO,6302,39.39,-104.85,0,0,0.4,0,0,0,0,0.2,0.4,0,0,0,0,16.8,8.1,T,0,0,0,0,0,0,0,0,5,0.2,0,0,0,0,0
US1CODG0307,"CASTLE ROCK 0.8 WNW","DOUGLAS",CO,6152,39.38,-104.86,0,0,M,0,0,0,0,0,M,0,0,0,0,M,M,0,0,0,0,0,0,0,0,0,0,M,0,0,0,0,0
US1CODG0314,"CASTLE ROCK 1.7 E","DOUGLAS",CO,6560,39.38,-104.82,0,0,0.4,0,0,0,0,0.4,0.1,0,0,0,0,14.9,10.8,0,0,0,0,0,0,0,0,0,M,T,0,0,0,0,0
US1CODG0062,"CASTLE ROCK 1.7 SSW","DOUGLAS",CO,6340,39.35,-104.86,0,0,0.5,0,0,0,T,0.2,0.5,0,0,0,0,14.5,9.4,T,0,0,0,0,0,T,T,0,5.5,0.2,0,0,0,0,0
US1CODG0350,"CASTLE ROCK 2.6 SE","DOUGLAS",CO,6665,39.36,-104.81,0,0,0.5,0,0,0,T,0.5,0.3,0,0,0,0,14,8.5,T,0,0,0,0,0,0,0,0,6.5,0.7,0,0,0,0,0
US1CODG0243,"CASTLE ROCK 3.3 SW","DOUGLAS",CO,6558,39.34,-104.89,0,0,M,0,0,0,0,M,M,0,0,0,0,M,M,0,0,0,0,0,0,0,0,0,M,M,0,0,0,M,0
US1CODG0205,"CASTLE ROCK 3.7 W","DOUGLAS",CO,6355,39.37,-104.92,0,0,M,0,0,0,0,M,M,0,0,0,0,M,M,M,0,0,0,0,0,0,0,0,M,M,0,0,0,0,0
US1CODG0164,"CASTLE ROCK 3.9 NW","DOUGLAS",CO,6087,39.43,-104.89,M,M,M,M,M,M,M,M,M,M,M,0,M,M,M,M,M,M,M,M,M,M,M,M,M,M,M,M,M,M,M
US1CODG0329,"CASTLE ROCK 4.1 NW","DOUGLAS",CO,6061,39.43,-104.9,0,0,0.4,0,0,0,0,M,0.4,0,0,0,0,16.5,8.1,M,0,0,0,0,0,0,0,0,4.2,0.5,0,0,0,0,0
US1CODG0174,"CASTLE ROCK 4.6 NNW","DOUGLAS",CO,6411,39.44,-104.87,0,0,0.2,0,0,0,0,0.2,0.2,0,0,0,0,16,5.9,0,0,0,0,0,0,0,0,0,3.2,M,M,M,M,M,M
US1CODG0349,"CASTLE ROCK 8.6 SSE","DOUGLAS",CO,6745,39.28,-104.76,0,0,0.5,0,0,0,0,0.4,T,0,0,0,0,15.1,9.7,0,0,0,0,0,0,0,0,0,3.2,0.2,0,0,0,0,0
US1CODG0354,"CASTLEWOOD CANYON 2.2 NW","DOUGLAS",CO,6586,39.37,-104.8,M,M,M,M,M,M,M,M,M,M,M,M,M,13.5,12.5,M,M,M,M,M,M,M,M,M,12.5,M,M,M,M,M,M
US1CODL0045,"CEDAREDGE 10.5 NNW","DELTA",CO,10396,39.04,-108,M,M,12,9,4,1,0.5,3,3.5,M,M,0.5,3,4,M,1,2.5,M,M,M,M,1,M,M,12.5,1,4,2,4,3,M
USC00051441,"CEDAREDGE 1E","DELTA",CO,6687,38.9,-107.9,0,0,2.5,0.6,T,0,T,0.3,T,0,0,0,0,0.2,0.3,0,0,0,0,0,0,0,0,0,T,T,0.5,0,0,0,0
US1CODL0063,"CEDAREDGE 3.5 N","DELTA",CO,6813,38.95,-107.94,0,0,1.6,0.6,M,0,0,0.3,M,0,0,0,M,0.1,0.2,M,0,0,0,0,0,0,0,M,0.5,0,0.2,0,M,M,0
US1COAR0410,"CENTENNIAL 1.4 WSW","ARAPAHOE",CO,5739,39.59,-104.89,M,M,M,M,M,M,M,M,M,0,M,M,M,M,M,M,M,M,M,M,M,M,M,M,M,M,M,M,M,M,M
US1COAR0396,"CENTENNIAL 1.9 W","ARAPAHOE",CO,5638,39.59,-104.9,0,0,M,0,0,0,0,M,0,0,0,0,0,M,M,M,0,0,0,0,0,0,0,0,M,M,M,M,M,M,0
US1COAR0214,"CENTENNIAL 2.0 SW","ARAPAHOE",CO,5630,39.58,-104.97,0,0,0,0,0,0,0,0.2,0.4,0,0,0,0,12.5,7,0.1,0,0,0,0,0,0,0,0,4.8,0.3,0,0,0,0,0
US1COAR0164,"CENTENNIAL 3.7 W","ARAPAHOE",CO,5531,39.61,-104.94,0,0,0,0,0,0,0,0.2,T,0,0,0,0,10,4.5,0,0,0,0,0,0,0,0,0,4.8,T,0,0,0,0,0
US1COAR0415,"CENTENNIAL 3.9 ESE","ARAPAHOE",CO,5718,39.57,-104.8,M,0,M,M,M,M,0,M,M,M,M,0,M,M,M,0,0,0,0,0,M,M,0,M,M,M,0,0,M,M,M
US1COAR0365,"CENTENNIAL 3.9 W","ARAPAHOE",CO,5648,39.59,-104.94,0,0,0,0,0,0,0,M,M,0,0,0,0,13.9,5.8,0,0,0,0,0,0,0,0,0,5.4,0,0,0,0,0,0
US1COAR0085,"CENTENNIAL 5.5 E","ARAPAHOE",CO,5986,39.58,-104.76,0,0,M,0,0,0,0,M,0,0,0,0,0,9,6,0,0,0,0,0,0,0,0,0,3,M,0,0,0,0,0
US1COJF0061,"CHATFIELD DAM 2 NW","JEFFERSON",CO,5583,39.58,-105.08,0,0,T,0,0,0,0,0.2,0,0,0,0,0,11,7,0,0,0,0,0,0,0,0,M,7,T,0,0,0,0,0
USC00051528,"CHEESMAN","JEFFERSON",CO,6873,39.22,-105.28,0,0,T,0,0,0,T,0.5,0.5,0,0,0,T,9.5,3,0,0,0,0,0,0,0,0,0,2,T,0,0,0,0,0
US1COOT0006,"CHERAW .15 NNE","OTERO",CO,4143,38.11,-103.51,0,0,0,0,0,0,0,0,0,0,0,0,0,0,0,0,0,0,0,0,0,0,0,0,3,1.5,0,0,0,0,0
USC00051539,"CHERAW 1 N","OTERO",CO,4146,38.12,-103.51,0,0,0,0,0,0,0,0,0,0,0,0,0,0,0,0,0,0,0,0,0,0,0,0,3.5,0,0,0,0,0,0
US1CODN0120,"CHERRY CREEK RESERVOIR 1.9 N","DENVER",CO,5476,39.66,-104.88,M,M,M,M,M,M,M,M,M,M,M,M,M,M,7.1,M,M,M,M,M,M,M,M,M,M,M,M,M,M,M,M
US1COCH0031,"CHEYENNE WELLS 0.7 WNW","CHEYENNE",CO,4277,38.82,-102.36,0,0,0,0,0,0,0,M,0,0,0,0,0,0,M,0,0,0,0,0,0,0,0,0,M,M,0,0,0,0,0
US1COAU0047,"CHROMO 3.9 E","ARCHULETA",CO,7907,37.04,-106.76,0,0,0,0,0,0,0,0,0.5,0,0,0,0.5,1.5,0.1,0.8,3.4,M,0,0,0,0,0,2.2,5,2.6,0.8,0,0,M,M
US1COAU0058,"CHROMO 5.2 ENE","ARCHULETA",CO,8434,37.05,-106.74,0,0,M,0,0,0,0,M,M,M,M,0,M,M,M,M,M,M,M,M,M,M,M,M,M,M,M,M,M,M,M
USC00051609,"CIMARRON","MONTROSE",CO,6888,38.44,-107.56,0,0,9.5,T,0,0,T,0.5,0,0,0,0,0.5,0.5,T,0,0,0,0,0,0,0,0,2.5,3,T,T,0,0,0,T
USC00051660,"CLIMAX","LAKE",CO,11341,39.37,-106.19,0,0,10,4,0,0,0,3,4,0,0,4,1,4.8,3.4,0,0,0,0,0,0,2,0,3,9,0,2,0,0.5,1,2
USC00051713,"COCHETOPA CREEK","GUNNISON",CO,8004,38.44,-106.76,0,0,5.3,0,0,0,0,1.5,0.3,0,0,0,0.5,1.3,0.7,0,0,0,0,0,0,0,0,0,1.6,0,0.6,0,0,0,0
US1COME0053,"COLLBRAN 0.2 ESE","MESA",CO,6041,39.24,-107.96,0,M,M,M,M,M,0,M,0,M,0,0,M,0,0,0,M,0,0,0,0,0,0,0,M,M,M,0,M,0,0
US1COPU0135,"COLORADO CITY 1.1 E","PUEBLO",CO,5815,37.94,-104.83,M,M,M,M,M,M,M,3.1,0.2,M,M,M,M,1,13.9,M,M,M,M,M,M,M,M,M,8.2,M,M,M,M,M,M
US1COPU0128,"COLORADO CITY 1.6 W","PUEBLO",CO,6211,37.95,-104.88,0,0,0,0,0,0,0,4,T,0,0,0,0,1,10.5,1.5,0,0,0,0,0,M,M,M,5,T,T,0,0,0,0
USC00051772,"COLORADO NATIONAL MONUMENT","MESA",CO,5779,39.1,-108.73,0,0,7,T,0,0,0,0,0,0,M,M,0.6,0.3,0.2,0,0,0,0,0,0,0,0,0,0,0,0,0,0,0,0
US1COEP0395,"COLORADO SPRINGS 10.1 NNE","ELPASO",CO,6970,38.97,-104.75,M,0,0,0,M,M,M,M,M,0,M,0,0,M,M,M,0,M,0,0,0,0,M,M,M,M,0,M,M,M,M
US1COEP0454,"COLORADO SPRINGS 11.0 NE","ELPASO",CO,7057,38.96,-104.7,0,0,T,0,0,0,0,0.2,T,0,0,0,0,4,6,0.1,0,0,0,0,0,0,M,0,1,0,M,0,0,0,M
US1COEP0194,"COLORADO SPRINGS 1.1 NE","ELPASO",CO,6063,38.84,-104.81,0,0,0,0,0,0,0,1,T,0,0,0,0,5.5,11.8,T,0,0,0,0,0,0,0,0,T,0,0,0,0,0,0
US1COEP0303,"COLORADO SPRINGS 1.1 W","ELPASO",CO,6007,38.83,-104.84,M,0,M,M,M,M,M,1,M,M,0,M,0,4,9,M,M,M,M,M,M,M,M,M,M,M,M,M,M,M,M
US1COEP0357,"COLORADO SPRINGS 12.5 NNE","ELPASO",CO,7211,39,-104.72,M,M,M,M,M,M,M,1.2,M,M,M,M,M,M,M,M,M,M,M,M,M,M,M,M,1,M,T,M,M,M,M
US1COEP0384,"COLORADO SPRINGS 13.2 N","ELPASO",CO,6805,39.02,-104.81,M,M,M,M,M,M,M,M,M,M,0,0,M,M,M,M,M,M,M,M,M,M,M,M,M,M,M,M,M,M,M
US1COEP0192,"COLORADO SPRINGS 13.9 NNE","ELPASO",CO,7283,39.03,-104.75,0,0,0,0,0,0,0,1,1,0,0,0,0,15,9,0,0,0,0,0,0,0,0,0,2,0.5,0,0,0,0,0
US1COEP0060,"COLORADO SPRINGS 1.3 ESE","ELPASO",CO,6081,38.83,-104.8,0,0,0,0,0,0,0,1.2,0,0,0,0,0,6.2,9,M,0,0,0,0,0,0,0,0,T,0,M,0,0,0,0
US1COEP0183,"COLORADO SPRINGS 14.9 N","ELPASO",CO,6865,39.05,-104.84,M,M,M,M,M,M,M,0.5,M,M,M,M,M,9.5,8,M,M,M,M,M,M,M,M,M,1,M,M,M,M,M,M
US1COEP0385,"COLORADO SPRINGS 1.5 N","ELPASO",CO,6085,38.86,-104.82,0,0,0,0,0,0,0,0.5,T,0,0,0,0,6,10,T,0,0,0,0,0,0,0,0,0,0,T,0,0,0,0
US1COEP0226,"COLORADO SPRINGS 2.0 N","ELPASO",CO,6107,38.86,-104.81,0,0,0,0,0,0,0,0.5,T,0,0,0,0,7,9,T,0,0,0,0,0,0,0,0,T,0,T,0,0,0,0
US1COEP0064,"COLORADO SPRINGS 2.1 NW","ELPASO",CO,6192,38.85,-104.85,0,0,0,0,0,0,0,1,T,0,0,0,0,7.5,14.4,1,0,M,0,0,0,0,0,M,T,0,0,0,0,0,0
US1COEP0309,"COLORADO SPRINGS 2.7 NE","ELPASO",CO,6279,38.86,-104.79,M,M,0,M,M,0,0,0.5,T,0,0,0,0,7,9,T,M,T,M,0,M,0,M,M,T,0,M,0,0,M,M
US1COEP0158,"COLORADO SPRINGS 2.7 WSW","ELPASO",CO,6278,38.82,-104.86,0,0,0,T,0,0,0,1.3,T,0,0,0,0,9.7,17.3,T,0,0,0,0,0,0,M,0,T,T,0,0,0,0,0
US1COEP0360,"COLORADO SPRINGS 3.0 NNE","ELPASO",CO,6241,38.87,-104.79,0,0,0,0,0,0,0,M,M,0,0,0,0,M,0,M,0,0,0,0,0,0,0,0,M,0,0,0,0,0,0
US1COEP0210,"COLORADO SPRINGS 3.0 S","ELPASO",CO,5996,38.79,-104.81,0,0,0,0,0,0,0,0.8,0,0,0,0,0,6.5,10.3,M,0,0,0,0,0,0,0,0,M,0,0,0,0,0,0
US1COEP0387,"COLORADO SPRINGS 3.3 NW","ELPASO",CO,6415,38.87,-104.86,0,M,0,0,0,0,0,0.5,0,0,0,0,0,6,12,0,0,0,0,0,0,0,0,0,M,0,0,0,0,0,0
US1COEP0264,"COLORADO SPRINGS 3.5 S","ELPASO",CO,6031,38.78,-104.83,0,0,0,0,0,0,0,1,0,0,0,0,0,8.5,11,M,M,M,M,M,M,M,M,M,M,M,0,0,0,0,0
US1COEP0188,"COLORADO SPRINGS 3.7 ENE","ELPASO",CO,6320,38.86,-104.76,0,0,0,0,0,0,0,0.8,T,0,0,0,0,4,10.5,T,0,0,0,0,0,0,0,0,T,0,T,0,0,0,0
US1COEP0460,"COLORADO SPRINGS 3.9 NNW","ELPASO",CO,6504,38.88,-104.85,M,0,0,0,0,0,0,0.2,0,0,0,0,0,8,M,0,0,0,0,0,0,0,0,0,T,0,M,0,0,0,0
US1COEP0320,"COLORADO SPRINGS 4.1 NNE","ELPASO",CO,6328,38.89,-104.78,M,M,M,M,M,0,0,M,M,0,0,0,0,M,0,M,0,0,0,0,0,0,0,0,M,M,0,0,0,0,0
US1COEP0337,"COLORADO SPRINGS 4.1 S","ELPASO",CO,6133,38.77,-104.83,M,M,M,M,M,M,M,M,M,M,M,M,M,9,10,M,M,M,M,M,M,M,M,M,M,M,M,M,M,M,M
US1COEP0333,"COLORADO SPRINGS 5.0 ENE","ELPASO",CO,6269,38.85,-104.73,0,0,0,0,0,0,0,M,M,0,0,0,0,M,M,M,0,0,0,0,0,0,0,0,M,0,M,0,0,0,0
US1COEP0228,"COLORADO SPRINGS 5.0 NNE","ELPASO",CO,6393,38.9,-104.78,0,M,0,0,0,0,0,0.3,0,0,0,0,0,6.3,14.5,M,0,0,0,0,0,0,0,0,0.5,0,M,0,0,0,0
US1COEP0037,"COLORADO SPRINGS 5.7 WNW","ELPASO",CO,6602,38.91,-104.85,0,0,0,0,0,0,0,0.4,T,0,0,0,0,8.3,10.5,T,0,0,0,0,0,0,0,0,0.2,0,T,0,0,0,0
US1COEP0362,"COLORADO SPRINGS 5.8 NNW","ELPASO",CO,6630,38.91,-104.87,0,0,M,0,0,0,0,0.4,M,0,0,0,0,8.2,11.5,M,0,0,0,0,0,0,0,0,0.3,M,0,0,0,0,0
US1COEP0347,"COLORADO SPRINGS 6.9 ENE","ELPASO",CO,6488,38.88,-104.71,0,0,0,M,0,0,0,M,M,M,M,M,M,M,M,M,M,M,0,0,0,0,M,M,T,0,M,0,0,0,0
US1COEP0282,"COLORADO SPRINGS 6.9 NE","ELPASO",CO,6773,38.92,-104.75,0,0,M,M,M,M,M,M,M,M,M,M,M,M,M,M,M,M,M,M,M,M,M,M,M,M,M,M,M,M,M
US1COEP0234,"COLORADO SPRINGS 7.0 NNE","ELPASO",CO,6625,38.94,-104.78,0,0,0,0,0,M,M,M,M,0,0,0,0,M,M,0,0,0,0,0,0,0,0,0,M,M,M,0,0,0,0
US1COEP0258,"COLORADO SPRINGS 7.0 NNW","ELPASO",CO,6688,38.93,-104.86,0,0,0,0,0,0,0,0.1,M,M,0,0,M,9,10,T,0,0,0,0,0,0,0,0,0.1,0,0,0,M,M,M
US1COEP0207,"COLORADO SPRINGS 7.1 NNW","ELPASO",CO,6683,38.94,-104.85,0,0,M,0,0,0,0,0.1,T,0,0,0,0,8,9.5,T,0,0,0,0,0,0,0,0,T,0,M,0,0,0,0
US1COEP0359,"COLORADO SPRINGS 7.2 ENE","ELPASO",CO,6534,38.89,-104.71,0,0,0,0,0,0,0,0.5,0,0,0,0,0,2.8,7,0,0,M,0,0,0,0,0,0,T,0,T,0,0,0,0
US1COEP0356,"COLORADO SPRINGS 7.3 NE","ELPASO",CO,6849,38.91,-104.73,0,0,0,0,0,0,0,0.3,0,0,0,0,0,3,5,0,0,0,0,0,0,0,0,0,0.4,0,0,0,0,0,0
US1COEP0408,"COLORADO SPRINGS 8.0 NNE","ELPASO",CO,6704,38.93,-104.74,0,0,0,0,0,0,0,0.3,T,0,0,0,0,5.2,7.2,T,0,0,0,0,0,0,0,0,0.4,T,T,0,0,0,0
US1COEP0291,"COLORADO SPRINGS 8.2 SE","ELPASO",CO,5733,38.74,-104.73,0,0,0,0,0,0,0,0.2,0,0,0,0,0,5,10.5,T,0,0,0,0,0,0,0,0,0,0,0,0,0,0,0
US1COEP0449,"COLORADO SPRINGS 8.9 NNE","ELPASO",CO,6818,38.94,-104.74,0,0,0,0,0,0,0,0.5,0,0,0,0,0,5.2,9.2,0.2,0,0,0,0,0,0,0,0,1,0,0.2,0,0,0,0
USW00093037,"COLORADO SPRINGS MUNICIPAL AP","ELPASO",CO,6180,38.81,-104.69,0,0,T,0,0,0,T,0.4,0,0,0,0,0.5,10.2,2.2,T,0,0,0,0,0,0,0,T,T,T,0,0,0,0,0
US1COJF0573,"CONIFER 1.8 SSE","JEFFERSON",CO,8495,39.5,-105.29,0,0,1.2,0,0,0,1.2,1.6,T,0,0,0,T,15.2,13.5,0,T,0,0,0,0,0,0,0,5.5,T,T,0,0,T,0
US1COJF0562,"CONIFER 2.9 S","JEFFERSON",CO,8576,39.48,-105.3,M,0,1.5,0,0,0,1.5,2,T,0,M,0,T,12,23.5,0,T,0,0,0,M,0,0,0,5,T,T,0,0,T,0
US1COJF0053,"CONIFER 3.2 SW","JEFFERSON",CO,8480,39.49,-105.35,0,0,1,0,0,T,0.6,2.1,0.2,0,0,0,0.7,24.3,16.3,0,0.3,T,0,0,0,0,0,0,5.7,0,0.2,0,0,T,0
US1COJF0081,"CONIFER 3.9 SE","JEFFERSON",CO,8398,39.48,-105.24,0,0,1,0,0,0,1.1,1.5,0.5,0,0,0,0.5,15,21,0,T,0,0,0,0,0,0,0,6,T,T,0,0,0,0
US1COJF0386,"CONIFER 5.2 WNW","JEFFERSON",CO,9393,39.55,-105.39,0,M,M,M,M,M,M,5.3,1.2,M,M,M,M,25.5,19.2,M,M,T,M,M,M,M,M,M,8.2,M,M,M,M,M,M
US1COJF0222,"CONIFER 5.7 SW","JEFFERSON",CO,8541,39.47,-105.39,M,M,0.7,0,M,M,0.3,1.4,M,M,M,M,M,17,M,0,0,0,0,0,0,0,0,0,3.1,0,M,M,0,M,0
US1COWA0084,"COPE 0.3 SSW","WASHINGTON",CO,4416,39.67,-102.85,M,M,M,M,M,M,M,6,M,M,M,M,M,M,M,M,M,M,M,M,M,M,M,M,M,M,M,M,M,M,M
USC00051886,"CORTEZ","MONTEZUMA",CO,6165,37.34,-108.6,0,0,0,T,0,0,T,T,0,0,0,0,T,0,0.1,0,0.7,T,0,0,0,0,0,0.1,2,0,0,0,0,0,0
US1COMZ0034,"CORTEZ 1.2 SW","MONTEZUMA",CO,6163,37.34,-108.59,0,0,0,T,0,0,0,0,0,0,0,0,0,0,T,0,0.6,0,0,0,0,0,0,T,T,0,T,0,0,0,0
US1COFM0021,"COTOPAXI 4.8 SSE","FREMONT",CO,7465,38.31,-105.64,0,0,M,M,0,0,0,2.8,0.6,0,0,0,0,7.5,12.8,0.4,0.5,T,0,0,0,0,0,0,11,0.2,0,0,0,0,0
US1COMF0021,"CRAIG 1.2 ESE","MOFFAT",CO,6193,40.51,-107.53,0,M,M,M,M,M,0,M,M,M,M,M,M,M,M,M,M,M,0,0,0,0,M,M,0,M,M,0,M,M,M
USC00051932,"CRAIG 4SW","MOFFAT",CO,6494,40.45,-107.59,M,M,M,9.2,0.6,0,0,0,0,0,0,T,0.2,4.8,0,0,0,0,0,0,0,M,M,M,T,1.4,0.8,0,M,M,M
US1CODL0048,"CRAWFORD 3.6 SW","DELTA",CO,6901,38.67,-107.66,0,0,14,1.8,0,M,M,M,0,0,0,0,T,1.2,0,0,0,0,0,0,0,0,0,0,0.9,0,0.4,0,0,0,0
US1COMN0007,"CREEDE 3.3 SSW","MINERAL",CO,8796,37.81,-106.95,0,0,0.7,0,M,M,M,0.5,0.4,0,0,0,0.2,M,M,M,M,M,M,0,0,0,0,1.9,M,M,M,0,0,0,0
USC00051948,"CREEDE WATER TREATMENT","MINERAL",CO,8622,37.83,-106.93,0,0,1,0,0,0,0,0.1,2,0,0,0,0,1,8,1,5,0,0,0,0,0,0,1,0,0,0,0,0,0,0
USC00051959,"CRESTED BUTTE","GUNNISON",CO,8865,38.87,-106.98,0,M,5.8,6.8,0,0.4,0.2,0,0,0,0,1.8,0.7,0.8,0.2,0,0,0,0,0,0,0.3,0.5,1.1,0.9,0.1,5.1,0,3.4,0.3,0
US1COGN0066,"CRESTED BUTTE 1.9 NNE","GUNNISON",CO,9257,38.89,-106.97,0,0,6.5,11,0.9,0.4,0.1,0,0,0,0,3,1,1.7,0.2,T,0.7,0,0,0,0,0.4,0.7,2.5,0.8,T,5,0,M,M,0
US1COGN0018,"CRESTED BUTTE 6.2 N","GUNNISON",CO,9604,38.96,-106.99,0,0,4.5,12,2.5,3,3,0,0,0,0,6,3,1,0.5,0,0.5,0,0,0,0,0,1,3.5,3,0,3.5,0,4.5,1.5,T
US1COSA0002,"CRESTONE 1.2 SSE","SAGUACHE",CO,8083,37.98,-105.69,0,0,0,0,M,M,M,M,T,0,0,0,0,T,6,0.7,0.1,T,T,T,0,0,0,T,12.9,1.2,T,0,0,0,0
USC00051964,"CRESTONE 2 SE","SAGUACHE",CO,8001,37.98,-105.69,0,0,0,0,0,0,0,T,0,0,0,0,0.1,5.9,0.7,0.1,T,0,T,0,0,0,T,12.2,1.9,T,T,0,0,0,T
USC00051977,"CRIPPLE CREEK 3NNW","TELLER",CO,9233,38.8,-105.2,0,0,4,T,0,T,0.2,8,0.2,0,0,0,0.4,M,M,32,1.3,0.2,0,0,0,0,0,0,2.9,0.6,0.1,0,0,0,0
US1COTL0016,"CRIPPLE CREEK 5.1 NW","TELLER",CO,8506,38.81,-105.23,0,0,2.5,T,0,0,T,7.5,0.2,0,0,0,0.5,27,8,T,1,T,0,0,0,0,0,0,3,0.5,T,0,0,0,0
US1COCR0008,"CROWLEY 0.2 E","CROWLEY",CO,4351,38.19,-103.85,M,M,M,M,M,M,M,M,M,M,M,M,M,M,M,M,M,M,M,M,M,M,M,M,0.5,M,M,M,M,M,M
USC00051786,"CUMBRE VISTA - COLORADO SPRINGS 1","ELPASO",CO,6947,38.95,-104.71,0,0,0,0,0,0,0,0.3,T,0,0,0,0,4.5,7.5,0.2,0,0,0,0,0,0,0,0,1.4,T,0.2,0,0,0,0
US1COME0136,"DE BEQUE 7.1 SSE","MESA",CO,5605,39.24,-108.15,0,0,4,3,0,0,M,M,0,0,0,0,M,1,0.2,0,M,0,0,0,0,M,0,0,M,M,M,M,M,M,0
US1COJF0530,"DEERMONT 1.2 ENE","JEFFERSON",CO,7339,39.51,-105.16,0,0,0.7,0,0,0,T,2.4,0.7,0,0,0,0,21.8,12.4,0,0,0,0,0,0,0,0,0,12.7,0.5,M,M,0,0,0
US1COAR0223,"DEER TRAIL 5.2 N","ARAPAHOE",CO,5197,39.69,-104.05,M,M,M,M,M,M,M,M,M,M,M,M,M,M,2,0,0,0,M,M,M,M,M,M,M,M,M,M,M,M,M
US1COEL0010,"DEER TRAIL 6.1 SW","ELBERT",CO,5504,39.55,-104.13,0,0,0.8,0,0,0,0,0.1,0.6,0,0,0,0,0.3,3,0,0,0,0,0,0,0,0,0,2.1,T,0,0,0,0,0
US1CORG0009,"DEL NORTE 0.25 NW","RIOGRANDE",CO,7882,37.68,-106.36,0,0,0,0,0,0,0,0,6,0,0,0,0,1.5,9,2.5,2,0,0,0,0,0,0,1.2,T,0,0.5,0,0,0,0
USC00052184,"DEL NORTE 3ENE","RIOGRANDE",CO,7843,37.69,-106.31,0,0,T,0,0,0,0,T,5.8,0,0,0,0,1,5.5,2.1,2.7,T,0,0,0,0,0,1.3,T,0,0.5,0,0,0,0
US1CORG0033,"DEL NORTE 8.6 SSW","RIOGRANDE",CO,9477,37.56,-106.39,0,0,M,0,0,0,0,M,M,0,0,0,M,M,M,M,M,M,0,0,0,0,0,M,M,M,M,0,0,0,0
USC00052196,"DELTA 3E","DELTA",CO,5026,38.75,-108.03,0,0,T,1,0,0,0,0,0,0,0,0,0,0,T,0,0,0,0,0,0,0,0,0,0,T,0,0,0,0,0
US1COMT0058,"DELTA 5.9 S","MONTROSE",CO,5248,38.66,-108.06,0,0,M,1,M,0,M,0,0,0,0,0,0,M,M,M,M,0,0,0,0,M,M,M,M,M,M,M,M,M,M
US1CODN0112,"DENVER 0.2 NNW (BOTANIC GARDENS)","DENVER",CO,5396,39.73,-104.96,M,M,M,M,0,0,0,0.2,T,0,0,0,0,5,5,M,M,M,0,0,0,0,0,0,5,T,0,0,0,0,0
US1CODN0175,"DENVER 0.4 E","DENVER",CO,5371,39.73,-104.95,0,0,0,0,0,0,0,0.5,0,0,0,0,M,9.5,2.5,0,0,0,0,0,0,0,0,0,4.5,T,0,0,0,0,M
US1COJF0071,"DENVER 10.3 NW","JEFFERSON",CO,5478,39.86,-105.1,0,0,0,0,0,0,0,M,M,0,0,0,M,M,M,0,0,0,0,0,0,0,0,0,M,M,0,0,0,M,0
US1COJF0001,"DENVER 11.0 SSW","JEFFERSON",CO,5553,39.59,-105.07,0,0,T,0,0,0,0,T,M,0,0,0,M,8,7.9,0,0,0,0,0,0,0,0,0,7.9,M,0,0,0,0,0
US1CODN0280,"DENVER 1.1 NE","DENVER",CO,5312,39.74,-104.95,M,M,M,M,M,M,M,M,M,M,M,M,M,M,M,M,M,M,0,0,0,0,0,0,5.3,T,0,0,0,0,0
US1CODN0320,"DENVER 1.3 NE","DENVER",CO,5245,39.75,-104.97,0,0,0,0,0,0,0,0.3,0,0,0,0,0,5.5,2,0,0,0,0,0,0,0,0,0,4.3,0,0,0,0,0,0
US1CODN0177,"DENVER 2.0 ESE","DENVER",CO,5438,39.72,-104.93,0,0,0,0,0,0,0,M,M,0,0,0,0,7.5,4.5,0,0,0,0,M,0,0,0,0,4.2,T,0,0,0,0,0
US1CODN0264,"DENVER 2.1 ENE","DENVER",CO,5358,39.74,-104.92,0,0,M,0,0,0,M,0.3,M,0,0,0,M,7.9,6.2,0,0,0,0,0,0,0,0,0,4.9,0,0,0,0,0,0
US1CODN0231,"DENVER 2.6 SSW","DENVER",CO,5329,39.69,-104.97,M,M,M,M,M,M,M,M,M,M,M,M,M,6,M,M,M,M,M,M,M,M,M,M,M,M,M,M,M,M,M
US1CODN0049,"DENVER 3.2 SSE","DENVER",CO,5390,39.72,-104.92,0,0,T,0,0,0,0,0.2,0,0,0,0,0,7.5,4.5,0,0,0,0,0,0,0,0,0,5.5,0,0,0,0,M,0
US1CODN0122,"DENVER 3.5 SE","DENVER",CO,5441,39.69,-104.92,0,0,M,0,0,0,0,M,M,0,0,0,M,M,M,0,0,0,0,0,0,0,0,0,M,M,0,0,0,0,0
US1CODN0259,"DENVER 4.3 WNW","DENVER",CO,5377,39.76,-105.03,0,0,M,0,0,0,0,0.2,0,0,0,0,0,6,3.5,0,0,M,0,0,0,0,0,0,6,0,0,0,0,0,0
US1CODN0103,"DENVER 4.7 SW","DENVER",CO,5399,39.68,-105.03,0,0,T,0,0,0,0,T,0,0,0,0,M,3.6,5.3,M,0,0,0,0,0,0,0,0,6,M,M,M,M,M,M
US1CODN0313,"DENVER 4.8 W","DENVER",CO,5396,39.72,-105.05,0,M,M,M,0,0,0,T,T,0,0,0,T,3.5,4,0,0,0,0,0,0,0,0,0,M,0,0,0,0,0,0
US1COAR0413,"DENVER 5.0 SSE","ARAPAHOE",CO,5495,39.66,-104.92,0,0,M,0,0,0,0,M,M,0,0,0,M,M,M,0,0,0,0,0,0,0,0,0,M,M,0,0,0,0,0
US1COAR0408,"DENVER 5.1 SSE","ARAPAHOE",CO,5519,39.66,-104.92,0,0,M,0,0,0,0,M,M,0,0,0,M,M,M,0,0,0,0,0,0,0,0,0,M,M,0,0,0,0,0
US1CODN0016,"DENVER 5.2 S","DENVER",CO,5399,39.67,-104.97,0,0,0.1,0,0,0,0,0.3,M,0,0,0,M,7.5,6.5,0,0,0,0,0,0,0,0,0,5,T,0,0,0,0,0
US1CODN0321,"DENVER 5.3 NW","DENVER",CO,5371,39.79,-105.02,0,0,0,0,0,0,0,0.8,0,0,0,0,1.9,10.2,0.7,0,0,0,0,0,0,0,0,3.8,1.1,0,0,0,0,0,0
US1CODN0141,"DENVER 5.3 SW","DENVER",CO,5444,39.68,-105.04,0,0,T,0,0,0,0,T,0,0,0,0,M,6.2,6,0,0,0,0,0,0,0,0,0,5.5,T,0,0,0,0,0
US1CODN0079,"DENVER 5.6 W","DENVER",CO,5424,39.76,-105.04,M,M,M,M,M,M,M,M,M,M,M,M,M,9.5,3.5,M,M,M,M,M,M,M,M,M,6,M,M,M,M,M,M
US1COJF0003,"DENVER 6.1 WSW","JEFFERSON",CO,5573,39.7,-105.1,0,0,T,0,0,0,0,0.4,T,0,0,0,0,8.5,8.1,0,0,0,0,0,0,0,0,0,5.7,T,0,0,0,0,0
US1COAR0105,"DENVER 6.3 SSE","ARAPAHOE",CO,5522,39.68,-104.88,0,0,0,0,0,0,0,0.2,T,0,0,0,0,8.8,5.8,0,0,0,0,0,0,0,0,0,2.8,0,0,0,0,0,0
US1CODN0269,"DENVER 6.7 NE","DENVER",CO,5248,39.8,-104.88,0,0,0,0,0,0,0,0.3,0,0,0,0,0,4.7,3,0,M,0,0,0,0,0,0,0,6.2,0,0,0,0,M,0
US1COJF0372,"DENVER 7.6 SW","JEFFERSON",CO,5473,39.65,-105.07,M,M,M,M,0,0,M,M,M,M,M,M,M,M,M,M,M,M,M,M,M,M,M,M,M,M,M,M,M,M,M
US1COAR0043,"DENVER 9.4 S","ARAPAHOE",CO,5499,39.6,-104.98,0,0,0,0,0,0,0,0.4,0,0,0,0,0,13.5,7.1,0,0,0,0,0,0,0,0,0,7.5,T,0,0,0,0,0
USW00023062,"DENVER-CENTRAL PARK","DENVER",CO,5283,39.77,-104.87,0,0,0,0,0,0,0,T,T,0,0,0,0,5.5,4,0,0,0,0,0,0,0,0,0,5,0,0,0,0,0,0
USC00052221,"DENVER CENTRAL PARK 1 SSE","DENVER",CO,5298,39.76,-104.87,0,0,0,0,0,0,0,T,T,0,0,0,0,5.5,4,0,0,0,0,0,0,0,0,0,5,T,0,0,0,0,0
USW00003017,"DENVER INTL AP","DENVER",CO,5403,39.85,-104.66,0,0,T,0,0,0,T,0.3,0,0,0,0,T,5.7,T,0,0,0,0,0,0,0,0,2.2,1,0,0,0,0,0,0
USC00052223,"DENVER WATER DEPARTMENT","DENVER",CO,5224,39.73,-105.01,0,0,T,0,0,0,0,T,T,0,0,0,0,4.9,4.1,0,0,0,0,0,0,0,0,0,4.8,T,0,0,0,0,0
US1COBA0019,"DEORA 10.7 SW","BACA",CO,4841,37.48,-103.07,M,M,M,M,0,0,0,M,M,0,0,0,M,M,M,M,0,0,0,0,0,0,0,0,2,T,0,0,0,0,0
USC00052281,"DILLON 1 E","SUMMIT",CO,9079,39.62,-106.03,0,0,4.5,2,0.5,T,T,0.5,0,0,0,0.5,1.5,2,T,0,0,0,0,0,0,1,0,1,0.5,0,0.5,0,1,1,T
US1COMF0028,"DINOSAUR 0.3 SW","MOFFAT",CO,5871,40.24,-109.01,0,0,2.3,1.2,0.4,T,0.6,0,0,0,0,0,1.4,0.2,0.1,0,0,0,0,0,0,0,0,0.2,0.5,0.1,T,0,2.9,T,0
USC00052294,"DIVIDE 4NW","TELLER",CO,9132,38.96,-105.22,0,0,1.8,0,0,0,0.3,1.8,0,0,0,0,T,14.8,19.6,0,0.6,0,0,0,0,0,0,0,2.3,0.6,0,0,0,0,0
US1COTL0037,"DIVIDE 5.2 SSW","TELLER",CO,9399,38.86,-105.18,M,0,4,0.7,0,0,0.2,M,M,M,M,M,M,M,M,M,M,M,0,0,0,0,0,0,3.5,0.5,T,0,0,0,0
US1COMZ0071,"DOLORES 16.8 ENE","MONTEZUMA",CO,7850,37.58,-108.22,0,0,1,0,0,0,0,5.5,0,0,0,0,2.8,2,2.5,1,1,0,M,M,M,0,0,1,5,0,M,0,0,M,M
US1COMZ0058,"DOLORES 4.0 SSW","MONTEZUMA",CO,6677,37.42,-108.53,0,0,M,0,0,0,0,0.5,0,0,0,M,M,M,0.6,T,0.6,M,M,M,M,0,0,T,1,0,M,0,0,0,0
US1COMZ0030,"DOLORES 4.8 ENE","MONTEZUMA",CO,7130,37.49,-108.42,0,0,T,T,0,0,0,2.3,0,0,0,0,1,T,1.5,T,0.7,M,0,M,0,0,0,1,5,T,1,0,0,0,0
US1COMZ0081,"DOLORES 5.3 SSW","MONTEZUMA",CO,6435,37.41,-108.54,0,0,0,0,0,0,0,M,0,0,0,0,0,0,T,0,0.2,0,0,0,M,0,0,M,M,0,0,0,0,0,0
US1CODR0003,"DOVE CREEK 12.4 SSW","DOLORES",CO,6602,37.6,-109,0,0,M,M,0,0,0,M,M,0,0,0,M,M,1.8,1,M,M,0,M,M,0,0,0.2,0.2,M,M,0,0,0,0
US1COGN0049,"DOYLEVILLE 2.1 W","GUNNISON",CO,8132,38.42,-106.62,M,M,0,M,M,M,M,3,M,M,M,M,M,M,M,M,M,M,M,M,M,M,M,M,T,M,T,M,M,M,M
US1COLR1026,"DRAKE 4.3 WSW","LARIMER",CO,6945,40.41,-105.41,0,0,0.5,M,M,0,0,1.7,M,0,0,0,T,18,18.4,0,0,0,0,0,0,0,0,0,7,0,0,0,0,T,0
US1COCC0032,"DUMONT 2.0 WNW","CLEARCREEK",CO,9123,39.79,-105.64,M,M,4.5,0.9,0,0,0,7.1,1.7,0,M,1,1.4,16.5,11.5,0,0.3,0,0,0,M,0.4,0,0,7.9,0,0,0,0,0.7,0
US1COLP0022,"DURANGO 0.8 SSW","LAPLATA",CO,6622,37.27,-107.87,0,0,0.1,T,0,0,0,T,T,0,0,0,T,T,2.5,1.4,4,0.1,0,0,0,0,0,T,0.2,0,T,0,0,0,0
US1COLP0122,"DURANGO 0.9 ESE","LAPLATA",CO,6880,37.28,-107.85,M,M,M,M,M,M,M,M,0,0,0,M,M,M,M,M,M,M,M,M,M,M,M,M,M,M,M,0,0,0,M
US1COLP0085,"DURANGO 0.9 SSW","LAPLATA",CO,6564,37.27,-107.88,M,M,M,M,M,M,M,M,M,M,M,M,M,M,M,M,M,M,M,M,M,0,0,M,M,0,M,0,0,0,0
US1COLP0117,"DURANGO 0.9 W","LAPLATA",CO,6705,37.29,-107.89,0,0,M,0,0,0,0,0,M,0,0,0,M,M,M,M,M,M,M,M,M,M,M,M,M,0,M,0,0,0,0
US1COLP0111,"DURANGO 1.4 NW","LAPLATA",CO,7154,37.3,-107.89,0,0,M,M,0,0,0,0,M,0,0,0,T,0.1,3.1,M,M,M,M,M,M,M,M,0.2,T,M,M,0,0,0,0
US1COLP0059,"DURANGO 1.5 SW","LAPLATA",CO,6579,37.27,-107.89,0,0,M,T,0,0,0,T,M,0,0,0,T,T,M,M,M,M,0,M,M,0,0,M,M,0,M,0,0,0,0
US1COLP0115,"DURANGO 3.6 N","LAPLATA",CO,6954,37.34,-107.87,M,M,M,M,0,0,M,M,M,M,M,M,M,M,M,M,M,M,M,M,M,M,M,M,M,0,M,M,M,M,M
US1COLP0008,"DURANGO 4.9 ESE","LAPLATA",CO,7121,37.26,-107.79,0,0,T,M,0,0,0,T,0.1,0,0,0,T,T,3,2,5,T,0,M,M,0,0,1.5,M,0,M,0,0,0,0
US1COLP0121,"DURANGO 6.0 SE","LAPLATA",CO,6923,37.22,-107.8,M,M,T,M,M,M,M,T,0.7,M,M,M,0.2,T,2.7,1.3,4.7,T,M,M,M,M,M,0.7,0.3,T,T,M,M,M,M
US1COLP0034,"DURANGO 7.1 N","LAPLATA",CO,6573,37.39,-107.85,0,0,T,0,0,0,0,0,T,0,0,0,M,T,4,T,1.2,T,0,0,M,0,0,T,M,T,T,0,0,0,M
US1COLP0127,"DURANGO 7.2 N","LAPLATA",CO,6587,37.39,-107.84,M,M,M,M,M,M,M,0,0,0,0,0,M,M,3.5,M,M,M,0,M,M,M,M,M,M,M,M,M,M,M,M
USC00052435,"DURANGO 8S","LAPLATA",CO,6549,37.16,-107.86,0,0,0,0,0,0,0,T,T,0,0,0,0,0,0.5,0,2,0,0,0,0,0,0,T,0,0,0,0,0,0,0
USC00052446,"EADS","KIOWA",CO,4211,38.48,-102.78,0,0,0,0,0,0,0,0,0,0,0,0,0,0,0,0,0,0,0,0,0,0,0,0,M,0,0,0,0,0,0
US1COKW0029,"EADS 16.6 SW","KIOWA",CO,4309,38.28,-102.95,M,0,0,M,0,M,0,0,0,0,0,0,0,M,M,0,0,M,M,0,M,0,0,0,M,M,0,M,0,0,0
US1COKW0004,"EADS .45 E","KIOWA",CO,4209,38.48,-102.77,0,0,0,0,0,0,0,0,0,0,0,0,0,0,0,0,0,0,0,0,M,0,0,0,0.2,0,0,0,0,0,0
US1COKW0038,"EADS 6.1 ESE","KIOWA",CO,4108,38.45,-102.67,M,M,M,M,M,M,M,M,M,M,M,M,M,0,M,M,M,M,M,0,M,M,0,M,M,M,0,M,M,0,M
USC00052494,"EASTONVILLE 2 NNW","ELPASO",CO,7208,39.11,-104.6,0,0,1.1,0,0,0,T,0.2,0,0,0,0,0,14.5,6.1,0,0,0,0,0,0,0,0,0.2,3.9,0,0,0,0,0,0
US1COWE0441,"EATON 1.8 SE","WELD",CO,4789,40.51,-104.68,M,0,M,M,M,M,M,M,M,M,M,M,M,0,T,M,M,0,M,M,M,M,M,0,1.6,M,M,M,0,M,0
US1COWE0129,"EATON 3.4 SE","WELD",CO,4743,40.49,-104.67,0,0,0,0,0,0,0,M,M,0,0,0,M,M,M,0,0,0,0,0,0,0,0,0,1,0,0,0,0,M,0
US1COWE0124,"EATON 3.6 WSW","WELD",CO,4878,40.51,-104.77,M,M,M,M,M,M,M,0.4,M,M,M,M,M,M,1.8,M,M,M,M,M,M,M,M,M,0.8,M,M,M,M,M,M
US1COWE0397,"EATON 4.3 ENE","WELD",CO,4864,40.54,-104.63,0,0,0,0,0,0,0,1,0,0,0,0,0,M,M,0,0,0,0,0,0,0,0,0,2.8,0,0,0,0,M,0
US1COWE0542,"EATON 5.1 ESE","WELD",CO,4740,40.49,-104.62,0,0,0,0,0,0,0,1,0,0,0,0,M,M,M,0,0,0,0,0,0,0,0,0,4.3,0,0,0,0,M,0
US1COEG0052,"EDWARDS 0.5 E","EAGLE",CO,7211,39.65,-106.59,0,0,3.5,6.3,1,0.3,M,T,0,0,0,T,0.4,1.5,0,0,0,0,0,0,0,T,0,0.1,6.5,0,1.7,0,T,0.1,M
US1COEG0003,"EDWARDS 1.3 WNW","EAGLE",CO,7170,39.65,-106.62,0,0,6.4,8.4,0.8,0.5,0,0,0,0,0,T,0.2,1.8,0,0,0,0,0,0,0,M,0,0.2,6.7,0,1.8,0,M,M,M
US1COEG0061,"EDWARDS 2.9 WSW","EAGLE",CO,7495,39.63,-106.65,0,M,5,8,1,T,M,0,M,0,M,M,M,2,M,0,M,M,M,M,M,M,M,M,6,M,1.5,M,M,1,M
US1COEG0062,"EDWARDS 3.9 SW","EAGLE",CO,8151,39.62,-106.66,0,0,6,9,1.5,T,0,M,0,M,0,0,T,2,0,0,0,0,M,0,0,0,0,0.4,9,0,1.5,0,T,4,0
US1COEL0017,"ELBERT 3.7 W","ELBERT",CO,6944,39.23,-104.61,0,0,0.5,0,0,0,0,0.3,M,0,0,0,0,8.3,8.1,0,0,0,0,0,0,0,0,0,5.5,M,0,0,0,0,0
US1COEL0076,"ELBERT 4.6 SSE","ELBERT",CO,7185,39.16,-104.5,0,0,0.6,T,0,0,T,T,0.5,0,0,0,0,5.1,5.7,0,0,0,0,0,0,0,0,0,M,M,0,0,0,0,0
US1COEL0096,"ELIZABETH 0.4 WSW","ELBERT",CO,6604,39.36,-104.61,0,0,M,0,0,0,M,M,M,0,0,0,0,M,M,M,0,0,0,0,0,0,0,0,M,M,0,0,0,0,0
US1COEL0095,"ELIZABETH 10.5 NNE","ELBERT",CO,6246,39.5,-104.52,0,0,0.5,0,0,0,0,T,0,0,0,0,0,M,8,0,0,0,0,0,0,0,0,0,M,M,0,0,0,0,0
US1COEL0075,"ELIZABETH 2.0 NNE","ELBERT",CO,6584,39.39,-104.59,0,0,1,0,0,0,T,0.3,T,0,0,0,0,6,7.5,M,0,0,0,0,0,0,0,0,5.2,0.5,0,0,0,M,0
US1COEL0005,"ELIZABETH 2.1 NW","ELBERT",CO,6616,39.38,-104.63,0,0,T,0,0,0,0,T,0.5,0,0,0,0,6.2,8.8,0,0,0,0,0,0,0,0,0,4.2,0.5,0,0,0,0,0
US1COEL0084,"ELIZABETH 2.7 NW","ELBERT",CO,6506,39.39,-104.63,M,M,1,M,M,M,T,T,T,M,M,M,M,8,8,M,M,M,M,M,M,M,M,M,4,0.5,M,M,M,M,M
USC00052631,"ELIZABETH 2NW","ELBERT",CO,6609,39.38,-104.63,0,0,T,0,0,0,0,T,0.5,0,0,0,0,7.1,8.8,0,0,0,0,0,0,0,0,0,4.2,0.5,0,0,0,0,0
US1COEL0102,"ELIZABETH 4.1 NE","ELBERT",CO,6551,39.41,-104.56,0,0,0.8,0,0,0,T,0.1,0.5,0,0,0,0,1.5,8.1,0,0,0,0,0,0,0,0,0,2.8,1.5,0,0,0,0,0
US1COEL0089,"ELIZABETH 6.2 SSW","ELBERT",CO,6950,39.28,-104.65,M,M,M,M,M,M,M,M,M,M,0,M,M,13,M,0,0,M,0,0,0,0,0,0,4,0,0,0,M,M,0
US1COEG0055,"EL JEBEL 0.8 W","EAGLE",CO,6452,39.4,-107.1,0,0,M,4.5,0.5,0,M,M,0,0,0,0,M,1.3,0,0,0,0,0,0,0,0,0,M,6,0,2.9,0,M,M,0
USC00052668,"ELLICOTT 7S","ELPASO",CO,5737,38.74,-104.4,0,0,0,0,0,0,0,T,0,0,0,0,0,T,2,0,0,0,0,0,0,0,0,0,0,0,0,0,0,0,0
US1COAR0292,"ENGLEWOOD 1.4 N","ARAPAHOE",CO,5304,39.67,-104.99,0,0,T,0,0,0,0,0.1,T,0,0,0,0,5.7,5.4,T,0,0,0,0,0,0,0,0,4.4,T,0,0,0,0,0
US1COWE0392,"ERIE 0.5 SE","WELD",CO,5131,40.02,-105.04,0,0,M,0,0,0,0,M,M,0,0,0,M,7,3.5,0,0,0,0,0,0,0,0,0,5.7,0,0,0,0,M,0
US1COWE0571,"ERIE 1.1 NNW","WELD",CO,5053,40.04,-105.05,0,0,M,0,0,0,0,T,T,0,0,0,0,5,4,0,0,0,0,0,0,0,0,0,6,0,0,0,0,M,0
US1COWE0511,"ERIE 1.5 NNE","WELD",CO,5110,40.05,-105.03,0,0,0,0,0,0,0,0.2,T,0,0,0,0,5,5.5,0,0,0,0,0,0,0,0,0,5,T,0,0,0,0,0
US1COBO0285,"ERIE 1.7 WNW","BOULDER",CO,5130,40.04,-105.07,0,0,M,0,0,0,0,0.2,T,0,0,0,0,6.3,3.7,0,0,0,0,0,0,0,0,0,6.1,0,0,0,0,M,0
US1COBO0518,"ERIE 2.2 W","BOULDER",CO,5145,40.03,-105.09,0,0,0,0,0,0,0,0,M,0,0,0,0,M,M,0,0,0,0,0,0,0,M,M,M,0,0,0,0,0,0
US1COBO0471,"ERIE 2.7 WSW","BOULDER",CO,5235,40.02,-105.09,0,0,0,0,0,0,0,0,0,0,0,0,0,M,M,0,0,0,0,0,0,0,M,M,M,M,M,M,0,M,0
USC00052759,"ESTES PARK","LARIMER",CO,7612,40.39,-105.49,0,0,3.5,0.3,0,0,0,4,T,0,0,0,T,23.3,9.3,0,0,0,0,0,0,0,0,0,6.3,0,0,0,0.5,1.4,0
US1COLR1019,"ESTES PARK 10.5 SE","LARIMER",CO,6730,40.28,-105.37,M,M,M,M,M,M,M,M,M,M,M,M,0,14.6,11.8,M,M,M,M,M,M,M,M,M,8.5,M,M,M,M,M,M
US1COLR1272,"ESTES PARK 1.7 SW","LARIMER",CO,7845,40.36,-105.55,0,0,2,0.8,0,T,T,3.3,0.2,0,0,T,0.7,19.4,13.2,0,0,T,0,0,0,0,0,0,3.9,M,M,M,M,M,M
US1COLR1115,"ESTES PARK 1.7 W","LARIMER",CO,7956,40.37,-105.55,0,0,M,M,M,M,T,3.5,T,M,M,M,M,M,M,M,M,M,M,M,0,0,0,M,M,M,M,T,0,M,M
US1COLR1133,"ESTES PARK 1.7 WNW","LARIMER",CO,7712,40.38,-105.55,0,0,3.7,0.6,T,T,T,4.2,0.7,0,0,0,0.7,21,10,0,0,0,0,0,0,0,0,T,4.5,0.3,T,T,0,3.7,0
US1COLR0767,"ESTES PARK 1.8 S","LARIMER",CO,7938,40.35,-105.52,0,0,4.7,2,T,0.1,T,2.9,0.7,0,0,0,0.7,22.5,17.9,0,0,0,0,0,0,0,0,0,5.7,0.3,T,0,0,3,0.1
US1COLR0987,"ESTES PARK 1.8 SSE","LARIMER",CO,7640,40.35,-105.5,0,0,1.5,0.6,T,T,T,1.6,0.5,0,0,0,0.2,20.3,10,0,0,0,0,0,0,0,0,0,3.2,0,0,0,0,M,0
US1COLR0247,"ESTES PARK 3.3 SSW","LARIMER",CO,8092,40.33,-105.52,0,0,3.5,0.5,0,T,T,1.8,T,0,0,T,0.6,23,11.2,0,0,0,0,0,0,0,0,0,3.4,T,T,0,0,2,0
US1COLR1041,"ESTES PARK 3.9 NNE","LARIMER",CO,8148,40.43,-105.5,0,0,3,0,M,M,M,M,M,M,M,M,M,M,M,M,M,M,M,M,M,M,M,M,M,M,M,M,M,M,M
US1COWE0517,"EVANS 0.6 W","WELD",CO,4715,40.38,-104.71,0,0,0,0.1,M,M,0,T,T,0,0,0,0,T,1.3,0,0,0,0,0,0,0,0,0,1.5,0,0,0,0,0,0
USC00052790,"EVERGREEN","JEFFERSON",CO,7000,39.64,-105.32,0,0,0.5,0,0,0,1,2,0,0,0,0,0.1,22,15,0,0,0,0,0,0,0,0,0,6,0,0,0,0,0,0
US1COJF0424,"EVERGREEN 1.3 NNE","JEFFERSON",CO,7452,39.65,-105.34,M,M,M,M,M,M,M,M,M,M,M,M,T,19,12,0,T,0,0,0,0,0,0,0,5.5,0,0,0,0,0,M
US1COJF0484,"EVERGREEN 1.8 N","JEFFERSON",CO,7503,39.66,-105.34,0,0,0.8,T,0,0,0.8,2.4,0.7,0,0,0,0.3,20.7,13.3,T,0.1,0,0,0,0,0,0,0,5.8,0,0,0,0,T,M
US1COJF0395,"EVERGREEN 2.0 ESE","JEFFERSON",CO,7736,39.62,-105.31,0,0,0.7,0,0,0,0.7,1.8,T,0,0,0,0.2,24,12.5,0,0,0,0,0,0,0,0,0,5.5,T,0,0,0,T,0
US1COJF0084,"EVERGREEN 3.2 ESE","JEFFERSON",CO,7078,39.62,-105.25,0,0,M,0,0,M,M,M,M,0,0,0,M,M,M,0,M,0,0,0,0,0,0,0,M,0,0,0,M,M,0
US1COCC0022,"EVERGREEN 3.4 WNW","CLEARCREEK",CO,7930,39.65,-105.4,0,M,M,M,M,0,1,1,0.8,0,0,0,0.8,26.6,12.5,0,T,0,0,0,0,0,0,0,6,0.1,0,0,0,0,0
US1COJF0403,"EVERGREEN 3.5 SE","JEFFERSON",CO,7847,39.6,-105.3,M,M,0.5,M,M,M,0.5,1.7,M,M,M,M,M,22,11.8,M,M,M,M,M,M,M,M,M,6,M,M,M,M,M,M
US1COCC0018,"EVERGREEN 3.5 W","CLEARCREEK",CO,7676,39.64,-105.41,0,0,0.5,T,T,0,M,M,M,0,0,0,0.1,26.2,10,0,T,0,0,0,0,0,0,0,6.2,0,0,0,0,0,0
US1COJF0157,"EVERGREEN 4.2 SSE","JEFFERSON",CO,7800,39.58,-105.28,0,0,0.5,0,0,0,0.8,1.8,0.5,0,0,0,T,22,20,0,0.1,0,0,0,0,0,0,0,7,0.1,T,0,0,T,0
US1COCC0027,"EVERGREEN 5.0 NW","CLEARCREEK",CO,8207,39.69,-105.41,M,M,1.5,M,M,M,M,8,0,M,M,M,1.3,M,M,M,M,M,M,M,M,M,M,M,10.2,M,M,M,M,1.8,M
US1COJF0051,"EVERGREEN 5.3 S","JEFFERSON",CO,7993,39.56,-105.31,M,M,M,M,M,T,0.8,M,M,M,0,0,0.3,20.5,16,0,0.2,T,0,0,0,0,0,0,5.2,T,T,M,M,T,0
US1COCC0033,"EVERGREEN 5.4 NW","CLEARCREEK",CO,8467,39.69,-105.42,M,M,2,M,M,M,2.5,8,M,M,M,M,2,31,25,0,0.5,M,M,M,M,M,M,M,9.8,M,M,M,M,1.6,M
US1COCC0002,"EVERGREEN 5 W","CLEARCREEK",CO,7787,39.64,-105.41,0,0,0.8,T,0,0,1,1.6,0.7,0,0,0,0.1,24.4,13,0,0.1,T,0,0,0,0,0,0,6.5,0.3,T,0,0,T,0
US1COCC0001,"EVERGREEN 6.5 WSW","CLEARCREEK",CO,8095,39.61,-105.44,0,0,1.2,0.2,T,0,1.1,2.2,1.1,0,0,0,0.6,25,17,0,T,0,0,0,0,0,0,0,6.3,0.2,T,0,0,0.2,0
US1COPH0054,"FAIRFIELD 1.1 E","PHILLIPS",CO,3905,40.74,-102.46,0,0,0,0,0,0,0,8,0,0,0,0,0,M,0,0,0,0,0,0,0,0,0,M,0.5,0,0,0,0,0,0
US1COPK0078,"FAIRPLAY 2.7 SW","PARK",CO,10218,39.2,-106.04,0,0,2.5,1.5,0,0,0.5,1,2,0,0,0.3,0,13,7,0.8,0.8,0,0,0,0,0.5,0,T,M,M,0.4,0,0,0,0
US1COPK0015,"FAIRPLAY 2.7 WNW","PARK",CO,10391,39.23,-106.05,0,0,4.1,1.2,0,T,0.4,0.2,2.6,0,0,0.6,T,12.1,7.7,T,0.7,T,0,0,0,1.1,0,0.3,4.8,0,T,T,0,T,0
US1COEP0402,"FALCON 3.2 W","ELPASO",CO,6888,38.93,-104.68,0,0,T,0,0,0,0,T,0,0,0,0,0,4,6,T,0,0,0,0,0,0,0,0,0.3,T,0,0,0,0,0
US1COEP0189,"FALCON ESTATES 2.4 WNW","ELPASO",CO,6548,38.94,-104.84,0,0,0,0,0,0,0,0.5,0,0,0,0,0,8.5,13.2,T,0,0,0,0,0,0,0,0,1.8,0,T,0,0,0,0
US1COLR0316,"FCL 1.5 N","LARIMER",CO,4999,40.6,-105.09,0,0,M,0,M,M,0,M,M,0,0,0,M,M,M,M,0,0,0,0,0,0,0,0,M,0,0,0,0,M,0
US1COLR0270,"FCL 1.7 SE","LARIMER",CO,4996,40.56,-105.06,0,0,0,0,0,0,0,1,M,0,0,0,M,0.7,5.6,M,0,0,0,0,0,0,M,M,M,M,M,M,0,M,M
US1COLR0273,"FCL 2.2 NW","LARIMER",CO,5066,40.6,-105.12,0,0,M,M,M,M,M,1.6,0.2,0,0,0,0,0.8,8.3,T,M,0,0,0,M,M,0,0,1.8,0,0,M,M,M,M
US1COLR0311,"FCL 2.3 NW","LARIMER",CO,5075,40.6,-105.12,0,0,0,0,T,0,0,M,T,0,0,0,M,0.3,6.6,0,0,0,0,0,0,0,0,0,1.2,0,0,0,0,0,M
US1COLR0340,"FCL 2.55 NE","LARIMER",CO,4976,40.61,-105.06,0,0,0,0,0,0,0,0.8,0.2,0,0,0,M,M,4.5,M,0,0,0,0,0,0,M,0,1.2,0,0,0,0,M,0
US1COLR0259,"FCL 2.5 W","LARIMER",CO,5117,40.59,-105.13,0,0,0,0,T,0,0,1.6,0.2,0,0,0,0,0.9,8.9,0,0,0,0,0,0,0,0,0,2.4,0,0,0,0,0,0
US1COLR0391,"FCL 3.0 SW","LARIMER",CO,5140,40.54,-105.12,0,0,0,0,T,0,0,1.7,0.2,0,0,0,0,1.4,8.1,0,0,0,0,0,0,0,0,0,4.5,0,0,0,0,0,0
US1COLR0284,"FCL 3.0 W","LARIMER",CO,5219,40.59,-105.15,M,M,M,M,M,M,M,1.9,0.2,M,0,0,M,0.5,M,M,M,M,0,M,M,M,M,M,M,M,M,M,M,M,M
US1COLR0370,"FCL 4.7 SW","LARIMER",CO,5452,40.54,-105.16,0,M,M,M,0,M,0,M,M,0,0,0,M,M,M,0,0,0,0,0,0,0,0,0,M,0,0,0,0,M,0
US1COLR0341,"FCL 5.5 S","LARIMER",CO,4963,40.5,-105.07,0,0,0,0,0,0,0,M,0,0,0,0,M,M,6.1,0,0,0,0,0,0,0,0,0,M,0,0,0,0,M,M
US1COLR0393,"FCL 5.6 E","LARIMER",CO,4917,40.57,-104.98,0,0,0,0,0,0,0,0.5,0,0,0,0,0,0,2.8,0,0,0,0,0,0,0,0,0,1,0,0,0,0,0,0
US1COWE0250,"FCL 7.9 ENE","WELD",CO,5128,40.59,-104.93,0,0,0,0,0,0,0,0.3,T,0,0,0,T,0.2,2.6,0,0,0,0,0,0,0,0,0,0.4,0,0,0,0,0,0
USC00052934,"FLATIRON RESERVOIR","LARIMER",CO,5504,40.37,-105.24,0,0,0,0,0,0,0,1.1,0,0,0,0,0,4.8,10.1,0,0,0,0,0,0,0,0,0,6.2,0,0,0,0,0,0
USC00052947,"FLEMING 3SW","LOGAN",CO,4263,40.65,-102.86,0,0,1.1,0,0,0,5.2,14.3,0,0,0,0,T,0,0,0,0,0,0,0,0,0,0,0,1.6,0.5,0,0,0,0,0
US1COTL0031,"FLORISSANT 4.8 NNE","TELLER",CO,8851,38.99,-105.26,0,0,0.7,0,0,0,0.2,1,T,0,0,0,0.2,12,11,T,0.5,0,0,0,0,0,0,0,2,0.2,T,0,M,0,0
USC00052965,"FLORISSANT FOSSIL BEDS","TELLER",CO,8400,38.91,-105.29,0,0,M,M,0,0,0,M,0,0,0,0,M,M,M,0,M,0,0,0,0,0,0,0,M,0,0,0,0,0,0
US1COGL0034,"FLOYD HILL 3.7 N","GILPIN",CO,8523,39.77,-105.4,M,M,1.4,0.9,M,M,0.4,2.2,0.8,M,M,T,0.6,27,12.5,M,0.3,M,M,M,M,M,M,M,7,M,M,M,M,0.8,M
USC00053005,"FORT COLLINS","LARIMER",CO,5003,40.58,-105.09,0,0,0,0,0,0,T,1.2,0,0,0,0,0,3.1,3.5,0,0,0,0,0,0,0,0,1,0.2,0,0,0,0,0,0
US1COLR1310,"FORT COLLINS 0.5 SSW","LARIMER",CO,5021,40.55,-105.07,M,M,M,M,M,M,M,M,M,M,M,M,M,M,M,M,M,M,M,M,M,M,M,M,M,M,M,M,M,M,0
US1COLR0832,"FORT COLLINS 0.6 NNW","LARIMER",CO,4983,40.56,-105.07,M,M,M,M,M,M,M,M,M,M,M,M,M,M,M,M,M,M,M,M,M,0,M,M,M,M,M,0,M,M,M
US1COLR0769,"FORT COLLINS 0.7 SSW","LARIMER",CO,5022,40.55,-105.07,0,M,M,0,M,0,0,0.3,M,0,0,0,M,M,5.3,0,0,0,0,0,0,0,0,0,1.5,0,0,0,0,M,M
US1COLR0849,"FORT COLLINS 0.9 N","LARIMER",CO,4988,40.57,-105.07,0,0,0,0,T,0,0,1,0.2,0,0,0,0,0.3,5,T,0,0,0,0,0,0,0,0,1.4,0,0,0,0,0,0
US1COLR1056,"FORT COLLINS 1.0 SE","LARIMER",CO,4988,40.54,-105.06,0,0,0,0,M,M,M,M,M,M,M,0,M,0.4,4.8,0,0,0,0,0,0,0,0,0,1.8,0,0,0,0,0,0
US1COLR0863,"FORT COLLINS 1.1 WNW","LARIMER",CO,4995,40.56,-105.09,0,0,0,0,0,0,0,1,T,0,0,0,0,0.3,6,0,0,0,0,0,0,0,0,0,1.5,0,0,0,0,M,0
US1COLR1234,"FORT COLLINS 1.2 SE","LARIMER",CO,4977,40.54,-105.05,0,0,0,0,T,0,0,0.8,T,0,0,0,0,0.7,5.2,T,0,0,0,0,0,0,0,0,1.4,0,0,0,0,0,0
US1COLR1004,"FORT COLLINS 1.3 ENE","LARIMER",CO,4929,40.57,-105.05,0,0,M,0,T,0,0,0.5,0.1,0,0,0,M,0.1,4,T,0,0,0,0,0,0,0,0,2,0,0,0,0,M,0
US1COLR1186,"FORT COLLINS 1.6 SE","LARIMER",CO,4960,40.54,-105.05,0,0,0,0,0,0,0,M,M,0,0,0,M,M,M,0,0,0,0,0,0,0,0,0,M,0,0,0,0,M,0
US1COLR1212,"FORT COLLINS 1.8 SW","LARIMER",CO,5078,40.53,-105.09,0,M,0,0,M,0,M,M,M,M,0,M,M,M,M,M,0,0,M,M,0,0,0,M,M,0,0,0,0,M,0
US1COLR1139,"FORT COLLINS 1.8 WSW","LARIMER",CO,5091,40.54,-105.1,0,0,M,M,M,M,0,M,0,0,0,0,M,M,M,0,0,0,0,0,0,0,0,0,M,0,0,0,0,M,M
US1COLR0925,"FORT COLLINS 1.9 E","LARIMER",CO,4937,40.55,-105.03,0,M,M,0,0,0,0,0.4,M,M,M,M,M,M,M,M,M,M,0,0,0,0,M,M,0.6,0,0,0,M,M,M
US1COLR1262,"FORT COLLINS 1.9 SW","LARIMER",CO,5078,40.57,-105.11,0,0,M,0,0,M,0,1.4,M,0,0,0,M,0.8,6.9,0,0,0,0,0,0,0,0,0,2,0,0,0,0,M,0
US1COLR1327,"FORT COLLINS 2.1 ESE","LARIMER",CO,4948,40.54,-105.03,0,0,0,0,0,0,0,M,M,0,0,0,M,M,M,0,0,0,0,M,0,0,0,0,M,0,0,M,0,M,M
US1COLR1182,"FORT COLLINS 2.2 WNW","LARIMER",CO,5071,40.56,-105.11,M,M,M,M,M,M,M,1.3,M,M,M,M,M,0.8,6.8,M,M,M,M,M,M,M,M,M,2.1,M,M,M,M,M,M
US1COLR1247,"FORT COLLINS 2.3 S","LARIMER",CO,5013,40.52,-105.07,0,0,0,0,0,0,0,1.1,0,0,0,0,M,1.3,5.4,0,0,0,0,0,0,0,0,0,1.7,0,0,0,0,M,0
US1COLR1319,"FORT COLLINS 2.4 ESE","LARIMER",CO,4920,40.54,-105.03,M,0,0,0,M,M,0,M,M,0,M,M,M,M,M,M,M,0,M,M,M,M,M,M,M,M,M,0,M,M,0
US1COLR1196,"FORT COLLINS 2.5 NW","LARIMER",CO,5057,40.58,-105.1,0,0,0,0,T,0,0,1.4,T,0,0,0,M,M,M,M,0,0,0,0,0,0,0,0,1.7,T,0,0,0,T,0
US1COLR1228,"FORT COLLINS 2.5 WSW","LARIMER",CO,5124,40.54,-105.11,0,M,M,0,T,M,M,1.5,T,M,M,M,M,1.4,7.6,0,0,M,0,0,0,0,0,0,3.3,0,0,0,0,M,0
US1COLR0636,"FORT COLLINS 2.8 NE","LARIMER",CO,5032,40.61,-105.04,0,0,0,0,0,0,0,0.6,0.2,0,0,0,0,0,3.4,0,0,0,0,0,0,0,0,0,1.3,0,0,0,0,0,0
US1COLR1316,"FORT COLLINS 2.8 NNW","LARIMER",CO,5002,40.59,-105.09,0,0,0,0,0,0,0,0.8,M,0,0,0,M,0.2,6,M,0,0,0,0,0,0,0,0,1.4,0,0,0,0,M,0
US1COLR1154,"FORT COLLINS 2.8 NW","LARIMER",CO,5044,40.59,-105.1,0,M,M,M,M,M,0,M,M,0,0,0,M,M,M,0,0,0,0,0,0,0,0,0,M,0,0,0,0,M,0
US1COLR1009,"FORT COLLINS 2.8 W","LARIMER",CO,5116,40.56,-105.12,0,0,M,0,0,0,0,0.7,M,0,0,0,M,M,M,M,M,M,0,0,0,0,0,0,3.1,0,0,0,0,M,M
US1COLR0075,"FORT COLLINS 2.8 WSW","LARIMER",CO,5140,40.55,-105.13,0,0,0,0,T,0,0,1.4,0.2,0,0,0,0,1.5,8.8,0,0,0,0,0,0,0,0,0,2.9,T,0,0,0,T,0
US1COLR0412,"FORT COLLINS 2.9 NW","LARIMER",CO,5111,40.6,-105.13,0,0,M,0,0,M,0,1,T,0,0,0,0,0.5,6.7,0,0,0,0,0,0,0,0,0,1.2,0,0,0,0,M,0
US1COLR1302,"FORT COLLINS 3.0 WNW","LARIMER",CO,5109,40.57,-105.12,0,0,0,0,0,0,0,1.2,T,0,0,0,0,0.8,8.3,0,M,0,0,0,0,0,0,0,2,0,0,0,0,0,0
US1COLR1304,"FORT COLLINS 3.1 S","LARIMER",CO,-9999,40.51,-105.06,0,0,0,0,0,0,0,0.9,0,0,0,0,M,1,M,M,M,M,0,0,0,0,0,0,1.5,0,0,0,0,M,0
US1COLR1118,"FORT COLLINS 3.1 SW","LARIMER",CO,5111,40.52,-105.1,0,0,0,0,0,0,0,M,M,0,0,0,M,M,M,0,0,0,0,M,M,0,0,0,M,0,0,0,0,M,M
US1COLR1000,"FORT COLLINS 3.3 SSW","LARIMER",CO,5040,40.52,-105.1,M,M,M,M,M,M,M,M,M,M,M,M,M,M,M,M,M,M,M,M,M,M,M,M,2.9,M,M,M,M,M,M
US1COLR0653,"FORT COLLINS 3.4 N","LARIMER",CO,4973,40.61,-105.06,0,0,0,0,T,0,M,M,M,M,0,0,0,T,4.5,0,0,0,M,M,0,0,0,0,0.3,0,0,0,0,0,0
US1COLR1246,"FORT COLLINS 3.4 SW","LARIMER",CO,5111,40.53,-105.12,0,0,M,0,M,0,0,M,M,0,0,0,M,M,M,M,M,0,0,0,0,0,0,0,4.5,0,0,0,0,M,0
US1COLR0610,"FORT COLLINS 3.5 SW","LARIMER",CO,5150,40.55,-105.13,M,M,M,M,M,M,M,M,M,M,M,M,M,0.5,7.5,M,M,0,M,0,M,M,M,M,M,M,0,M,M,M,M
US1COLR0885,"FORT COLLINS 3.7 S","LARIMER",CO,4951,40.5,-105.07,M,M,M,M,M,M,M,M,M,M,0,0,0,1.2,5.8,0,0,0,0,0,0,0,0,0,3.6,0,0,0,0,0,0
US1COLR1273,"FORT COLLINS 3.8 NW","LARIMER",CO,5067,40.59,-105.12,M,M,M,M,M,M,M,M,M,M,M,M,M,M,5,M,M,M,M,M,M,M,M,M,1.3,M,M,M,M,M,M
US1COLR1204,"FORT COLLINS 3.8 SW","LARIMER",CO,5208,40.52,-105.13,M,M,M,M,M,M,M,M,M,M,M,M,M,1.8,8.9,M,M,M,M,M,M,M,M,M,M,M,M,M,M,M,M
US1COLR0112,"FORT COLLINS 3.9 NNE","LARIMER",CO,5019,40.61,-105.04,0,0,0,0,0,0,0,M,M,0,0,0,M,M,M,0,0,0,0,0,M,M,M,M,M,M,M,M,M,M,0
US1COLR0758,"FORT COLLINS 4.2 S","LARIMER",CO,4901,40.5,-105.06,0,0,0,0,0,0,M,1.1,0.2,0,0,0,M,1.5,5.9,0,0,0,0,0,0,0,0,0,4.4,0,0,0,0,M,0
US1COLR0307,"FORT COLLINS 4.3 N","LARIMER",CO,5006,40.62,-105.05,0,0,0,0,0,0,0,0.4,0,0,0,0,0,0,3.3,0,0,0,0,0,0,0,0,0,0.2,0,0,0,0,0,0
US1COLR1298,"FORT COLLINS 4.7 NNE","LARIMER",CO,5054,40.62,-105.04,0,0,0,0,0,0,0,0.5,M,0,0,0,M,M,2.5,0,0,0,0,0,0,0,0,0,0.2,0,0,0,M,M,M
US1COLR1250,"FORT COLLINS 4.7 NW","LARIMER",CO,5117,40.6,-105.13,0,0,0,0,0,M,M,M,M,0,M,M,M,M,6.8,0,0,0,0,0,0,0,0,0,M,M,M,M,0,M,0
US1COLR1276,"FORT COLLINS 4.7 S","LARIMER",CO,4958,40.49,-105.06,0,0,0,0,0,0,0,0.5,T,0,0,0,0,1.5,5.5,0,0,0,0,0,0,0,0,0,2.7,0,0,0,0,0,0
US1COLR1020,"FORT COLLINS 4.9 N","LARIMER",CO,5072,40.63,-105.06,0,0,0,0,0,0,0,0.4,0,0,0,0,0,0,3.1,0,0,0,0,0,0,0,0,0,0.2,0,0,0,0,0,0
US1COLR0797,"FORT COLLINS 5.4 N","LARIMER",CO,5042,40.64,-105.08,0,0,T,0,0,0,0,0.5,0.3,0,0,0,M,T,3.5,M,0,0,0,0,0,0,0,0,0.5,0,0,0,0,M,0
US1COLR0623,"FORT COLLINS 5.4 WSW","LARIMER",CO,5658,40.52,-105.16,0,0,M,0,0,0,0,1.7,0.2,0,0,0,0,6.5,11,0,0,0,0,0,0,0,0,0,M,M,M,M,M,M,M
US1COLR1038,"FORT COLLINS 5.6 NW","LARIMER",CO,5111,40.61,-105.14,0,0,M,0,M,M,0,M,M,0,0,0,M,M,M,M,0,0,0,0,0,0,0,0,M,0,0,0,0,M,0
US1COLR1187,"FORT COLLINS 5.8 NW","LARIMER",CO,5110,40.62,-105.14,0,0,M,0,0,M,0,M,M,0,0,0,M,M,M,0,0,M,0,0,0,0,0,0,M,0,0,0,0,M,0
US1COLR1116,"FORT COLLINS 8.6 N","LARIMER",CO,5204,40.68,-105.05,0,0,0,0,M,M,0,M,M,0,0,0,M,M,0,0,0,0,0,0,0,0,0,0,M,0,M,0,0,M,0
US1COWE0528,"FORT COLLINS 8.7 ENE","WELD",CO,5181,40.59,-104.91,0,0,0,M,0,M,M,M,M,0,0,0,M,M,M,0,M,0,0,0,0,0,M,M,M,M,M,0,0,M,M
US1COCS0032,"FORT GARLAND 12.9 ENE","COSTILLA",CO,8992,37.51,-105.21,M,0,0,0,0,0,M,0.9,0.2,0,0,M,0,3.9,10,1,0.8,1.5,M,0,0,M,M,M,9.9,2.2,1.2,M,0,0,M
US1COCS0031,"FORT GARLAND 13.3 E","COSTILLA",CO,9539,37.45,-105.19,0,0,M,M,M,M,M,M,M,M,M,M,M,6.6,16,1,0.9,1.5,0,0,0,0,0,1,19.2,2.6,1.7,0,0,0,0
US1COCS0011,"FORT GARLAND 5.8 ESE","COSTILLA",CO,8354,37.39,-105.34,M,M,M,M,M,M,M,M,M,M,M,M,M,2,M,M,M,M,M,M,M,M,M,M,8,3,2,M,M,M,M
USC00053016,"FORT LEWIS","LAPLATA",CO,7612,37.23,-108.05,M,M,M,M,M,M,M,M,M,0,0,M,M,M,M,M,M,M,M,M,M,M,M,M,M,M,M,M,M,M,M
US1COWE0444,"FORT LUPTON 0.1 SW","WELD",CO,4916,40.08,-104.81,0,0,M,0,0,0,M,0.2,T,0,0,0,M,M,3,0,0,0,0,0,0,0,0,0,2,0,0,0,0,M,M
US1COWE0326,"FORT LUPTON 7.4 NW","WELD",CO,4913,40.17,-104.89,M,M,M,M,M,M,M,T,M,M,M,M,M,1,4.5,M,M,M,M,M,M,M,M,M,2,M,M,M,M,M,M
USC00053038,"FORT MORGAN","MORGAN",CO,4375,40.26,-103.87,0,0,0,0,0,0,0,0,0.2,0,0,0,0,0.4,0,0,0,0,0,0,0,0,0,0,2,0,0,0,0,0,0
US1COMR0112,"FORT MORGAN 2.1 SSW","MORGAN",CO,4345,40.24,-103.81,0,0,0,0,0,0,0,M,M,0,0,0,0,M,M,0,0,0,0,0,0,0,0,0,3,0,0,0,0,0,0
US1COEP0448,"FOUNTAIN 15.3 ESE","ELPASO",CO,5334,38.59,-104.43,0,0,M,0,0,0,0,M,T,0,0,0,M,1.7,3.2,0,0,0,0,M,0,0,0,0,0,0,0,0,0,0,0
US1COLA0077,"FOWLER 27.4 SSW","LASANIMAS",CO,5434,37.8,-104.3,0,0,0,0,0,0,0,1.2,M,0,0,0,0,1.2,M,M,M,0,0,0,0,0,0,0,9.5,M,M,0,0,0,0
US1COAR0288,"FOXFIELD 3.7 ESE","ARAPAHOE",CO,6110,39.57,-104.73,0,0,0.5,0,0,0,0,T,0.1,0,0,0,0,9.1,6.5,0,0,0,0,0,0,0,0,0,4,M,0,0,0,0,0
US1CODG0162,"FRANKTOWN 2.1 ENE","DOUGLAS",CO,6505,39.39,-104.71,0,0,0.6,0,0,0,0,0.2,T,0,0,0,0,11.8,9.5,0,0,0,0,0,0,0,0,0,3.3,T,0,0,0,0,0
US1CODG0030,"FRANKTOWN 3.5 NE","DOUGLAS",CO,6399,39.43,-104.7,0,0,0.5,0,0,0,0,0.2,M,0,0,0,0,12.7,6.7,0,0,0,0,0,0,0,0,0,5.2,0.4,M,0,0,0,0
USC00053116,"FRASER","GRAND",CO,8558,39.94,-105.82,0,0,10,2,1,0,0,0,0,0,0,0,T,7,M,0,0,0,0,0,0,0,0,0,0,T,0.1,0,0,M,M
US1COSU0004,"FRISCO 0.5 N","SUMMIT",CO,9076,39.58,-106.1,0,0,6,3.5,0.5,0.2,T,0.3,0,0,M,0.3,0.6,3,0.2,0,0,M,0,0,0,1.7,0,0.8,3,0,1.9,0,0.8,1.5,M
USC00053146,"FRUITA","MESA",CO,4497,39.14,-108.73,0,0,4.5,2.5,0,0,0,0,0,0,0,0,0,0,0,0,0,0,0,0,0,0,0,0,0,0,0,0,0,0,0
US1COME0140,"FRUITA 1.1 NNW","MESA",CO,4516,39.17,-108.74,0,0,M,M,0,0,0,0,M,0,0,0,M,M,M,M,M,M,M,M,M,M,M,M,M,M,M,0,M,M,M
US1COME0178,"FRUITA 1.5 SSE","MESA",CO,4505,39.14,-108.71,0,0,6.1,3.1,0,0,0,M,0,0,0,0,M,M,0,M,M,0,0,0,0,0,0,M,M,M,0,M,M,M,M
US1COHF0052,"GARDNER 6.0 NE","HUERFANO",CO,7590,37.84,-105.09,0,0,0,0,0,0,0,3.5,T,0,0,0,0,0.4,6.9,0,M,0,0,0,0,0,0,0,11.7,0,0,0,0,0,0
US1COHF0051,"GARDNER 7.1 NE","HUERFANO",CO,8210,37.86,-105.09,0,M,0,0,0,0,0,M,M,0,0,0,0,M,M,M,M,M,0,0,0,0,0,0,M,M,0,0,0,M,0
US1COHF0027,"GARDNER 7.9 SSW","HUERFANO",CO,8195,37.68,-105.23,M,M,M,M,M,M,M,M,M,M,M,M,M,M,23,M,M,M,M,M,M,M,M,M,M,M,M,M,M,M,M
USC00053246,"GATEWAY 1ENE","MESA",CO,4670,38.69,-108.96,0,0,0.6,0,0,0,0,T,0,0,0,0,0,0,0,0,0,0,0,0,0,0,0,0,0,T,T,0,0,0,0
US1COJF0011,"GENESEE 1 SW","JEFFERSON",CO,7308,39.69,-105.29,M,M,M,M,M,M,M,M,M,M,M,M,M,23.5,11,M,M,M,M,M,M,M,M,M,M,M,M,M,M,M,M
USC00053258,"GENOA","LINCOLN",CO,5591,39.28,-103.49,0,0,0,0,0,0,T,0,0,0,0,0,0,T,2,0,0,0,0,0,0,0,0,0,0.1,T,0,0,0,0,0
USC00053261,"GEORGETOWN","CLEARCREEK",CO,8518,39.71,-105.7,0,0,4.2,0.6,0,T,0,3.1,0.6,0,0,T,0.8,18,11,0,T,0,0,0,0,0.6,0,T,5.8,0,0,0,T,1.2,0
USC00053307,"GLADE PARK 17W","MESA",CO,6328,38.95,-109.05,0,0,7.6,0.8,T,0,0,T,0,0,0,0,T,T,T,T,0.9,0,0,0,0,0,0,4.4,2.4,T,T,0,0,0,0
US1COEP0061,"GLENEAGLE 0.4 WNW","ELPASO",CO,6917,39.05,-104.83,0,0,0,0,0,0,0,0.5,T,0,0,0,0,7,6,T,0,0,0,0,0,0,0,0,1.5,T,T,0,0,0,0
US1COEP0429,"GLENEAGLE 4.5 SE","ELPASO",CO,6867,38.99,-104.77,0,0,0,0,0,0,0,M,M,0,0,0,0,M,M,0,0,0,0,0,0,0,0,0,M,M,M,M,M,0,0
US1COLR0868,"GLEN HAVEN 1.2 N","LARIMER",CO,7101,40.47,-105.43,M,M,M,0.3,T,0.3,0,1.8,0.1,0,0,0,T,18.3,18.6,0,0,0,0,0,0,0,0,0,4.7,M,0,0,M,2.8,M
US1COGF0089,"GLENWOOD SPRINGS 0.8 S","GARFIELD",CO,5796,39.53,-107.33,0,0,M,M,0,M,M,0,M,0,0,0,M,M,0,0,M,0,0,0,M,0,0,0,M,0,M,0,M,M,0
US1COGF0040,"GLENWOOD SPRINGS 1.7 NW","GARFIELD",CO,6048,39.57,-107.35,0,0,4.3,6.4,0.1,0.1,0.8,T,0.4,0,0,0,0,1.4,T,T,0,0,0,0,0,M,0,M,0.4,T,1.5,T,0,T,0
US1COGF0046,"GLENWOOD SPRINGS 2.1 NW","GARFIELD",CO,6068,39.57,-107.36,0,0,0,0,0,0,0,0,0,0,0,0,0,0,0,0,0,0,0,0,0,0,0,0,0,0,0,0,0,0,0
US1COGF0060,"GLENWOOD SPRINGS 2.7 SSE","GARFIELD",CO,5945,39.51,-107.32,0,0,4,4,0.1,0.2,0.7,0,1,0,0,0,M,1.6,0,0,0,0,0,0,0,M,0,M,0.5,0.1,1.3,0,M,M,M
US1COGF0033,"GLENWOOD SPRINGS 5.3 SSE","GARFIELD",CO,5940,39.48,-107.29,0,0,2.4,2,0.5,0,0,0.2,0,0,0,0,0,1.2,0,0,0,0,0,0,0,M,0,0,M,0,0.5,M,M,M,0
US1COGF0088,"GLENWOOD SPRINGS 5.9 S","GARFIELD",CO,6477,39.46,-107.32,0,0,0.7,2.8,0.1,0.2,0.3,T,0.3,M,0,0,0,0.5,T,0,0,0,0,0,0,0,0,0,0.5,T,0.8,0,0.2,T,0
US1COGF0001,"GLENWOOD SPRINGS .64 S","GARFIELD",CO,5823,39.54,-107.33,0,0,3.5,4.4,M,M,0.4,0,M,0,0,M,M,1.1,M,M,0,0,0,0,0,M,0,0,T,T,2,0,0,0,0
US1COGF0073,"GLENWOOD SPRINGS 7.2 S","GARFIELD",CO,6912,39.44,-107.31,0,0,5.7,M,0.2,0.6,0.5,T,M,0,0,0,T,0.9,T,M,0,0,0,0,0,0,0,0,1.9,T,1.4,0,1.1,0,M
US1COJF0425,"GOLDEN 11.8 NW","JEFFERSON",CO,7769,39.9,-105.35,0,M,M,M,M,M,M,M,M,M,M,M,M,M,M,M,M,M,M,M,M,M,M,M,M,M,M,M,M,M,M
US1COJF0331,"GOLDEN 12.5 NW","JEFFERSON",CO,9190,39.88,-105.39,0,0,1.8,1.2,T,T,0.3,2.3,0.5,0,0,0,0.5,28.5,21.7,T,0.1,T,0,0,0,T,0,0,6.2,0.1,T,T,0,2.7,0
US1COJF0563,"GOLDEN 1.2 E","JEFFERSON",CO,5859,39.74,-105.19,M,M,M,M,M,0,M,M,M,M,0,M,M,M,M,M,M,M,M,M,0,0,0,0,6,0,0,M,0,M,0
US1COJF0020,"GOLDEN 1.2 NW","JEFFERSON",CO,5956,39.77,-105.24,M,M,M,M,M,M,M,M,M,M,M,M,M,14.6,13,M,M,M,M,M,M,M,M,M,7.1,M,M,M,M,M,M
US1COJF0497,"GOLDEN 1.6 SW","JEFFERSON",CO,7288,39.72,-105.24,0,0,1,0,0,0,0.4,2.4,1.5,0,0,0,T,23.7,16,0,0,0,0,M,0,0,0,M,9.7,T,0,0,0,T,0
US1COJF0514,"GOLDEN 3.9 E","JEFFERSON",CO,5593,39.75,-105.14,0,0,M,0,0,0,0,M,M,0,0,0,M,M,M,0,0,0,0,0,0,0,0,0,M,M,0,0,0,M,0
US1COJF0063,"GOLDEN 4.8 NW","JEFFERSON",CO,7521,39.79,-105.28,0,0,0.1,0,0,0,0.6,1.6,1.3,0,0,0,0.3,21,14,T,T,0,0,0,0,0,0,0,7,T,0,0,0,0.3,0
US1COJF0465,"GOLDEN 4.9 SW","JEFFERSON",CO,7525,39.69,-105.28,M,M,M,M,M,M,M,M,M,0,0,0,M,M,M,0,M,0,0,0,0,0,0,M,M,M,M,M,M,M,M
US1COJF0564,"GOLDEN 6.5 NW","JEFFERSON",CO,7567,39.81,-105.3,0,0,M,M,0,0,M,M,M,0,0,0,M,M,M,M,0,0,0,0,0,0,0,0,5.5,0,0,0,0,0.6,0
US1COJF0267,"GOLDEN 9.4 WNW","JEFFERSON",CO,8728,39.77,-105.39,0,0,1.1,0.9,M,0,0.5,1.9,0.9,0,0,0,0.6,20,12.5,0,0.2,M,0,0,0,T,0,0,6.2,M,0,0,0,1,0
USC00053446,"GOULD 4SE S.F.S.P","JACKSON",CO,9036,40.51,-106.01,0,0,M,7,M,3,1,1,0,0,0,0.5,1,8,2,0,0,0,0,0,0,0,0,0,3.5,0,M,M,M,M,M
US1COGR0073,"GRANBY 7.7 N","GRAND",CO,8560,40.2,-105.93,0,0,6,5,0.6,T,0,0.1,0,0,0,0.5,1,6,0.1,0,0,0,0,0,0,0,0,0.7,1.2,T,0.4,0,1.5,2.7,0.5
US1COME0146,"GRAND JUNCTION 0.9 W","MESA",CO,4621,39.09,-108.57,0,0,4.4,2.5,0,0,0,0,0,0,0,0,M,0,M,M,M,0,0,0,0,0,0,M,M,0,0,0,0,M,0
US1COME0154,"GRAND JUNCTION 1.3 SSW","MESA",CO,4604,39.07,-108.56,0,0,4.6,1.9,T,0,0,0,0,0,0,0,M,M,T,M,M,0,0,0,0,0,0,0,M,0,T,0,M,M,0
US1COME0160,"GRAND JUNCTION 1.3 W","MESA",CO,4627,39.09,-108.58,0,0,4.1,M,M,0,0,0,M,M,M,M,M,M,M,M,M,0,0,0,0,0,0,M,M,M,M,0,M,M,0
US1COME0183,"GRAND JUNCTION 1.4 W","MESA",CO,4588,39.09,-108.58,M,M,M,M,M,M,0,M,M,M,0,M,M,M,M,M,M,M,M,M,M,M,M,M,M,M,M,0,M,M,M
US1COME0148,"GRAND JUNCTION 3.0 ESE","MESA",CO,4622,39.07,-108.5,0,0,3.5,2,0,0,0,0,M,0,0,0,M,M,0,0,M,0,0,0,0,0,0,0,M,0,M,0,M,M,0
US1COME0137,"GRAND JUNCTION 3.6 W","MESA",CO,4652,39.08,-108.62,0,0,4.5,1.5,T,0,0,0,0,0,0,0,0,0,0,0,0,0,0,0,0,0,0,0,0,0,T,0,0,0,0
US1COME0185,"GRAND JUNCTION 3.7 SSE","MESA",CO,4686,39.04,-108.52,0,0,5,1.6,0,0,0,0,0,0,0,0,M,M,0,0,M,0,0,0,0,0,0,0,M,0,M,0,M,0,0
US1COME0079,"GRAND JUNCTION 3.9 WSW","MESA",CO,4666,39.08,-108.62,0,0,4,1.5,0,0,0,M,0,0,0,0,M,M,0,M,M,0,0,0,0,0,M,0,M,0,M,0,M,M,0
US1COME0069,"GRAND JUNCTION 4.0 W","MESA",CO,4629,39.09,-108.63,0,0,4.5,1.8,0.1,0,0,0,0,0,0,0,0,0,T,0,0,0,0,0,0,0,0,0,0,0,0.2,0,0,0,0
US1COME0118,"GRAND JUNCTION 4.1 ENE","MESA",CO,4768,39.1,-108.48,0,0,2.3,2.3,T,0,0,0,0,0,0,0,0,T,0,T,0,0,0,0,0,0,0,0,0,0,0,0,0,0,0
US1COME0163,"GRAND JUNCTION 4.4 E","MESA",CO,4732,39.09,-108.47,0,0,2.8,2.6,T,0,0,0,0,0,0,0,0,0,T,0,0,0,0,0,0,0,0,0,0,T,T,0,0,0,0
US1COME0064,"GRAND JUNCTION 5.5 SW","MESA",CO,4950,39.04,-108.63,0,0,M,M,0,0,0,0,M,0,0,0,M,M,M,M,M,0,0,0,0,0,0,0,M,0,M,0,M,M,0
USC00053489,"GRAND JUNCTION 6ESE","MESA",CO,4759,39.04,-108.47,0,0,M,0.9,0,0,0,0,0,0,0,0,0,0,0,0,0,0,0,0,0,0,0,0,0,T,0,0,0,0,0
US1COME0180,"GRAND JUNCTION 7.2 W","MESA",CO,4812,39.09,-108.69,M,M,M,M,M,M,M,M,M,0,0,M,M,M,M,M,M,0,M,M,M,M,M,M,M,M,M,M,M,M,0
US1COME0143,"GRAND JUNCTION 8.0 W","MESA",CO,4768,39.1,-108.7,0,0,5,1.7,0,0,0,0,0,0,M,M,M,M,M,M,M,M,M,M,M,M,M,M,0,0,0,0,0,0,0
USW00023066,"GRAND JUNCTION WALKER FIELD","MESA",CO,4823,39.13,-108.54,0,T,4.4,2,0,T,0,0,0,0,0,M,T,T,0,0,0,0,0,0,0,0,0,0,0,T,0,0,0,0,0
USC00053486,"GRAND JUNCTION WFO","MESA",CO,4825,39.12,-108.52,0,T,4.4,2,0,T,0,0,0,0,0,0,T,T,0,0,0,0,0,0,0,0,0,0,T,T,0,0,0,0,0
USC00053496,"GRAND LAKE 1 NW","GRAND",CO,8718,40.27,-105.83,M,M,M,M,M,M,M,M,0,0,0,M,M,M,0,M,M,0,0,M,0,M,0,M,M,M,M,M,M,M,0
US1COGR0078,"GRAND LAKE 3.7 SW","GRAND",CO,8516,40.21,-105.86,M,M,M,M,M,M,M,M,M,M,M,M,M,5.1,M,M,M,M,M,M,M,M,M,M,M,M,M,M,M,M,M
USC00053530,"GRANT","PARK",CO,8700,39.46,-105.68,0,0,1,0,0,0,0.1,0.7,0.6,0,0,0,M,16,6,0,0.1,0,0,0,0,0,0,0,4,0,0,0,0,M,0
US1COAM0029,"GREAT SAND DUNES 7.0 SSW","ALAMOSA",CO,7979,37.65,-105.57,0,0,M,0,0,0,0,M,0,0,0,0,0,M,M,M,M,0,0,0,0,0,0,M,M,M,M,0,0,0,0
US1COAM0032,"GREAT SAND DUNES 7.6 SSW","ALAMOSA",CO,8939,37.63,-105.55,0,0,0,0,0,0,0,M,M,0,0,0,M,4,M,0,0,0,0,0.3,0,0,0,0,0,0,0,0,0,0,0
USC00053541,"GREAT SAND DUNES NATIONAL PARK AN","ALAMOSA",CO,8181,37.73,-105.51,0,0,0,0,0,0,0,T,T,0,0,0,T,8,6.5,T,T,0,0,0,0,0,0,T,9,T,T,0,0,0,0
US1COWE0563,"GREELEY 0.5 NNW","WELD",CO,4749,40.43,-104.75,0,0,0,0,0,0,0,0.5,T,0,0,0,0,T,1.6,0,0,0,0,0,0,0,0,0,1.9,0,0,0,0,0,0
US1COWE0536,"GREELEY 0.8 NW","WELD",CO,4759,40.43,-104.75,0,0,0,0,0,0,0,0.3,0.3,0,0,0,M,M,2.5,T,0,0,0,0,0,0,0,0,1.3,0,0,0,0,M,0
US1COWE0043,"GREELEY 10.5 SSE","WELD",CO,4717,40.29,-104.64,0,0,0,0,0,0,0,0.3,M,0,0,0,M,M,1.2,T,0,0,0,0,0,0,0,0,1.4,M,0,0,0,M,0
US1COWE0066,"GREELEY 1.1 ENE","WELD",CO,4694,40.43,-104.73,0,0,0,M,0,0,0,0.7,0.2,0,0,0,M,M,1.7,0,0,0,0,0,0,0,0,0,1.5,0,0,0,0,M,0
US1COWE0589,"GREELEY 1.3 E","WELD",CO,4730,40.42,-104.72,0,M,M,0,M,0,M,0.5,M,M,0,M,M,M,1.5,0,0,0,M,M,0,M,0,0,1.5,M,0,M,0,M,M
US1COWE0424,"GREELEY 1.7 ESE","WELD",CO,4768,40.41,-104.71,0,0,0,0,0,0,0,M,M,0,0,0,0,M,M,0,0,0,0,0,0,M,0,0,M,0,0,0,0,M,M
US1COWE0137,"GREELEY 1.8 N","WELD",CO,4671,40.43,-104.7,0,0,M,M,M,0,M,1,0,0,0,0,M,M,M,M,M,M,M,M,M,M,0,0,2.5,0,M,M,M,0,0
US1COWE0161,"GREELEY 1 SW","WELD",CO,4809,40.39,-104.72,M,M,M,M,M,M,M,M,M,M,M,M,0,0,1.6,M,M,M,M,M,M,M,M,M,1.4,M,M,M,M,M,M
US1COWE0430,"GREELEY 2.0 E","WELD",CO,4682,40.42,-104.71,0,0,0,0,0,0,0,M,M,0,0,0,M,M,M,0,0,0,0,0,0,0,0,0,M,M,0,0,0,M,M
US1COWE0428,"GREELEY 2.4 WSW","WELD",CO,4877,40.4,-104.78,0,0,0,0,0,0,0,0.5,0,0,0,0,M,M,2.5,0,0,0,0,0,0,0,0,0,0.6,0,0,M,0,M,0
US1COWE0171,"GREELEY 2.6 W","WELD",CO,4845,40.4,-104.75,0,0,0,0,0,0,0,0.4,0.6,0,0,0,0,M,M,0,0,0,0,0,0,0,0,0,1.2,0,0,0,0,0,0
US1COWE0533,"GREELEY 3.5 N","WELD",CO,4721,40.47,-104.73,0,0,0,0,0,M,0,M,1,M,0,0,M,M,M,M,M,0,0,0,0,0,M,0,1.3,M,M,0,M,M,M
US1COWE0318,"GREELEY 4.6 WNW","WELD",CO,4750,40.44,-104.81,0,0,0,0,0,0,0,0.5,0,0,0,0,0,0,2,0,0,0,0,0,0,0,0,0,0.1,0,0,0,0,0,0
US1COWE0433,"GREELEY 4.7 SSW","WELD",CO,4697,40.35,-104.76,M,M,M,M,M,M,M,M,M,M,M,M,M,M,1.7,M,M,M,M,M,M,M,M,M,1,M,M,M,M,M,M
US1COWE0163,"GREELEY 5.2 SW","WELD",CO,4753,40.36,-104.78,0,0,T,0.1,0,0,0,0.4,M,0,0,0,M,0.2,2,0,0,0,0,0,0,0,0,0,1,0,0,0,0,M,0
USC00053553,"GREELEY UNC","WELD",CO,4764,40.4,-104.7,0,0,0,0,0,0,0,1,0,0,0,0,0,1,0,0,0,0,0,0,0,0,0,0,1.4,0,0,0,0,0,0
US1COAR0414,"GREENWOOD VILLAGE 2.1 NE","ARAPAHOE",CO,5643,39.64,-104.88,0,0,M,0,0,0,0,M,0,M,0,0,M,10,7,M,0,0,0,0,0,M,0,0,3.5,0,M,M,M,0,0
USC00053629,"GROSS RESERVOIR","BOULDER",CO,6883,39.94,-105.35,0,0,0.5,0.5,0,0,T,1.5,0.5,0,0,0,0,19,13,0,0,0,0,0,0,0,0,0,3,0,0,0,0,T,0
US1COPK0108,"GUFFEY 2.5 W","PARK",CO,8898,38.75,-105.58,0,0,1.5,0,0,0,0,8.5,M,M,M,M,M,M,M,M,M,M,M,M,M,M,M,M,4,0,0,0,0,0,M
US1COPK0113,"GUFFEY 2.7 E","PARK",CO,9130,38.75,-105.48,M,M,M,M,M,M,M,5.2,M,M,M,M,M,25.5,11,M,M,M,M,M,M,M,M,M,M,M,M,M,M,M,M
US1COPK0067,"GUFFEY 5.5 W","PARK",CO,9502,38.75,-105.62,0,0,2.9,0,0,0,0,7.9,1.3,0,0,0,0.2,14.1,10.2,0,1.3,0,0,0,0,0,0,0,4.2,0,0.8,0,0,0,0
USC00053652,"GUFFEY 9SE","FREMONT",CO,8913,38.69,-105.39,0,0,2.3,0,0,0,T,8.8,T,0,0,0,0.1,27,6.6,0,1.1,0,0,0,0,0,0,0,4,0,0,0,0,0,0
US1COGN0068,"GUNNISON 0.2 NW","GUNNISON",CO,7760,38.55,-106.93,M,M,3,2.6,M,0.1,M,0.6,0.4,M,M,M,0.5,2.1,0.3,T,M,M,M,M,M,M,M,T,0.2,0,0.3,0,T,T,0
US1COGN0041,"GUNNISON 0.8 NNW","GUNNISON",CO,7692,38.54,-106.92,0,0,M,M,0,M,0,M,M,0,0,0,M,M,M,M,0,0,0,0,0,0,0,M,M,M,M,M,M,M,0
USC00053662,"GUNNISON 3SW","GUNNISON",CO,7620,38.53,-106.97,0,M,4.6,0.1,0,0.1,T,0.3,M,M,M,M,M,1.1,1.3,0,0,0,0,0,0,0,0,M,0.3,0,T,T,0,0,0
US1COGN0040,"GUNNISON 6.6 N","GUNNISON",CO,7939,38.64,-106.94,0,0,1.7,3,0,T,0.2,T,T,0,0,0,1.2,0.8,1.4,T,0.2,0,0,0,0,T,0,1,1.5,0,0.2,T,T,0.2,0
US1COEG0069,"GYPSUM 1.0 SW","EAGLE",CO,6572,39.63,-106.96,0,0,3.2,6,0.3,M,0.5,6,M,0,0,0,M,0.8,0,0,0,0,0,0,0,M,0,0,3.5,5,T,0,M,M,M
US1COEG0047,"GYPSUM 2.5 ESE","EAGLE",CO,6650,39.63,-106.9,M,M,M,M,M,M,M,M,M,M,M,M,M,M,M,M,M,M,0,0,M,M,M,M,M,M,M,M,T,M,0
US1COEG0064,"GYPSUM 3.2 SE","EAGLE",CO,6703,39.63,-106.9,0,0,M,M,M,0.1,0.5,T,T,0,0,0,T,1.1,0,0,0,0,0,0,0,0,M,M,5.5,0.1,0.1,0,M,M,M
US1COPK0090,"HARTSEL 12.0 S","PARK",CO,9351,38.85,-105.78,0,0,M,M,M,M,0,M,M,0,0,0,M,M,M,M,M,0,0,0,0,0,0,0,0,0,0,0,0,0,M
US1COPH0037,"HAXTUN 0.2 N","PHILLIPS",CO,4034,40.65,-102.63,0,0,0,0,0,0,M,8,0,0,0,0,0,M,M,0,0,0,0,0,0,0,0,0,1.2,M,0,0,0,M,0
USC00053867,"HAYDEN","ROUTT",CO,6465,40.49,-107.25,0,0,6,7,T,0,0,T,0,0,0,0,2,2.5,0,0,0,0,0,0,0,0,0,1,2,1,1,0,2,T,0
US1COSU0058,"HEENEY 0.5 NW","SUMMIT",CO,7992,39.87,-106.31,M,M,M,M,1.5,0.8,M,0.5,0,0,0,1.5,0.5,2,0,M,0,0,0,0,0,M,0,M,9,0,0.5,0,2,0.5,M
USC00053959,"HEREFORD","WELD",CO,5299,40.97,-104.3,0,0,0,0,0,0,0,1,T,0,0,0,0,0,4.5,0,0,0,0,0,0,0,0,0,T,0,1,0,0,0,0
USC00053951,"HERMIT 8 SE","MINERAL",CO,8947,37.75,-107.1,0,0,0,0,0,0,0,0,T,0,0,0,T,3.1,10.8,5.2,0,0,0,0,0,0,0,1.4,0,0,0,0,0,0,0
US1COLP0026,"HESPERUS 13.3 SSW","LAPLATA",CO,6684,37.11,-108.14,0,0,0,T,0,0,0,0.2,0,0,0,0,0.2,0,0.7,1.6,1.2,0,0,M,0,0,0,M,0.5,0.1,1,0,0,0,0
US1COLP0072,"HESPERUS 4.9 SE","LAPLATA",CO,7200,37.23,-107.97,0,0,T,T,0,0,0,T,0.1,T,0,0,0.6,0.6,5.4,3.2,3.6,M,0,M,0,0,0,1.2,1.1,0,T,0,0,0,M
US1COLP0078,"HESPERUS 6.9 S","LAPLATA",CO,7274,37.18,-108.04,0,0,0,0,0,0,0,0,0,0,0,0,M,M,M,M,M,M,M,M,M,M,M,M,M,M,M,M,M,M,0
US1COLP0083,"HESPERUS 9.8 SW","LAPLATA",CO,7033,37.18,-108.15,M,M,M,M,M,M,M,M,M,M,M,M,1,M,2.7,2,2.7,M,M,M,M,M,M,M,2.5,M,M,M,M,M,M
US1CODG0176,"HIGHLANDS RANCH 0.6 SSE","DOUGLAS",CO,5774,39.55,-104.97,0,0,T,0,0,0,0,M,M,0,0,0,0,M,M,0,0,M,M,M,M,M,M,0,M,T,0,0,0,0,0
US1CODG0207,"HIGHLANDS RANCH 0.7 ESE","DOUGLAS",CO,5782,39.55,-104.96,0,0,0,0,0,0,0,0.2,M,0,0,0,0,12,4,0,0,0,0,0,0,0,0,0,4,M,0,0,0,0,0
US1CODG0331,"HIGHLANDS RANCH 2.7 SE","DOUGLAS",CO,5915,39.53,-104.93,0,0,0.1,0,0,0,0,0.5,0,0,0,0,0,15.2,8,0,0,0,0,0,0,0,0,0,3.8,0,0,0,0,0,0
US1CODG0250,"HIGHLANDS RANCH 3.0 WSW","DOUGLAS",CO,5689,39.53,-105.02,0,0,T,0,0,0,0,0.4,0.3,0,0,0,0,14.3,9.9,0,0,0,0,0,0,0,0,0,6,0,0,0,0,0,0
US1CODG0074,"HIGHLANDS RANCH 3.2 ESE","DOUGLAS",CO,5923,39.54,-104.91,0,0,0.2,0,0,0,0,0.2,0.4,0,0,0,0,15.6,6.9,0,0,0,0,0,0,0,0,0,2.8,T,0,0,0,M,M
US1COMR0081,"HILLROSE 2.5 SSW","MORGAN",CO,4215,40.29,-103.55,0,M,0,0,0,0,0,0.5,0.2,0,0,0,M,M,M,0,0,0,0,0,0,0,0,M,1,M,0,0,0,M,M
USC00054076,"HOLLY","PROWERS",CO,3400,38.05,-102.13,0,0,0,0,0,0,0,0,0,0,0,0,0,0,0,0,0,0,0,0,0,0,0,0,1,2.2,0,0,0,0,0
USC00054082,"HOLYOKE","PHILLIPS",CO,3779,40.55,-102.34,0,0,0,0,0,0,0.3,5.3,0,0,0,0,0,0,T,0,0,0,0,0,0,0,0,0,0.2,T,0,0,0,0,0
US1COPH0045,"HOLYOKE 0.3 WSW","PHILLIPS",CO,3745,40.58,-102.31,0,0,0,0,0,0,0,4.9,0,0,0,0,0,0,T,0,0,0,0,0,0,0,0,0,T,0.3,0,0,0,0,0
US1COPH0053,"HOLYOKE 0.6 E","PHILLIPS",CO,3733,40.58,-102.29,0,0,0,0,0,0,0,5.5,T,0,0,0,0,M,M,0,0,0,0,0,0,0,0,0,0.2,T,0,0,0,M,0
US1COPH0014,"HOLYOKE .59 SW","PHILLIPS",CO,3746,40.58,-102.31,M,M,M,M,M,M,T,4.5,T,0,0,0,0,M,M,0,0,0,0,0,0,0,M,M,M,M,M,M,M,M,0
US1COLR1070,"HORSETOOTH MOUNTAIN 1.8 SE","LARIMER",CO,5643,40.52,-105.17,M,M,M,M,M,M,M,1.6,M,M,M,M,M,3.6,8,M,M,M,M,M,M,M,M,M,6,M,M,M,M,M,M
US1COLR0683,"HORSETOOTH MOUNTAIN 3.2 NNW","LARIMER",CO,6898,40.58,-105.22,M,M,M,M,M,M,M,2,M,M,M,M,M,11,16,M,M,M,M,M,M,M,M,M,7,M,M,M,M,M,M
US1CODL0066,"HOTCHKISS 2.0 N","DELTA",CO,5841,38.83,-107.71,M,M,M,M,M,M,M,M,M,0,0,0,M,T,M,M,0,0,0,0,0,0,0,0,M,M,T,M,M,M,M
US1CODL0016,"HOTCHKISS 4.7 W","DELTA",CO,5766,38.82,-107.8,0,M,3.8,0.3,1,0,0,0,T,0,0,M,0,T,M,0,0,0,0,0,M,0,0,M,0,0,T,0,0,0,0
US1CODL0065,"HOTCHKISS 4.7 WNW","DELTA",CO,5769,38.82,-107.8,0,0,M,M,M,0,M,0,M,0,0,0,M,M,M,0,0,0,0,0,0,0,0,0,M,0,M,0,M,M,0
US1CODL0049,"HOTCHKISS 4.9 W","DELTA",CO,5688,38.81,-107.81,0,0,3,0.6,1.5,0,0,0,T,0,0,0,0,0.2,0.3,0,0,0,0,0,0,0,0,0,M,T,0.2,0,M,M,0
US1CODL0022,"HOTCHKISS 5.1 WNW","DELTA",CO,6309,38.84,-107.8,M,M,2,M,M,M,M,M,M,M,M,M,M,M,M,M,M,M,M,M,M,M,M,M,M,M,M,M,M,M,M
US1CODL0043,"HOTCHKISS 5.4 NE","DELTA",CO,5935,38.86,-107.65,M,M,3.8,3.5,M,M,M,M,0.3,M,M,M,M,M,M,M,M,M,M,M,M,M,M,M,M,M,M,M,M,M,M
US1CODL0026,"HOTCHKISS 7.1 WNW","DELTA",CO,6598,38.86,-107.83,0,0,2.9,1.3,0.2,0,T,0.1,0.3,0,0,0,T,0.1,0.4,0,0,0,0,0,0,0,0,0,T,0.1,0.5,T,0,0,0
US1CODL0074,"HOTCHKISS 9.2 WNW","DELTA",CO,6201,38.85,-107.88,0,0,2.5,1.3,0.2,0,0,T,0.3,0,0,0,T,T,0.5,T,0,0,0,0,0,0,0,0,T,T,0.2,T,M,M,0
US1COLN0057,"HUGO 0.3 SSW","LINCOLN",CO,5039,39.13,-103.47,0,0,0,0,0,0,M,M,M,0,0,0,0,0,M,0,0,0,0,0,0,0,0,0,T,M,0,0,0,0,0
US1COLN0056,"HUGO 10.3 WSW","LINCOLN",CO,5400,39.06,-103.63,0,0,0,0,0,0,0,0,0,0,0,0,0,0,1,0,0,0,0,0,0,0,0,0,M,0,0,0,0,0,0
US1COCC0007,"IDAHO SPRINGS 4.7 SSE","CLEARCREEK",CO,9797,39.68,-105.47,M,M,2.1,0.6,M,M,2.7,4.4,1.4,M,M,M,1.8,32.8,19.1,M,0.6,T,M,M,M,M,M,M,7.7,M,M,M,M,1.2,M
US1COYU0127,"IDALIA 0.5 NE","YUMA",CO,3970,39.7,-102.29,M,M,M,0,0,0,M,M,M,M,M,M,M,M,M,M,M,M,M,0,M,M,M,M,M,M,M,M,M,M,M
US1COLP0067,"IGNACIO 2.9 N","LAPLATA",CO,6676,37.16,-107.63,0,0,M,M,0,0,0,M,M,0,0,0,M,M,M,M,M,0,0,0,0,0,0,M,M,M,M,0,0,0,0
US1COLP0048,"IGNACIO 6.9 NW","LAPLATA",CO,6735,37.19,-107.72,0,0,0,T,0,0,0,T,0.4,0,0,0,0.2,T,1.6,0.5,3.5,T,0,0,0,0,0,0.1,T,0,M,0,0,0,0
USC00054254,"IGNACIO 6ESE","LAPLATA",CO,6546,37.09,-107.53,0,0,T,T,0,0,0,0.3,0.2,0,0,0,0.1,T,0.2,T,1.3,T,0,0,0,0,0,0,T,0,T,0,0,0,0
US1COLG0056,"ILIFF 0.1 NNW","LOGAN",CO,3840,40.76,-103.07,M,M,M,M,M,M,M,8,M,M,M,M,M,M,M,M,M,M,M,M,M,M,M,M,M,M,M,M,M,M,M
US1COLG0067,"ILIFF 8.9 NE","LOGAN",CO,3936,40.86,-102.96,0,0,0,0,0,M,M,M,M,0,0,0,M,0,0,0,0,0,0,0,0,0,0,0,M,0,M,0,0,0,0
US1COEP0058,"IVYWILD 0.6 E","ELPASO",CO,6058,38.8,-104.84,0,0,0,0,0,0,0,0.8,0,0,0,0,0,5.2,9,1.5,0,0,0,0,0,0,0,0,0,0,0,0,0,0,0
US1COBO0343,"JAMESTOWN 2.5 SSE","BOULDER",CO,7043,40.08,-105.37,0,0,0.1,T,0,0,0,0.5,1.4,0,0,0,0,M,M,0,M,0,0,0,0,0,M,M,9.4,T,T,0,0,M,0
USC00054388,"JOHN MARTIN DAM","BENT",CO,3810,38.06,-102.93,0,0,0,0,0,0,0,0,0,0,0,0,0,0,0,0,0,0,0,0,0,0,0,0,0.5,0.5,0,0,0,0,0
US1COWE0495,"JOHNSTOWN 1.9 W","WELD",CO,4955,40.34,-104.95,0,0,0,M,0,0,0,M,M,0,0,0,M,M,M,0,0,0,0,0,0,0,0,0,M,M,0,0,0,M,0
USC00054413,"JULESBURG","SEDGWICK",CO,3476,40.99,-102.27,0,0,0,0,0,0,0,9,0,0,0,0,0,0,0,0,0,0,0,0,0,0,0,0,0.5,0,0,0,0,0,0
US1COSG0004,"JULESBURG 0.1 WNW","SEDGWICK",CO,3483,40.99,-102.27,0,0,0,0,0,0,M,M,0,0,0,0,0,0,0,0,0,0,0,0,0,0,0,0,0,0,0,0,0,0,0
USC00054444,"KARVAL","LINCOLN",CO,5110,38.73,-103.54,0,0,0,0,0,0,0,0,0,0,0,0,0,0,T,0,0,0,0,0,0,0,0,0,0,0,0,0,0,0,0
US1COLN0018,"KARVAL 9.8 WSW","LINCOLN",CO,4920,38.68,-103.7,0,0,0,0,0,0,0,0,0,T,0,0,0,M,T,M,0,0,0,0,0,0,0,0,M,0,0,0,0,0,0
USC00054452,"KASSLER","JEFFERSON",CO,5497,39.49,-105.1,0,0,0,0,0,0,0,0.2,0,0,0,0,0,5.5,7.5,0,0,0,0,0,0,0,0,0,3.9,0.4,0,0,0,0,0
US1COJF0338,"KEN CARYL 0.6 WSW","JEFFERSON",CO,5785,39.57,-105.12,0,0,T,0,0,0,0,T,M,0,0,0,M,10,9.5,0,0,0,0,0,0,0,0,0,8.5,M,0,0,0,0,0
US1COJF0486,"KEN CARYL 3.2 W","JEFFERSON",CO,6187,39.58,-105.17,M,M,M,M,M,M,M,M,M,M,M,M,M,14,12.3,0,0,0,0,0,0,0,0,0,9.5,M,0,0,0,0,0
US1COJF0518,"KEN CARYL 3.5 N","JEFFERSON",CO,5710,39.63,-105.12,0,0,T,T,0,0,0,0.1,1,0,0,0,0,7.4,8.3,0,0,0,0,0,0,0,0,0,7,T,0,0,0,M,0
US1COWE0447,"KERSEY 1.3 WSW","WELD",CO,4642,40.38,-104.58,0,0,0,M,0,0,0,M,M,0,0,0,0,M,M,M,0,0,M,0,0,0,0,0,M,0,0,0,0,M,0
US1COWE0340,"KERSEY 4.5 E","WELD",CO,4557,40.39,-104.47,M,M,M,0,0,0,0,1.3,M,0,0,0,0,0,M,0,0,0,0,0,0,0,0,0,1.5,0,0,0,0,0,0
US1COLA0066,"KIM 0.2 W","LASANIMAS",CO,5705,37.25,-103.36,M,M,M,M,M,M,M,M,M,M,M,M,M,0,M,0,M,M,M,M,M,M,M,M,1,M,M,M,M,M,M
USC00054546,"KIM 10SSE","LASANIMAS",CO,5256,37.12,-103.3,0,0,0,0,0,0,0,0,0,0,0,0,0,0,0,0,0,0,0,0,0,0,0,0,2,T,0,0,0,0,0
USC00054538,"KIM 15 NNE","LASANIMAS",CO,5189,37.45,-103.32,0,0,0,0,0,0,0,0,0,0,0,0,0,0,0,0,0,0,0,0,0,0,0,0,0,1.7,0,0,0,0,0
US1COEL0046,"KIOWA 12.7 ENE","ELBERT",CO,6130,39.41,-104.24,0,0,0.6,0,0,0,0,0.2,0.3,0,0,0,0,0,6.1,0,0,0,0,0,0,0,0,0,3.4,T,0,0,0,0,0
USC00054603,"KIT CARSON","CHEYENNE",CO,4301,38.76,-102.8,0,0,0,0,0,0,0,0,0,0,0,0,0,0,0,0,0,0,0,0,0,M,0,0,T,0,0,0,0,0,0
US1COCH0032,"KIT CARSON 0.3 N","CHEYENNE",CO,4285,38.77,-102.8,M,M,M,M,M,M,M,M,M,M,M,M,M,0,M,0,0,0,0,0,0,0,0,0,M,0,M,M,M,M,M
USC00054606,"KIT CARSON 9NNE","CHEYENNE",CO,4345,38.89,-102.72,0,0,0,0,0,0,T,T,T,0,0,0,0,0,T,0,0,0,0,0,0,0,0,0,T,0,0,0,0,0,0
US1COJF0128,"KITTREDGE 2.5 SSE","JEFFERSON",CO,8118,39.62,-105.28,0,0,1.6,0,0,0,1.2,2.6,0.5,0,0,0,0.2,21.7,20.3,0,0.2,0,0,0,0,0,0,0,11.3,0.2,0,0,0,T,0
USC00054664,"KREMMLING","GRAND",CO,7458,40.06,-106.37,0,0,2.6,5,0,0,T,2.8,0,0,0,0.7,T,3.2,0,0,0,0,0,0,0,0,0,0.5,2.2,T,0,0,3.4,T,T
US1COGR0046,"KREMMLING 10.0 NW","GRAND",CO,8614,40.14,-106.53,M,M,M,M,12,M,M,2,M,M,M,M,1.5,4,M,M,M,M,M,M,M,M,M,M,5,M,M,M,5,M,M
US1COGR0029,"KREMMLING 7.8 WNW","GRAND",CO,8495,40.12,-106.52,M,M,5,4.5,M,M,M,M,M,M,M,1,1,4,M,M,M,M,M,M,M,M,M,M,3,M,M,M,M,M,M
US1COGR0077,"KREMMLING 9.1 WNW","GRAND",CO,8660,40.11,-106.53,0,0,4,5,5,0,T,T,T,T,0,1,1,3,T,0,0,0,0,0,0,T,0,T,4,T,1,T,3,2,2
US1COBO0008,"LAFAYETTE 0.4 WSW","BOULDER",CO,5284,39.99,-105.11,0,0,0,0,0,0,0,T,0.5,0,0,0,0,7.7,9.9,0,0,0,0,0,0,0,0,0,7.3,M,M,M,M,M,M
US1COBO0557,"LAFAYETTE 0.5 ENE","BOULDER",CO,5220,40,-105.09,0,0,M,0,0,0,0,M,M,0,0,0,0,M,M,M,M,M,M,M,M,M,0,0,6,0,0,0,0,M,0
US1COBO0266,"LAFAYETTE 0.8 WSW","BOULDER",CO,5279,39.99,-105.11,0,0,0,0,0,0,0,T,0.5,0,0,0,0,7.5,6,0,0,0,0,0,0,0,0,0,7.3,T,0,0,0,0,0
US1COBO0367,"LAFAYETTE 0.9 NE","BOULDER",CO,5198,40,-105.09,M,M,M,M,M,M,M,M,M,M,M,M,M,7,M,M,M,M,M,M,M,M,M,M,5.5,M,M,M,M,M,M
US1COBO0504,"LAFAYETTE 1.3 WNW","BOULDER",CO,5327,40,-105.12,M,M,M,M,M,M,M,M,M,M,M,M,M,12,3.5,M,M,M,M,M,M,M,M,M,M,M,M,M,M,M,M
US1COBO0290,"LAFAYETTE 2.3 NW","BOULDER",CO,5263,40.02,-105.13,0,0,0,0,0,0,0,M,M,0,0,0,0,5.6,4.7,0,0,0,0,0,0,0,0,0,5.6,M,0,0,0,M,0
US1COBO0351,"LAFAYETTE 2.3 WNW","BOULDER",CO,5375,40,-105.14,0,0,M,M,0,0,0,M,M,0,0,0,0,16,6,M,M,M,M,M,M,M,M,M,7.1,M,M,M,M,M,M
US1COBO0222,"LAFAYETTE 2.5 NW","BOULDER",CO,5286,40.02,-105.14,0,0,M,0,0,0,M,T,0.9,0,0,0,0,6.8,9,0,0,0,0,0,0,0,0,0,5.5,0.2,0,0,0,M,0
US1COSA0011,"LA GARITA 5.6 WSW","SAGUACHE",CO,8249,37.79,-106.34,0,0,M,M,0,0,0,M,M,0,0,0,0,M,M,M,M,M,0,0,0,0,0,M,M,0,M,0,0,0,0
USC00054724,"LA JUNTA","OTERO",CO,4088,37.98,-103.54,0,0,0,0,0,0,0,0,T,0,0,0,0,0,0,0,0,0,0,0,0,0,0,0,5.7,0.1,0,0,0,0,0
US1COOT0042,"LA JUNTA 17.5 S","OTERO",CO,4236,37.73,-103.5,0,0,0,0,0,0,0,0,0,0,0,0,0,M,M,M,M,0,0,0,0,0,0,0,7,M,0,0,0,0,0
USC00054726,"LA JUNTA 20 S","OTERO",CO,4209,37.75,-103.48,0,0,0,0,0,0,0,0,0,0,0,0,0,0,0,0,0,0,0,0,0,0,0,0,4,3,0,0,0,0,0
USC00054736,"LAKE CITY 1NNE","HINSDALE",CO,8712,38.05,-107.3,0,0,2,0,0,0,0,0.3,0,0,0,0,0,2,6,0.2,0.3,0,0,0,0,0,0,T,0.2,0.1,1,0,0,0,0
US1COPK0039,"LAKE GEORGE 7.2 WNW","PARK",CO,8998,39.02,-105.49,0,0,0.4,0,0,0,0.6,M,M,M,M,M,M,M,M,M,M,M,0,0,0,0,0,0,1.5,0.3,0,0,0,0,0
US1COPK0046,"LAKE GEORGE 7.5 WSW","PARK",CO,8889,38.94,-105.49,0,0,2,0,0,0,0.3,2.2,0,0,0,0,M,M,24,4,0.2,0,0,0,0,0,0,0,2.2,0,0,0,0,0,0
USC00054742,"LAKE GEORGE 8 SW","PARK",CO,8479,38.91,-105.47,0,0,3.5,T,0,0,T,1,0,0,0,0,T,20,3,0,0.5,0,0,0,0,0,0,0,2,0,0,0,0,0,0
USC00054762,"LAKEWOOD","JEFFERSON",CO,5627,39.75,-105.12,0,0,0,0,0,0,0,0,0,0,0,0,0,10.5,9,0,0,0,0,0,0,0,0,0,5.5,T,0,0,0,0,0
US1COJF0391,"LAKEWOOD 1.2 E","JEFFERSON",CO,5552,39.7,-105.09,M,M,M,M,M,M,M,M,M,M,M,M,M,8.5,3.5,M,M,M,M,M,M,M,M,M,6,M,M,M,M,M,M
US1COJF0340,"LAKEWOOD 1.5 WSW","JEFFERSON",CO,5922,39.69,-105.14,0,0,T,0,0,0,0,1,1.5,0,0,0,0,14,12,T,0,0,0,0,0,0,0,0,8,T,0,0,0,0,0
US1COJF0333,"LAKEWOOD 1.7 SW","JEFFERSON",CO,5744,39.68,-105.14,0,0,T,0,0,0,0,0.2,1.3,0,0,0,0,9,11,0,0,0,0,0,0,0,0,0,6.5,0.9,0,0,0,0,0
US1COJF0179,"LAKEWOOD 2.2 ESE","JEFFERSON",CO,5514,39.68,-105.08,0,0,0,T,0,0,0,0.3,0.3,0,0,0,M,8.2,6.3,0,0,0,0,0,0,0,0,0,8,T,0,0,0,0,0
US1COJF0576,"LAKEWOOD 3.4 ENE","JEFFERSON",CO,5407,39.72,-105.06,0,0,0,0,0,0,0,0.4,0,0,0,M,M,6.3,5.8,M,M,M,M,M,M,M,M,M,6.8,M,M,M,M,M,M
USC00054770,"LAMAR","PROWERS",CO,3626,38.09,-102.63,0,0,0,0,0,0,0,0,0,0,0,0,0,0,0,0,0,0,0,0,0,0,0,0,T,T,0,0,0,0,0
US1COPW0034,"LAMAR 2.9 S","PROWERS",CO,3742,38.04,-102.61,0,0,0,0,0,0,0,M,M,M,0,0,M,0,0,0,0,0,0,0,M,0,0,0,1,1.5,0,0,0,0,0
US1COPW0049,"LAMAR 3.4 NNE","PROWERS",CO,3663,38.13,-102.6,0,0,0,0,0,0,0,0,0,0,0,0,0,M,M,0,0,0,0,0,0,0,0,0,M,M,0,0,0,0,0
US1COLR0806,"LAPORTE 0.3 WNW","LARIMER",CO,5073,40.63,-105.14,0,0,M,0,0,0,0,1,T,0,0,0,M,T,8,0,0,0,0,0,0,0,0,0,2,M,0,0,0,M,0
US1COLR0567,"LA PORTE 10.0 NNW","LARIMER",CO,6095,40.76,-105.2,0,0,0,T,T,T,0,1.2,0.3,0,0,0,M,1.1,8.7,0,0,0,0,0,0,0,0,0,2.2,0,M,0,0,1,0
US1COLR0761,"LAPORTE 1.4 NW","LARIMER",CO,5143,40.63,-105.15,0,0,M,0,0,0,0,1.6,0,0,0,0,M,0.7,7.5,0,0,0,0,0,0,0,0,0,M,M,M,M,0,M,0
USC00054834,"LAS ANIMAS","BENT",CO,3889,38.06,-103.22,0,0,0,0,0,0,0,0,0,0,0,0,0,0,T,0,0,0,0,0,0,0,0,0,2.5,0.5,0,0,0,0,0
US1COWA0021,"LAST CHANCE 6.1 N","WASHINGTON",CO,4641,39.83,-103.57,0,0,0,0,0,0,T,T,T,0,0,0,0,T,T,0,0,0,0,0,0,0,0,0,T,T,0,0,0,0,0
US1COHF0003,"LA VETA 7.8 W","HUERFANO",CO,8065,37.52,-105.15,0,0,0,0,0,0,0,7,0,0,0,0,0,5,15,1,1,1.5,0,0,0,0,0,0,8,1,1,0,0,0,0
US1COAD0247,"LEADER 5.5 ENE","ADAMS",CO,4915,39.93,-103.96,0,0,0,0,0,0,0,0,0,0,0,0,0,M,M,0,0,0,0,0,0,0,0,0,M,0,0,0,0,0,0
US1COLK0001,"LEADVILLE 1.4 WNW","LAKE",CO,9964,39.26,-106.32,0,0,4.9,2.9,T,T,T,0.1,2.5,0,0,1,0,M,1.5,0,T,0,0,0,0,0.4,0,2,6.9,0,M,M,M,0,0
US1COLK0010,"LEADVILLE 6.3 S","LAKE",CO,9706,39.16,-106.28,0,0,4.9,0.8,M,0,0.1,0.5,2.5,0,0,0.2,0,6,4.2,T,T,T,0,0,0,0.5,0,1,7.5,T,0.3,M,M,0,0
USC00054934,"LEMON DAM","LAPLATA",CO,8108,37.38,-107.66,0,0,0.2,0,0,0,0,0,0,0,0,0,0.9,1.6,5.5,6.2,5,0.1,0,0,0,0,0,2.5,3.1,0,0,0,0,0,0
USC00054945,"LEROY 5 WSW","LOGAN",CO,4460,40.51,-102.99,0,0,0,0,0,0,2.5,6,0,0,0,0,0,0,0,0,0,0,0,0,0,0,0,0,1.5,0.5,0,0,0,0,0
US1COKC0050,"LIBERTY 15 SW","KITCARSON",CO,4533,39.49,-102.82,0,0,0,0,0,0,M,4.7,T,0,0,0,0,M,M,0,0,0,0,0,0,0,0,0,T,0,0,0,0,0,0
US1COLN0053,"LIMON 0.3 W","LINCOLN",CO,5395,39.27,-103.7,0,0,0,0,0,0,0,M,M,0,0,0,0,0,2,0,M,0,0,0,0,0,0,0,M,M,0,0,0,0,0
US1COLN0054,"LIMON 6.9 NE","LINCOLN",CO,5649,39.33,-103.58,0,0,0,0,0,0,0,0,0,0,0,0,0,0,1,0,0,0,0,0,0,0,0,0,0,0,0,0,0,0,0
US1COLN0041,"LIMON 8.6 N","LINCOLN",CO,5710,39.39,-103.67,M,M,M,M,M,M,M,M,M,M,M,M,M,M,2.5,M,M,M,M,M,M,M,M,M,M,M,M,M,M,M,M
USC00055020,"LIMON ATWATER RANCH","ELBERT",CO,5570,38.95,-103.77,0,0,0,0,0,0,0,0,0,0,0,0,0,0,1,0,0,0,0,0,0,0,0,0,0,0,0,0,0,0,0
US1COFM0103,"LINCOLN PARK 0.6 NE","FREMONT",CO,5358,38.43,-105.21,0,0,0,0,0,0,0,3.5,T,0,0,0,0,4.6,8.5,T,T,0,0,0,0,0,0,0,0.5,0.5,0,0,0,0,0
USC00055025,"LINDON 5 WNW","WASHINGTON",CO,4850,39.76,-103.5,0,0,0,0,0,0,T,1,0.5,0,0,0,0,0,T,0,0,0,0,0,0,0,0,0,T,T,0,0,0,0,0
US1COAR0386,"LITTLETON 0.1 ESE","ARAPAHOE",CO,5409,39.59,-105.01,0,0,T,0,0,0,0,T,T,0,0,0,0,6.2,3.6,0,0,0,0,0,0,0,0,0,4.5,T,0,0,0,0,0
US1COAR0420,"LITTLETON 1.1 N","ARAPAHOE",CO,-9999,39.61,-105.01,M,0,T,0,0,0,0,T,M,0,0,0,0,M,M,M,0,0,0,0,0,0,0,0,M,M,0,0,M,M,0
US1COAR0421,"LITTLETON 1.4 ENE","ARAPAHOE",CO,5489,39.6,-104.99,0,0,T,0,0,0,0,0.1,T,0,0,0,0,8.9,9.7,T,0,0,0,0,0,0,0,0,5.5,T,0,0,0,0,0
US1COAR0290,"LITTLETON 1.5 NE","ARAPAHOE",CO,5461,39.61,-105,M,0,M,0,0,0,0,T,0.5,0,0,0,0,7.1,5.5,M,0,0,0,0,0,0,0,0,4.5,T,0,0,M,M,0
US1COJF0572,"LITTLETON 2.5 W","JEFFERSON",CO,5457,39.6,-105.06,0,0,T,0,0,0,0,T,M,0,0,0,0,5.5,5.5,0,0,0,0,0,0,0,0,0,5,0,0,0,0,0,0
US1COJF0526,"LITTLETON 4.5 WSW","JEFFERSON",CO,5662,39.57,-105.09,0,0,M,0,0,0,0,T,T,0,0,0,M,11,8,0,0,0,0,0,0,0,0,0,7,M,0,0,0,0,0
US1COJF0335,"LITTLETON 4.6 W","JEFFERSON",CO,5644,39.59,-105.1,M,M,0,M,M,M,M,11,M,M,M,M,M,7,8.5,M,M,M,M,M,M,M,M,M,6,M,M,M,M,M,M
US1COJF0414,"LITTLETON 4.7 W","JEFFERSON",CO,5618,39.62,-105.1,0,0,T,0,0,0,0,T,0.8,0,0,0,0,8.5,8,0,0,0,0,0,0,0,0,0,7,T,0,0,0,M,0
US1COAR0321,"LITTLETON 5.0 ESE","ARAPAHOE",CO,5761,39.57,-104.93,M,M,M,M,M,M,M,M,M,M,M,M,M,15,M,M,M,M,M,M,M,M,M,M,4.9,M,M,M,M,M,M
US1COJF0332,"LITTLETON 5.7 SW","JEFFERSON",CO,5553,39.54,-105.1,0,0,T,0,0,0,0,M,1,0,0,0,0,9,10,0,0,0,0,0,0,0,0,0,7,0,0,0,0,0,0
US1COJF0376,"LITTLETON 6.0 W","JEFFERSON",CO,5760,39.62,-105.13,M,0,0.2,0,0,0,0,0.1,0.8,0,0,0,0,9.2,8.8,0,0,0,0,0,0,0,0,0,7.1,0,0,0,0,0,0
US1COJF0212,"LITTLETON 6.4 W","JEFFERSON",CO,5849,39.61,-105.14,0,0,0.3,0,0,0,0,0.2,1,0,0,0,M,11.9,9.7,T,0,0,0,0,0,0,0,0,7.1,T,0,0,0,0,0
US1COJF0201,"LITTLETON 8.2 WSW","JEFFERSON",CO,6052,39.58,-105.16,0,0,0.4,0,0,0,0,M,0.8,M,0,0,0,M,M,M,M,M,M,0,M,0,0,0,M,M,0,0,0,0,0
US1COLR0945,"LIVERMORE 10.5 NW","LARIMER",CO,6679,40.86,-105.37,0,0,M,M,M,M,M,M,M,0,0,0,0,M,M,0,0,0,0,0,0,0,0,0,M,M,0,0,0,M,0
US1COLR1317,"LIVERMORE 11.1 W","LARIMER",CO,7494,40.75,-105.44,0,0,M,M,M,M,M,M,M,0,0,0,M,M,M,0,0,0,0,0,0,0,0,0,M,0,0,0,0,M,0
US1COLR1017,"LIVERMORE 12.2 NW","LARIMER",CO,7001,40.87,-105.41,M,M,M,M,M,M,M,M,M,M,M,M,M,M,12,M,M,M,M,M,M,M,M,M,M,M,M,M,M,M,M
US1COLR1216,"LIVERMORE 4.2 N","LARIMER",CO,5991,40.81,-105.22,M,M,M,M,M,M,M,M,M,M,M,M,M,M,M,M,M,M,M,M,M,M,M,M,M,M,M,M,0,M,M
US1COLR0897,"LIVERMORE 9.9 WSW","LARIMER",CO,7555,40.72,-105.41,0,0,M,M,M,M,T,2.5,0,0,0,0,T,14,12,0,0,0,0,0,0,0,0,0,12,0,T,0,0,M,0
US1COME0117,"LOMA 0.9 E","MESA",CO,4520,39.2,-108.8,0,0,3,1.8,0,0,M,0,0,0,0,0,0,M,M,M,M,0,0,0,0,0,0,M,M,0,M,M,M,M,M
US1CODG0336,"LONE TREE 0.6 SSE","DOUGLAS",CO,6017,39.53,-104.88,0,0,0.3,0,0,0,0,0.1,0.3,0,0,0,0,15.1,8,0,0,0,0,0,0,0,0,0,4.5,T,0,0,0,0,0
US1CODG0133,"LONE TREE 2.0 SW","DOUGLAS",CO,6119,39.51,-104.91,M,M,M,M,M,M,M,M,M,M,M,M,M,17,5,0,M,M,M,M,M,M,M,M,M,M,M,M,M,M,M
US1COBO0531,"LONGMONT 0.4 SW","BOULDER",CO,5038,40.17,-105.12,0,0,M,0,0,0,0,T,M,0,0,0,M,5,2.9,0,0,0,0,0,0,0,0,0,5,M,0,0,0,M,0
US1COBO0361,"LONGMONT 1.8 E","BOULDER",CO,5013,40.17,-105.08,0,0,0,0,0,0,0,0.1,M,0,0,0,0,4.5,3,0,0,0,0,0,0,0,0,0,4,0,0,0,0,M,0
US1COBO0352,"LONGMONT 1.8 ENE","BOULDER",CO,5059,40.18,-105.08,M,M,M,M,M,M,M,0,0.6,M,M,M,M,5.4,4.5,0,0,0,0,0,0,0,0,0,4,0,0,0,0,0,0
US1COBO0143,"LONGMONT 2.1 N","BOULDER",CO,5048,40.2,-105.11,0,0,0,0,0,0,0,0.1,0.2,0,0,0,0,5,2.6,0,0,0,0,0,0,0,0,0,5,T,0,0,0,0,0
US1COBO0540,"LONGMONT 2.5 NE","BOULDER",CO,5038,40.2,-105.08,0,0,0,T,0,0,0,T,T,0,0,0,0,4,M,0,0,0,0,0,0,0,0,0,4.5,0,0,0,0,M,0
US1COBO0084,"LONGMONT 2.6 NW","BOULDER",CO,5068,40.2,-105.13,0,0,0,0,0,0,T,0.5,0,0,0,0,0,7.5,3,0,0,0,0,0,0,0,0,0,4.8,0,0,0,0,0,0
US1COBO0581,"LONGMONT 2.8 E","BOULDER",CO,4988,40.17,-105.06,0,0,M,0,0,0,0,T,0.6,0,0,0,0,3.6,2.3,0,0,0,0,0,0,0,0,0,2.5,0,0,0,0,M,0
USC00055116,"LONGMONT 2 ESE","BOULDER",CO,4949,40.17,-105.08,0,0,0,0,0,0,0,0.1,0,0,0,0,0,4.5,3,0,0,0,0,0,0,0,0,0,4,0,0,0,0,0,0
US1COBO0435,"LONGMONT 3.0 SW","BOULDER",CO,5035,40.14,-105.15,M,M,0,0,0,0,0,T,0,0,0,0,0,6,2,0,0,0,0,0,0,0,0,0,6.5,0,0,0,0,0,0
US1COBO0571,"LONGMONT 3.1 WSW","BOULDER",CO,5061,40.15,-105.16,M,0,M,0,0,0,0,M,M,0,0,0,0,M,M,0,0,M,M,M,M,M,0,0,M,0,0,0,0,M,0
US1COBO0507,"LONGMONT 3.3 SW","BOULDER",CO,5061,40.14,-105.16,0,0,0,0,0,0,0,0.2,0.2,0,0,0,0,5.5,2.8,0,0,0,0,0,0,0,0,0,5.5,0,0,0,0,0,0
US1COBO0171,"LONGMONT 4.0 WSW","BOULDER",CO,5094,40.14,-105.18,0,0,M,0,0,0,M,T,T,0,0,0,0,5.7,1.6,0,0,0,0,0,0,0,0,0,6,0,0,0,M,M,0
US1COWE0311,"LONGMONT 4.6 NE","WELD",CO,5096,40.21,-105.04,0,0,T,0,0,0,0,0.5,T,0,0,0,0,3,1,0,0,0,0,0,0,0,0,0,2,0,0,0,0,0,0
US1COWE0302,"LONGMONT 5.1 E","WELD",CO,4917,40.17,-105.02,0,0,0,0,0,0,0,0.2,0.2,0,0,0,0,2.2,1.4,0,0,0,0,0,0,0,0,0,2.9,0,0,0,0,M,0
US1COBO0532,"LONGMONT 5.4 NNW","BOULDER",CO,5161,40.25,-105.15,0,0,0,0,0,0,0,0.5,0,0,0,0,0,5.6,M,0,0,0,0,0,0,0,0,0,1.2,0,0,0,0,M,0
US1COWE0203,"LONGMONT 8.2 ESE","WELD",CO,4963,40.12,-104.96,0,0,T,0,0,0,0,0.1,0.5,0,0,0,M,2.8,3.5,0,0,0,0,0,0,0,0,0,3,0,0,0,0,M,0
US1COBO0366,"LOUISVILLE 1.2 NNW","BOULDER",CO,5540,39.98,-105.15,M,M,M,M,M,M,M,M,M,M,M,M,M,13,M,M,M,M,M,M,M,M,M,M,M,M,M,M,M,5.5,M
US1COBO0468,"LOUISVILLE 1.6 NNE","BOULDER",CO,5366,39.99,-105.13,0,0,M,0,0,0,0,T,M,0,0,0,0,9.6,7.8,0,0,0,0,0,0,0,0,0,M,M,M,0,0,M,0
US1COLR0458,"LOV 3.0 SW","LARIMER",CO,5111,40.37,-105.14,0,0,T,0,0,0,0,1.2,0,0,0,0,0,4,3.2,0,0,0,0,0,0,0,0,M,3,0,0,0,M,0,0
US1COLR0509,"LOV 4.0 W","LARIMER",CO,5124,40.39,-105.16,0,0,M,0,0,0,0,1.4,T,0,0,0,M,5,6.1,0,0,0,0,0,0,0,0,0,5.5,0,0,0,0,M,0
US1COLR1240,"LOVELAND 12.7 W","LARIMER",CO,6707,40.39,-105.31,M,M,M,M,M,M,M,M,M,M,M,M,M,M,M,M,M,M,M,M,M,M,0,M,M,M,M,M,M,M,M
US1COLR0913,"LOVELAND 1.2 E","LARIMER",CO,4975,40.42,-105.05,0,0,M,M,0,0,0,M,M,0,0,0,M,M,M,0,0,0,0,0,0,0,0,0,M,0,0,0,0,M,0
US1COLR1013,"LOVELAND 1.7 SW","LARIMER",CO,5007,40.4,-105.09,0,0,M,0,0,0,0,0.5,M,0,0,0,M,4,4.5,0,0,0,0,0,0,0,0,0,M,0,0,0,0,M,0
US1COLR0662,"LOVELAND 2.0 SSE","LARIMER",CO,4963,40.39,-105.05,0,0,M,0,0,0,0,0.7,T,0,0,0,M,2.3,5,0,0,0,0,0,0,0,0,0,4.4,0,0,0,0,M,0
US1COLR0854,"LOVELAND 2.3 NW","LARIMER",CO,5090,40.44,-105.1,0,0,T,T,0,0,0,0.8,T,0,0,0,M,4,6,0,0,0,0,0,0,0,0,0,4,0,0,0,0,M,0
US1COLR1290,"LOVELAND 2.4 NW","LARIMER",CO,5087,40.45,-105.1,M,M,M,M,M,M,M,0.6,T,0,0,0,M,4,7,0,0,0,0,0,0,0,0,0,2.7,0,0,0,0,M,0
US1COLR1120,"LOVELAND 2.5 NNW","LARIMER",CO,5097,40.45,-105.09,M,M,M,M,M,M,M,M,M,M,M,M,M,M,M,0,0,M,M,M,M,M,M,M,M,M,M,M,M,M,M
US1COLR0687,"LOVELAND 2.7 E","LARIMER",CO,4986,40.43,-105.02,0,0,M,0,0,0,0,0.3,0,0,0,0,0,2.5,5,0,0,0,0,0,0,0,0,0,3,0,0,0,0,M,0
US1COLR0869,"LOVELAND 2.8 E","LARIMER",CO,4969,40.41,-105.02,M,M,M,M,M,M,M,0.2,M,M,M,M,M,M,M,M,M,M,M,M,M,M,M,M,M,M,M,M,M,M,M
US1COLR1109,"LOVELAND 2.8 WNW","LARIMER",CO,5158,40.43,-105.12,0,0,0.1,0,0,0,0,0.8,T,0,0,0,0,4.7,7.4,0,0,0,0,0,0,0,0,0,3.5,0,0,0,0,T,0
USC00055236,"LOVELAND 2N","LARIMER",CO,5032,40.43,-105.08,0,0,T,T,0,0,0,0.5,0.9,0,0,0,0,4,7.1,0,0,0,0,0,0,0,0,0,4,0,0,0,0,0,0
US1COLR0104,"LOVELAND 3.0 NNE","LARIMER",CO,4983,40.44,-105.06,0,0,0,T,0,0,0,0.6,T,0,0,0,M,2.1,5,T,0,0,0,0,0,0,M,0,2.8,0,0,M,0,M,0
US1COLR1125,"LOVELAND 3.2 E","LARIMER",CO,4958,40.41,-105.01,M,M,M,M,M,M,M,0.2,0,M,M,M,M,2.8,4.5,M,M,M,M,M,M,M,M,M,5,M,M,M,M,M,M
US1COLR1047,"LOVELAND 3.8 WSW","LARIMER",CO,5113,40.39,-105.14,M,M,M,M,M,M,M,M,M,M,M,M,M,M,M,M,M,M,M,M,M,M,M,M,M,M,M,M,M,M,0
US1COLR0472,"LOVELAND 4.0 SSW","LARIMER",CO,5081,40.37,-105.1,M,M,T,M,M,M,M,0.5,M,0,M,M,M,4,4.5,0,0,M,M,M,M,M,M,M,4,M,M,M,M,M,M
US1COBO0146,"LYONS 0.3 NNE","BOULDER",CO,5398,40.23,-105.27,0,0,0.1,0,0,0,0,0.6,0.8,0,0,0,0,5.5,6.1,T,0,0,0,0,0,0,0,0,7.1,T,0,0,0,M,0
US1COBO0137,"LYONS 1.8 N","BOULDER",CO,6478,40.25,-105.26,0,0,0.3,0,M,0,0,1,0,0,0,0,0,12,8,0,0,0,0,0,0,0,0,0,7,0,0,0,0,M,0
US1COLR0050,"LYONS 4.8 N","LARIMER",CO,5616,40.29,-105.27,0,0,0.1,0,0,0,0,1.2,0,0,0,0,0,7.5,5.2,0,0,0,0,0,0,0,0,0,7,0,0,0,0,0,0
US1COLR1309,"LYONS 5.9 NW","LARIMER",CO,6774,40.27,-105.36,0,0,T,0,0,0,0,2.7,0.4,0,0,0,M,15,8,0,0,0,0,0,0,0,0,0,7,T,0,0,0,M,0
US1COLR0735,"LYONS 6.4 NW","LARIMER",CO,6665,40.28,-105.36,M,M,M,M,M,M,T,2.6,M,M,0,0,5,16,6,0,0,0,0,0,0,0,0,0,8,M,M,0,0,0,0
US1COLR1307,"LYONS 8.9 WNW","LARIMER",CO,7606,40.27,-105.43,0,0,2.5,T,0,0,T,2.5,0.5,0,0,0,0.5,20,12,0,0,0,0,0,0,0,0,0,9,0,0,0,0,0.5,0
US1COME0024,"MACK 5 NW","MESA",CO,4619,39.26,-108.93,0,0,M,M,0,0,0,M,0,0,0,0,M,0,M,0,M,0,0,0,0,0,0,0,0,0,M,0,M,0,0
USC00055322,"MANASSA","CONEJOS",CO,7693,37.17,-105.94,0,0,0,0,0,0,0,0.1,3,0,0,0,0,0,3.5,2,4,1,0,T,0,0,0,0,2.5,2,3,0,0,0,0
USC00055327,"MANCOS 1SW","MONTEZUMA",CO,6895,37.33,-108.32,0,0,0,0,0,0,T,1,0,0,0,0,1.5,0,T,T,1,0,0,0,0,0,0,4.3,0,T,0,0,0,0,T
US1COMZ0077,"MANCOS 6.7 ESE","MONTEZUMA",CO,7473,37.29,-108.19,0,0,T,T,0,0,T,0.2,0,0,0,0,0.5,T,3,3,1.5,1,0,0,T,0,0,T,6,0,T,0,0,0,0
US1COEP0175,"MANITOU SPRINGS 1.2 ESE","ELPASO",CO,6389,38.85,-104.89,0,0,0,T,0,0,0,1,T,0,0,0,0,9.8,15,0.8,M,0,0,0,0,0,0,0,M,T,T,0,0,M,M
USC00055402,"MARSTON FILTER PLANT","DENVER",CO,5519,39.64,-105.06,0,0,0,0,0,0,0,0.3,0,0,0,0,0,7.5,5.5,0,0,0,0,0,0,0,0,0,6.4,0,0,0,0,0,0
US1COEL0078,"MATHESON 8.0 E","ELBERT",CO,5846,39.17,-103.83,M,M,M,M,M,M,M,M,M,M,M,M,M,1,M,M,M,M,M,M,M,M,M,M,M,M,M,M,M,M,M
USC00055446,"MAYBELL","MOFFAT",CO,5944,40.52,-108.09,0,0,6.7,4.5,T,0,T,0,0,0,0,0,3.7,1.2,0,0,0,0,0,0,0,0,0,1.8,1,T,T,0,1.8,0,0
USC00055484,"MEEKER","RIOBLANCO",CO,6227,40.04,-107.91,0,0,2.3,4.3,T,T,T,T,0,0,0,0,0.6,1.5,0,0,0,0,0,0,0,0,0,T,1,2.4,T,0,6.1,0,0
US1CORB0015,"MEEKER 1.9 WSW","RIOBLANCO",CO,6297,40.04,-107.92,0,0,3,4.5,1.5,T,0,T,0,0,0,0,M,M,M,M,0,0,0,0,M,M,M,M,0.3,1.7,T,0,6.5,M,0
USC00055519,"MESA 5SSE","MESA",CO,7728,39.09,-108.12,0,0,9.5,3,0.5,T,T,1.5,T,0,0,0,T,4,1,T,1.5,0,0,0,0,0,0,T,7,T,2,T,0.5,T,0
USC00055531,"MESA VERDE NP","MONTEZUMA",CO,7140,37.2,-108.49,0,0,T,0,0,0,0,T,0,0,0,0,M,M,M,M,6,0,0,0,0,0,0,M,M,5,0,0,0,0,0
US1COWE0374,"MILLIKEN 1.3 WSW","WELD",CO,4841,40.31,-104.87,0,0,0,0,0,0,0,M,M,0,0,0,M,M,M,0,0,0,0,0,0,0,0,0,M,0,0,0,0,M,0
US1COLA0063,"MODEL 5.6 E","LASANIMAS",CO,5356,37.33,-104.13,M,M,M,M,M,M,M,M,0,0,0,0,0,M,M,M,M,M,M,M,M,M,M,M,M,M,M,M,M,M,M
US1CORG0017,"MONTE VISTA 0.7 W","RIOGRANDE",CO,7674,37.58,-106.16,M,M,M,M,M,M,M,M,M,M,0,M,M,M,M,M,M,M,M,M,M,M,M,M,M,M,M,M,M,M,M
US1CORG0023,"MONTE VISTA 0.8 W","RIOGRANDE",CO,7674,37.58,-106.16,0,0,T,0,0,0,0,T,7.5,0,0,0,0,T,4.7,M,M,M,0,0,0,0,0,T,1.5,T,T,0,0,0,0
US1CORG0010,"MONTE VISTA 2.4 E","RIOGRANDE",CO,7649,37.58,-106.1,0,0,0,0,0,0,0,0,5.7,0,0,0,0,0.2,4.6,T,1.2,M,0,0,0,0,0,0,1.9,M,M,0,0,0,0
US1CORG0029,"MONTE VISTA 2.6 NW","RIOGRANDE",CO,7689,37.61,-106.17,0,0,0,0,0,0,0,M,M,0,0,0,0,M,M,M,M,0,0,0,0,0,0,M,M,M,M,M,M,M,M
US1CORG0002,"MONTEVISTA 2.7 SSE","RIOGRANDE",CO,7652,37.55,-106.12,0,0,T,0,0,0,0,0,5.8,0,0,0,0,T,5,1.2,1.6,0,0,0,0,0,0,0,1.5,M,0.2,0,0,0,0
USC00055706,"MONTE VISTA 2W","RIOGRANDE",CO,7693,37.58,-106.19,0,0,0,0,0,0,0,T,8,0,0,0,0,0.3,5.6,1.6,1.5,0.5,0,0,0,0,0,0,1.5,T,0.3,0,0,0,0
US1CORG0015,"MONTE VISTA 3.6 NE","RIOGRANDE",CO,7642,37.61,-106.09,0,0,0,0,0,0,0,0,4,0,0,0,0,T,4.8,M,M,M,0,0,0,0,0,M,1.9,M,M,0,0,0,0
US1COMT0063,"MONTROSE 0.5 NE","MONTROSE",CO,5835,38.48,-107.86,0,0,12,1,0,0,0,0,0,M,0,0,0,0,M,0,M,M,0,0,0,0,0,0,T,0,0.3,0,M,0,0
US1COMT0061,"MONTROSE 1.2 N","MONTROSE",CO,5715,38.5,-107.87,0,0,10.5,M,0,0,0,M,0,0,0,0,0,M,M,0,M,0,0,0,0,0,0,0,M,0,M,0,0,0,0
US1COMT0013,"MONTROSE 1.2 WSW","MONTROSE",CO,5886,38.47,-107.89,0,0,12,0.5,0,0,0,M,0,0,0,0,0,0.1,0,0,M,0,0,0,0,0,0,0,T,0,M,0,0,0,0
US1COMT0049,"MONTROSE 1.5 ESE","MONTROSE",CO,5918,38.47,-107.85,M,M,14,1.3,0,0,M,M,M,0,0,0,0,0.5,M,0,M,0,0,0,0,0,0,0,T,M,0.2,0,0,0,0
US1COMT0036,"MONTROSE 1.6 E","MONTROSE",CO,5917,38.48,-107.84,0,0,12.5,2,0,0,0,0.4,0,0,0,0,0,1,T,0,0,0,0,0,0,0,0,0,M,0,0.4,0,0,0,0
US1COMT0015,"MONTROSE 2.9 ESE","MONTROSE",CO,6041,38.46,-107.82,0,0,13.5,1,0,0,0,1,0,0,0,0,0,0.5,0,0,M,0,0,0,0,0,0,0,0.5,0,1,0,0,0,M
US1COMT0062,"MONTROSE 3.2 SSE","MONTROSE",CO,5958,38.43,-107.86,M,M,M,M,0,0,M,M,0,0,0,0,M,M,M,M,M,M,M,M,0,0,0,0,M,M,M,0,0,0,M
US1COMT0009,"MONTROSE 4.0 NW","MONTROSE",CO,5728,38.53,-107.92,0,0,10,1.3,T,0,0,T,0,0,0,0,0,0.5,M,0,0,0,0,0,0,0,0,0,T,0,0.8,0,0,0,0
US1COMT0064,"MONTROSE 4.5 SSE","MONTROSE",CO,6019,38.42,-107.85,0,0,10,1,0,0,0,M,M,0,0,0,0,M,M,0,0,0,0,0,0,0,0,0,0,0,1,0,0,0,0
US1COMT0031,"MONTROSE 7.3 ENE","MONTROSE",CO,6912,38.52,-107.75,M,M,M,1.8,0,0,M,T,T,0,0,0,T,1.5,0.3,0,T,T,0,0,0,0,0,0,6,T,0.5,0,0,0,0
US1COMT0045,"MONTROSE 8.1 WNW","MONTROSE",CO,5769,38.52,-108.01,0,0,8,2,0,0,0,0,0,0,0,0,0,M,M,0,M,0,0,0,0,0,0,0,M,0,1,0,0,0,0
US1COEP0311,"MONUMENT 1.4 NE","ELPASO",CO,7236,39.08,-104.84,0,0,0.3,0,0,0,0,0.4,0,0,0,0,0,15,6.5,T,0,0,0,0,0,0,0,0,3,T,T,0,0,0,0
US1COEP0235,"MONUMENT 6.6 ENE","ELPASO",CO,7380,39.12,-104.75,0,0,M,0,0,0,0,M,0,0,0,0,0,10.5,10.5,0,M,0,0,0,0,0,0,0,M,M,0,0,0,0,0
US1COJF0537,"MORRISON 5.4 SSW","JEFFERSON",CO,7448,39.59,-105.23,M,M,T,M,M,M,0.7,2,M,M,M,M,M,24,18,M,M,M,M,M,M,M,M,M,9,M,M,M,M,M,M
US1COCF0054,"NATHROP 1.9 WSW","CHAFFEE",CO,7954,38.72,-106.11,0,0,1,0,0,0,0,7,3,0,0,0,0,7,4,0,0.5,0,0,0,0,0,0,0,7,0,0,0,0,0,0
US1COCF0019,"NATHROP 3.3 WSW","CHAFFEE",CO,8134,38.73,-106.13,0,0,1.9,T,0,M,0,1.9,2,0,0,0,0,5.9,1.5,M,M,M,M,M,M,M,M,M,M,M,M,M,M,M,M
US1COBO0322,"NEDERLAND 0.4 WNW","BOULDER",CO,8038,39.97,-105.51,M,M,1.5,0.1,0.1,0.6,0.2,M,M,M,M,M,M,M,M,M,M,M,M,M,0,T,0,0,8,T,T,T,0,0.7,0
US1COBO0075,"NEDERLAND 2.61 NNE","BOULDER",CO,8353,39.99,-105.48,0,0,1,T,T,T,0.3,3.3,M,M,M,M,M,M,M,M,M,M,M,0,0,0,0,0,8,0,0,0,0,1,0
US1COBO0355,"NEDERLAND 2.8 NE","BOULDER",CO,8264,39.99,-105.47,0,0,0.5,T,0,T,0.1,3.1,0.6,0,0,0,1.2,28,15.9,0,T,0,0,0,0,0,0,0,11.5,0,0,0,0,0.5,0
US1COBO0296,"NEDERLAND 3.7 ENE","BOULDER",CO,8172,39.99,-105.44,0,0,0,T,T,0.1,0.1,3.1,0.6,0,0,0,0.9,25.2,17.5,T,0,0,0,0,0,0,0,0,8.4,0,T,0,0,1.2,0
US1COBO0233,"NEDERLAND 4.2 E","BOULDER",CO,8276,39.97,-105.43,0,0,1.1,T,T,M,M,M,M,M,0,0,0.5,24.3,18.3,0,0,0,0,0,0,0,0,0,7.1,T,0,0,0,1.1,0
US1COBO0110,"NEDERLAND 4.3 ENE","BOULDER",CO,8420,39.98,-105.43,0,0,0.5,T,T,0.1,T,3.1,0.7,0,0,0,0.5,26.8,20.2,0,T,0,0,0,0,0,0,0,7.5,T,0,0,0,1.8,0
US1COBO0057,"NEDERLAND 5.8 E","BOULDER",CO,7878,39.97,-105.4,0,0,1,T,T,0.1,0.1,1.5,M,0,0,0,0.2,22,17.9,0,0,T,0,0,0,0,0,0,6,0,0,0,0,1,0
US1COGF0098,"NEW CASTLE 0.8 SE","GARFIELD",CO,5885,39.58,-107.52,M,M,2.2,5.7,2.2,T,0.9,T,T,0,0,0,0,3.2,M,M,M,M,M,0,M,M,M,M,M,M,1.3,M,T,T,M
USC00055934,"NEW RAYMER 21 N","WELD",CO,5179,40.93,-103.87,0,0,0,0,T,0,0,1.5,0.4,0,0,0,0,0.3,0.2,0,0,0,0,0,0,0,0,0,0.2,T,T,0,0,0,0
US1COBO0076,"NIWOT 1.8 SSW","BOULDER",CO,5189,40.08,-105.18,0,0,M,0,0,0,0,0.2,0.5,0,0,0,0,8.7,7,M,0,0,0,0,0,0,0,0,7.5,0.3,0,0,0,0,0
US1COBO0469,"NIWOT 2.2 SW","BOULDER",CO,5203,40.07,-105.19,0,0,0,0,0,0,0,M,M,0,0,0,0,7,5.4,0,0,0,0,0,0,0,0,0,6.1,0,0,M,M,M,M
US1COBO0248,"NIWOT 2.3 W","BOULDER",CO,5160,40.1,-105.2,0,0,0,0,0,0,0,0.2,T,0,0,M,0,6.6,3.5,0,0,0,0,0,0,0,0,M,6,0,0,0,0,0,0
USC00055970,"NORTHDALE","DOLORES",CO,6679,37.81,-109.01,0,0,2,T,0,0,T,T,T,0,0,0,0.2,T,5,1,0.3,T,0,0,0,0,0,0.7,0.2,T,T,0,0,0,0
USC00055984,"NORTHGLENN","ADAMS",CO,5369,39.9,-105.01,0,0,0,0,0,0,0,T,0.3,0,0,0,0,8.5,6.9,0,0,0,0,0,0,0,0,0,5.8,0,0,0,0,0,0
US1COSM0023,"NORWOOD 0.1 W","SANMIGUEL",CO,7025,38.13,-108.29,M,M,M,M,0,0,M,M,M,0,0,0,M,M,M,0,M,M,0,M,0,M,0,M,M,M,M,0,0,0,0
USC00056013,"NORWOOD NO. 2","SANMIGUEL",CO,7009,38.13,-108.29,0,0,4,0,0,0,0,0,0,0,0.1,0,0,0.3,1,2,2,0,0,0,0,0,0,0,4,0.5,1,0,0,0,0
US1COWE0345,"NUNN 1.2 ENE","WELD",CO,5201,40.71,-104.76,0,0,0,0,0,0,0,1.8,0,0,0,0,0,0,0.8,0,0,0,0,0,0,0,0,0,T,0,0,0,0,0,0
US1COWE0409,"NUNN 6.5 NE","WELD",CO,5217,40.77,-104.69,0,0,0,0,0,0,0,1.4,T,0,0,0,0,T,0.2,0,0,0,0,0,0,0,0,0,T,0,0,0,0,0,0
US1CORT0064,"OAK CREEK 0.4 W","ROUTT",CO,7471,40.27,-106.96,0,0,6.2,5.2,4,M,0,4.5,M,M,M,M,1,1.5,0,0,0,0,0,0,0,M,M,M,M,0.5,1.8,0,3.5,1,0
US1CORT0063,"OAK CREEK 4.7 E","ROUTT",CO,7401,40.26,-106.87,0,M,2,2.5,4.5,0,0,1.8,M,0,0,0.3,1.5,3.3,M,0,0,0,0,0,0,0,0,0.3,4.5,1.5,1.5,M,3.5,0.5,0
US1COMT0060,"OLATHE 5.2 NW","MONTROSE",CO,5322,38.65,-108.06,M,M,1,M,M,M,M,M,M,M,M,M,M,M,M,M,M,M,M,M,M,M,M,M,M,M,M,M,M,M,M
USC00056131,"ORDWAY 4 W","CROWLEY",CO,4349,38.21,-103.82,0,0,0,0,0,0,0,T,0,0,0,0,0,0,T,0,0,0,0,0,0,0,0,0,0.5,T,0,0,0,0,0
US1COWA0080,"OTIS 5.7 W","WASHINGTON",CO,4437,40.16,-103.07,0,0,0,0,0,0,T,7,T,0,0,0,0,0,M,0,0,0,0,0,0,0,0,0,1,T,0.5,0,0,0,0
US1COOR0023,"OURAY 0.1 SE","OURAY",CO,7793,38.02,-107.67,M,M,1.5,M,M,M,0.2,2,M,M,M,M,4.5,2.5,0.2,M,M,M,M,M,M,M,M,2.6,5,2,1.5,M,M,M,M
US1COOR0025,"OURAY 2.1 NNW","OURAY",CO,7598,38.05,-107.69,0,0,1.5,M,0,M,0,1.7,2,0,M,0,M,6.3,M,M,M,M,0,0,0,0,0,M,5.7,M,M,0,0,0,0
USC00056205,"OURAY NO. 2","OURAY",CO,7716,38.03,-107.67,0,0,1,0.2,0,0,T,2,3.2,0,0,0,0.5,7.1,1.3,T,T,T,0,T,0,0,0,0,8.6,3.3,2.8,0.8,0,T,0
US1COSG0036,"OVID 11.3 S","SEDGWICK",CO,3869,40.8,-102.38,0,0,0,0,0,0,0,M,0,0,0,0,0,M,0,0,0,0,0,0,0,0,0,0,M,0,0,0,0,0,0
US1COSG0035,"OVID 13.7 S","SEDGWICK",CO,3887,40.76,-102.42,0,0,0,0,0,0,0,8,0,0,0,0,0,M,0,0,0,0,0,0,0,0,0,M,0.5,0,0,0,0,0,0
US1COAU0038,"PAGOSA SPRINGS 0.5 SSE","ARCHULETA",CO,7113,37.26,-107.02,M,M,0.1,M,M,M,M,M,M,M,M,M,0.4,4,M,M,M,M,0,0,M,0,0,M,M,M,M,0,0,0,M
US1COAU0069,"PAGOSA SPRINGS 0.7 E","ARCHULETA",CO,7227,37.27,-107.01,M,M,M,M,M,M,0,0.1,M,M,0,0,0.5,5.3,1.8,2.5,2.8,M,0,M,M,M,0,0.2,M,M,M,0,0,0,0
US1COAU0066,"PAGOSA SPRINGS 14.2 SSW","ARCHULETA",CO,6487,37.07,-107.08,M,M,0,0,M,M,M,M,1,M,M,M,T,2.7,0.5,T,0.4,M,M,M,M,M,M,M,M,M,M,M,M,M,M
US1COAU0026,"PAGOSA SPRINGS 1.6 SSW","ARCHULETA",CO,7399,37.25,-107.03,0,0,0.4,T,0,M,0,0.1,0.2,0,0,0,0.3,4.9,M,M,M,M,M,M,M,M,M,M,M,M,0.4,0,0,M,0
US1COAU0074,"PAGOSA SPRINGS 1.6 WSW","ARCHULETA",CO,7579,37.26,-107.04,M,M,M,M,M,M,M,M,M,M,M,M,M,4.5,M,2.5,3.5,M,M,M,M,M,M,M,M,M,M,M,M,M,M
US1COAU0028,"PAGOSA SPRINGS 2.5 W","ARCHULETA",CO,7556,37.27,-107.06,M,M,0.2,T,0,0,0,T,0.3,M,M,M,M,M,M,M,M,M,M,M,M,0,0,0.7,M,M,M,M,0,0,M
US1COAU0075,"PAGOSA SPRINGS 3.0 SSE","ARCHULETA",CO,7337,37.23,-106.99,M,M,T,M,M,M,M,0.3,1,M,M,M,0.2,5,2,2.5,2,M,M,0,M,M,M,0.2,M,M,0.2,0,M,M,M
US1COAU0054,"PAGOSA SPRINGS 3.2 W","ARCHULETA",CO,7496,37.27,-107.08,0,0,0.5,0,0,0,0,0.3,0.4,0,0,0,0.5,2.5,3.2,4.1,3.6,T,0,0,T,0,0,0.8,1.1,T,T,0,0,0,0
US1COAU0059,"PAGOSA SPRINGS 3.7 W","ARCHULETA",CO,7490,37.27,-107.08,M,M,M,M,M,0,0,M,T,0,0,0,0.5,1.5,1.5,2.8,3,M,0,0,M,0,0,M,M,M,M,0,0,0,0
US1COAU0043,"PAGOSA SPRINGS 4.5 SSE","ARCHULETA",CO,7299,37.21,-106.98,0,0,M,M,0,0,0,M,M,0,0,0,M,M,M,M,M,M,0,M,0,0,0,M,M,M,M,0,0,0,0
US1COAU0060,"PAGOSA SPRINGS 4.6 NNW","ARCHULETA",CO,7682,37.33,-107.05,0,0,0.5,0,0,0,0,0.4,0.2,0,0,0,0.5,3.8,2.3,2.4,2.8,0,0,0,0,0,0,1.6,1.6,0,0.1,0,0,0,0
US1COAU0049,"PAGOSA SPRINGS 4.7 E","ARCHULETA",CO,7496,37.26,-106.93,0,0,0.3,0.6,0,0,0,0.5,2,0,0,0,0.5,3.1,2,2.5,4.4,T,0,T,0,0,0,0.6,0.3,T,0.1,0,0,0,0
US1COAU0078,"PAGOSA SPRINGS 5.3 SW","ARCHULETA",CO,7419,37.23,-107.1,0,0,T,1.2,0,0,0,M,M,M,M,0,0.4,1.5,3,5,3,M,0,M,0,0,0,T,1.5,T,T,0,0,0,0
US1COAU0037,"PAGOSA SPRINGS 5.8 SSE","ARCHULETA",CO,7242,37.19,-106.98,0,0,T,0,0,0,0,0.3,1,0,0,0,0.4,3.5,2,2.3,2,0,0,0,0,0,M,M,M,T,0.5,0,0,0,0
US1COAU0071,"PAGOSA SPRINGS 6.6 SE","ARCHULETA",CO,7561,37.2,-106.93,0,M,T,1,M,M,M,M,M,M,M,0,0.5,3,1,2,2.5,T,M,T,M,0,M,1,0.5,T,T,0,0,0,M
US1COAU0077,"PAGOSA SPRINGS 6.8 WNW","ARCHULETA",CO,7776,37.32,-107.13,0,0,T,T,0,M,0,0,0.5,0,0,0,T,1.5,3.5,2.5,2.5,T,0,0,0,0,0,1.5,1,T,T,0,0,0,0
US1COAU0045,"PAGOSA SPRINGS 7.2 NW","ARCHULETA",CO,8085,37.34,-107.12,0,0,0.5,0.3,0,M,0,T,0.5,0,M,0,0.6,1.4,4.4,4,4.1,0.2,0,0.2,T,0,0,2,3.2,0.1,0.6,0,0,0,0
US1COAU0070,"PAGOSA SPRINGS 7.6 SE","ARCHULETA",CO,7438,37.19,-106.92,0,0,T,1,0,0,0,1,2.3,T,0,0,0.5,2.5,1.5,3,2.5,0.2,0,0,0,0,0,1,0.6,1,1,0,0,0,0
US1COAU0053,"PAGOSA SPRINGS 8.5 WNW","ARCHULETA",CO,8043,37.34,-107.15,0,0,1.2,T,0,0,0,T,0.6,0,0,0,1,2.2,6.3,5.8,2.5,0.5,0,T,0,0,0,2,3,T,0.2,0,0,0,0
US1COAU0068,"PAGOSA SPRINGS 9.4 WSW","ARCHULETA",CO,7159,37.22,-107.18,0,0,T,T,0,0,0,T,1.2,0,0,M,0.5,2.2,3.4,2.2,3.4,T,0,T,T,0,0,T,0.1,T,T,M,0,0,0
USC00056266,"PALISADE","MESA",CO,4744,39.11,-108.35,0,0,3,0.3,0,0,0,0,0,0,0,0,0,0,0,0,0,0,0,0,0,0,0,0,0,T,0,0,0,0,0
US1COME0170,"PALISADE 0.2 ENE","MESA",CO,4731,39.11,-108.36,0,0,3,0.3,0,0,0,0,0,0,0,0,M,M,M,M,M,0,0,0,0,0,0,0,M,0,T,0,M,0,0
US1COME0155,"PALISADE 0.5 WSW","MESA",CO,4716,39.1,-108.37,0,0,2,T,M,0,0,0,0,0,0,0,M,M,M,M,M,0,0,0,0,0,M,M,M,0,0,0,M,M,0
US1COME0106,"PALISADE 3.3 ENE","MESA",CO,5141,39.13,-108.31,M,0,M,M,0,0,M,M,0,0,0,0,0,M,M,0,M,0,0,0,0,0,0,0,M,M,0,0,M,M,0
USC00056280,"PALMER LAKE","ELPASO",CO,7159,39.12,-104.91,0,0,0.4,0,0,0,0,1.5,0.1,0,0,0,0,15.2,8.9,T,0,0,0,0,0,0,0,0,6.7,T,T,0,0,0,0
US1COEP0418,"PALMER LAKE 0.3 W","ELPASO",CO,7159,39.12,-104.91,0,0,0.4,0,0,0,0,1.5,0.1,0,0,0,0,15.2,8.9,T,0,0,0,0,0,0,0,0,6.7,T,T,0,0,0,0
US1COGF0093,"PARACHUTE 0.4 NNW","GARFIELD",CO,5112,39.45,-108.06,M,M,2,1,M,M,M,M,M,M,M,M,M,M,M,M,M,M,M,M,M,M,M,M,M,M,T,M,M,M,M
US1COMT0040,"PARADOX 0.8 W","MONTROSE",CO,5305,38.37,-108.96,0,M,M,M,0,M,M,0,0,0,0,0,M,M,M,M,M,M,0,0,M,0,0,M,M,M,M,0,M,M,M
USC00056320,"PARADOX 2N","MONTROSE",CO,5445,38.39,-108.95,0,0,0.3,0,0,0,0,0,0,0,0,0,0,0,0,T,0,0,0,0,0,0,0,0,0,0,0,0,0,0,0
US1CODG0158,"PARKER 2.0 WSW","DOUGLAS",CO,6023,39.5,-104.8,0,0,0.3,0,0,0,0,M,M,0,0,0,0,13.6,7.1,M,0,0,0,0,0,0,0,0,6.1,M,0,0,0,0,0
US1CODG0146,"PARKER 2.1 WNW","DOUGLAS",CO,5922,39.52,-104.8,M,M,M,M,M,M,M,M,M,M,M,M,M,12.8,9.5,M,M,M,M,M,M,M,M,M,M,M,M,M,M,M,M
US1CODG0282,"PARKER 2.5 WNW","DOUGLAS",CO,5896,39.52,-104.81,0,0,M,0,0,0,0,0,M,0,0,M,0,M,M,M,0,0,0,0,0,0,0,0,M,M,0,0,0,0,0
US1CODG0292,"PARKER 3.5 WNW","DOUGLAS",CO,5987,39.52,-104.83,0,0,0.2,0,0,0,0,0.2,0.2,0,0,0,0,12,4.2,T,0,0,0,0,0,0,0,0,2,0.5,0,0,0,0,0
US1CODG0271,"PARKER 4.8 NE","DOUGLAS",CO,6129,39.55,-104.69,0,0,M,0,0,0,0,M,M,0,0,0,0,M,M,0,0,0,0,0,0,0,0,0,M,M,M,0,0,0,0
US1CODG0149,"PARKER 5.2 SE","DOUGLAS",CO,6440,39.45,-104.7,0,0,M,0,0,0,0,M,M,0,0,0,0,10.1,M,0,0,0,0,0,0,0,0,0,M,M,0,0,0,0,0
US1COGN0039,"PARLIN 2.7 ESE","GUNNISON",CO,8002,38.48,-106.67,0,0,3,1,0,0,M,M,M,M,M,M,0.5,2.5,0,0,0,0,0,0,M,M,M,M,M,M,M,M,M,M,M
US1COGR0052,"PARSHALL 3.0 NNW","GRAND",CO,7891,40.09,-106.2,0,0,2.5,2,0.5,T,0,1.3,T,0,0,0.7,0.5,1.5,0,0,0,0,0,0,0,0,0,0.6,0.9,0.2,0.4,0,2.4,1.9,0.7
US1COFM0001,"PENROSE 1.2 ESE","FREMONT",CO,5324,38.42,-105,0,0,0,0,0,0,0,1.9,M,0,0,0,0,2.1,5.5,M,0,0,0,0,0,0,0,0,1.9,M,0,0,0,0,0
US1COFM0050,"PENROSE 2.3 NNW","FREMONT",CO,5608,38.46,-105.03,0,0,0,0,0,0,0,2.5,0.5,0,0,0,0,6,7,M,M,M,0,0,0,0,0,0,1.5,0.5,T,0,0,0,0
US1CODG0315,"PERRY PARK 3.7 ESE","DOUGLAS",CO,6881,39.25,-104.91,M,M,M,M,M,M,M,M,M,M,M,M,M,17.8,5.9,M,M,M,M,M,0,M,M,M,M,M,M,M,M,M,M
US1COEP0420,"PEYTON 1.2 NE","ELPASO",CO,6865,39.04,-104.46,M,0,0,0,0,0,0,M,M,0,0,0,0,M,M,0,0,0,0,0,0,0,0,0,M,0,M,0,0,0,0
US1COEP0365,"PEYTON 5.4 NNW","ELPASO",CO,7343,39.09,-104.53,0,0,0.5,0,0,0,0,T,0,0,0,0,0,M,M,0,0,0,0,0,0,0,0,0,0.9,T,0,0,0,0,0
US1COEP0443,"PEYTON 6.8 WSW","ELPASO",CO,7137,38.99,-104.59,0,0,0,0,0,0,0,M,0,0,0,0,0,5.2,M,0,M,0,0,0,0,0,M,M,0,0,0,0,0,0,0
US1COEP0459,"PEYTON 7.0 S","ELPASO",CO,6500,38.93,-104.48,0,0,0,0,0,0,0,M,0,0,0,0,0,M,M,0,0,0,0,0,0,0,0,0,M,0,0,0,0,0,0
US1COEP0371,"PEYTON 8.5 WSW","ELPASO",CO,7042,38.96,-104.61,M,M,M,M,M,M,M,M,M,M,M,0,0,3,8,T,0,0,0,0,0,0,0,0,0.8,T,0.3,0,0,0,0
US1COEP0378,"PEYTON 9.2 SSW","ELPASO",CO,6698,38.91,-104.56,0,0,T,0,0,0,0,1.2,T,0,0,0,0,2.3,6,M,T,0,0,0,0,0,0,0,0.5,T,T,0,0,0,0
US1COEP0453,"PIKEVIEW 3.7 NE","ELPASO",CO,6831,38.92,-104.71,0,0,0,0,0,0,0,0.5,0,0,0,0,0,6,7,0,0,0,0,0,0,0,0,0,M,1,0,0,0,0,0
US1COBO0378,"PINECLIFFE 2.5 WNW","BOULDER",CO,8508,39.94,-105.47,0,0,1.8,T,T,0.3,0.2,3.5,1,0,0,0,1.3,30.5,16.3,0,T,T,M,0,0,M,M,M,6.9,T,0,0,0,0.6,0
US1COGN0059,"PITKIN 1.1 SW","GUNNISON",CO,9137,38.6,-106.53,0,0,2.5,2,0,T,0.4,T,3,0,0,2,1.5,2,0.7,0.3,M,T,0,0,0,T,0,0.1,6.5,2,2,0.2,0.5,T,T
USC00056520,"PLACERVILLE","SANMIGUEL",CO,7381,38.02,-108.05,0,1.6,0,0,0,0,M,1.1,0.2,0,0,0,0,1,1.2,0,2.8,3,0,0,0,0,0,0.2,6,0.8,2.1,0,0,0,0
US1COGN0058,"POWDERHORN 4.4 NNE","GUNNISON",CO,9063,38.34,-107.09,0,0,3,0.3,0,T,0.4,T,0.7,0,0,0,1.4,2.8,2,0,0.8,0,0,0,0,0,0,0.1,3.2,0.2,T,0,0.3,0,M
US1COLA0088,"PRITCHETT 19.2 SW","LASANIMAS",CO,5110,37.19,-103.13,0,0,0,0,0,0,0,M,0,0,0,0,0,0,M,0,0,0,0,0,0,0,0,0,M,2,0,0,0,0,0
US1COPU0110,"PUEBLO 0.7 SSE","PUEBLO",CO,4731,38.29,-104.61,0,0,0,0,0,0,0,M,M,0,0,0,0,M,M,M,0,M,0,0,0,0,0,0,M,M,0,0,0,0,0
US1COPU0060,"PUEBLO 1.1 ENE","PUEBLO",CO,4664,38.27,-104.61,0,0,0,0,0,0,0,0.3,T,0,0,0,0,0.2,1.9,M,0,0,0,0,0,0,0,0,T,0,0,0,0,0,0
US1COPU0014,"PUEBLO 17 W","PUEBLO",CO,5695,38.22,-104.94,0,0,0,0,0,0,0,2.4,0,0,0,0,0,4.6,10,0,0,0,0,0,0,0,0,0,5.3,0,M,0,0,0,0
US1COPU0117,"PUEBLO 2.2 NE","PUEBLO",CO,4814,38.32,-104.59,M,M,M,M,M,0,M,M,M,M,M,M,0,M,M,M,M,M,M,M,M,M,M,0,M,0,M,0,M,0,M
US1COPU0109,"PUEBLO 2.5 SSW","PUEBLO",CO,4755,38.26,-104.63,0,0,0,0,0,0,0,0.1,0,0,0,0,0,0.3,4,M,0,0,0,0,0,0,0,0,0.2,M,0,0,0,0,0
US1COPU0028,"PUEBLO 3.1 WSW","PUEBLO",CO,4881,38.24,-104.66,0,M,M,M,M,0,M,M,M,M,M,M,M,M,M,M,M,M,M,M,M,M,M,M,M,M,M,M,M,M,M
US1COPU0103,"PUEBLO 4.7 SE","PUEBLO",CO,4655,38.26,-104.55,0,0,0,0,0,0,0,0.1,0,0,0,0,0,0,2,0,0,0,0,0,0,0,0,0,T,0,0,0,0,0,0
US1COPU0118,"PUEBLO 5.0 S","PUEBLO",CO,4812,38.23,-104.62,0,0,0,0,0,0,0,0,0,0,0,0,0,M,M,M,0,0,0,0,0,0,0,0,0,0,0,0,0,0,M
US1COPU0144,"PUEBLO 6.3 SSW","PUEBLO",CO,4934,38.21,-104.66,0,0,0,0,0,0,0,0.5,T,0,0,0,0,T,7,0.7,0,0,0,0,0,0,0,0,2.5,T,0,0,0,0,0
USW00093058,"PUEBLO MEMORIAL AIRPORT","PUEBLO",CO,4672,38.29,-104.51,0,0,0,0,0,0,T,T,0,0,0,0,0,2.5,0.7,0,0,0,0,0,0,0,0,0,T,0,0,0,0,0,0
USC00056765,"PUEBLO RESERVOIR","PUEBLO",CO,4860,38.26,-104.72,0,0,0,0,0,0,0,1,1,0,0,0,0,0,4,1,0,0,0,0,0,0,0,0,3,1,0,0,0,0,0
US1COPU0133,"PUEBLO WEST 2.2 NNE","PUEBLO",CO,5125,38.38,-104.71,0,0,0,0,0,0,0,M,M,0,0,0,0,4,M,0,0,0,0,0,0,0,0,0,0,T,M,0,0,0,0
US1COPU0145,"PUEBLO WEST 2.8 SSW","PUEBLO",CO,5156,38.31,-104.74,0,0,0,0,0,0,0,M,M,0,0,0,0,M,M,M,0,0,0,0,0,0,0,0,M,M,M,M,M,M,0
US1COPU0132,"PUEBLO WEST 3.2 SW","PUEBLO",CO,5020,38.32,-104.76,0,0,0,0,0,0,0,0.7,T,0,0,0,0,M,1,M,0,0,0,0,0,0,0,0,3.7,0,M,0,0,0,0
US1COPU0065,"PUEBLO WEST 3.4 SSW","PUEBLO",CO,5120,38.3,-104.74,0,0,0,0,0,0,0,0.6,T,0,0,0,0,0.1,5.9,0.8,0,0,0,0,0,0,0,0,4.4,1.2,0,0,0,0,0
US1COPU0134,"PUEBLO WEST 3.7 NNE","PUEBLO",CO,515,38.4,-104.7,0,0,0,0,0,0,M,0.5,T,M,0,0,M,T,2,T,0,0,0,M,0,0,0,0,T,T,0,0,0,M,M
US1COPU0094,"PUEBLO WEST 3.8 WSW","PUEBLO",CO,5099,38.33,-104.79,0,0,0,0,0,0,0,0.8,0.3,0,0,0,0,T,7.1,T,0,0,0,0,0,0,0,0,4,0.7,0,0,0,0,0
US1COPU0055,"PUEBLO WEST 6.0 W","PUEBLO",CO,5075,38.33,-104.83,0,0,0,0,0,0,0,0.6,M,0,0,0,0,T,1.4,T,0,0,0,0,0,0,M,0,2.9,1.6,0,0,0,0,0
US1COPU0098,"PUEBLO WEST 6.2 WSW","PUEBLO",CO,5029,38.33,-104.83,0,0,0,0,0,0,0,M,M,0,0,0,0,M,M,M,0,0,0,0,0,0,0,0,M,M,0,0,0,0,0
USC00056816,"RALSTON RESERVOIR","JEFFERSON",CO,5917,39.83,-105.24,0,0,0,0,0,0,0,0.2,0.5,0,0,0,0,12.5,15,0,0,0,0,0,0,0,0,0,4,0,0,0,0,0,0
US1CORB0025,"RANGELY 0.6 NNE","RIOBLANCO",CO,5244,40.09,-108.77,0,0,M,M,M,M,M,M,0,0,0,0,M,M,M,0,0,0,0,0,0,M,0,M,M,M,M,0,M,M,M
USC00056832,"RANGELY 1E","RIOBLANCO",CO,5276,40.09,-108.77,0,0,4,1,0,0,0,0,0,0,0,0,0.5,0.1,0,0,0,0,0,0,0,0,0,0,0,0,T,0,1,0,0
US1COLR0329,"RED FEATHER 5.9 NE","LARIMER",CO,7921,40.86,-105.51,M,0,2.1,1.3,0.1,T,0.1,2.4,0.6,0,0,0,0.3,7.8,8.8,0,0,0,0,0,0,T,M,M,3.6,T,T,0,T,3.9,0
US1COLR0815,"RED FEATHER LAKES 3.8 ENE","LARIMER",CO,7321,40.82,-105.51,0,0,1,1,0.3,M,M,M,M,0,0,0,M,M,M,M,0,0,0,0,0,0,0,0,4,0,M,0,0,3,0
US1COME0162,"REDLANDS 1.4 SSE","MESA",CO,4753,39.07,-108.64,0,0,5.4,1.3,0,0,0,0,0,0,0,0,0,T,T,T,0,0,0,0,0,0,0,0,0,0,T,0,0,0,0
US1COLP0070,"REDMESA 4.2 NW","LAPLATA",CO,6769,37.14,-108.23,0,0,0,T,0,0,0,0.1,T,0,0,0,0.3,T,1,2,1.5,1,0,0,0,0,0,0.7,M,M,M,M,M,M,M
US1COPT0016,"REDSTONE 4.9 N","PITKIN",CO,6838,39.25,-107.24,0,0,5.1,6.2,0.2,T,1.4,1.5,1.1,0,0,0,M,0.7,0.2,0,M,0,0,0,0,M,0,M,2.6,T,0.2,T,M,M,M
US1COSM0010,"REDVALE 22.8 SW","SANMIGUEL",CO,5923,37.92,-108.68,0,0,2.5,M,0,0,0,M,M,0,0,0,M,M,2.8,M,M,M,0,0,0,0,0,M,M,M,M,0,0,0,0
USC00057020,"RIDGWAY","OURAY",CO,7047,38.15,-107.76,0,0,4.2,0.4,0,0,0,3.6,0.3,0,0,0,0,4,0.5,0,T,0,0,0,0,0,0,0,3.2,T,3.8,0.2,0,0,0
US1COOR0029,"RIDGWAY 0.6 SW","OURAY",CO,7063,38.15,-107.76,0,0,4.5,0.4,0,0,0,3,T,0,0,0,0,3.5,T,0,T,T,0,0,0,0,0,0,2.5,0.2,2.2,0,0,0,0
US1COOR0027,"RIDGWAY 2.4 NNW","OURAY",CO,8011,38.19,-107.77,0,0,3.5,M,0,0,0,0,0,0,0,0,0,M,0,0,M,M,0,0,0,0,0,M,M,M,5,0,0,0,0
US1COOR0013,"RIDGWAY 3.3 NNW","OURAY",CO,7621,38.2,-107.77,0,0,5.5,M,0,0,0,1.7,0.2,0,0,0,0,3.3,M,0,1.8,M,0,M,M,M,M,M,M,M,M,M,0,0,0
US1COOR0024,"RIDGWAY 3.6 NW","OURAY",CO,7941,38.2,-107.8,0,0,4.8,M,0,0,M,1.9,M,0,0,0,0,3.5,M,M,M,M,M,M,M,M,M,M,2.8,0.2,4.4,0,0,M,0
US1COOR0019,"RIDGWAY 5.3 NNW","OURAY",CO,7819,38.22,-107.81,0,0,6,1.2,0,0,0,1.9,T,0,0,0,0,3.5,0.4,0,1.1,0.2,0,0,M,0,0,T,3.3,0.3,5,T,0,0,0
US1COOR0015,"RIDGWAY 6.2 NNW","OURAY",CO,7407,38.24,-107.79,M,M,6.5,0.5,M,M,M,2,M,M,M,M,M,3,M,M,1.5,M,M,M,M,M,M,M,3,M,6,M,M,M,M
USC00057033,"RIFLE 3ENE","GARFIELD",CO,5468,39.56,-107.73,0,0,1.8,2,T,T,T,0,0,0,0,0,0,0.3,T,T,0,0,0,0,0,0,0,0,T,T,0.4,0,0,0,0
US1COGF0081,"RIFLE 8.9 NE","GARFIELD",CO,6507,39.63,-107.66,M,M,2.5,4,M,M,0.5,M,0,M,0,0,M,M,T,M,M,0,0,0,0,0,0,M,M,T,M,M,0.5,M,M
US1COLP0079,"ROCKWOOD 6.9 NNW","LAPLATA",CO,8904,37.6,-107.83,0,0,1.1,4,0,0,0.2,0.5,0,0,0,0,1.8,2.3,9.2,7.8,4.3,0.5,0,0.3,0,0,0,2.9,4.3,0,0.5,0,0,0,0
US1COOT0037,"ROCKY FORD 0.4 SE","OTERO",CO,419,38.05,-103.72,0,0,0,0,0,0,0,0,0,0,0,0,0,M,M,0,0,0,0,0,0,0,0,0,2,M,0,0,0,0,0
US1COOT0038,"ROCKY FORD 0.5 SSW","OTERO",CO,4226,38.04,-103.73,0,0,0,0,0,0,0,0,0,0,0,0,0,M,M,M,M,0,0,0,0,0,0,M,4,2,0,M,M,0,0
US1COOT0029,"ROCKY FORD 2.9 ESE","OTERO",CO,4156,38.03,-103.68,M,M,M,M,M,M,M,M,M,M,M,M,M,M,M,M,M,M,M,M,M,M,M,M,4,M,M,M,M,M,M
US1COGL0023,"ROLLINSVILLE 0.1 WNW","GILPIN",CO,8579,39.92,-105.5,M,M,M,M,M,M,M,2.9,M,M,M,M,1.3,33.7,15.7,M,M,M,M,M,M,M,M,M,8,M,M,M,M,2,M
US1COGL0017,"ROLLINSVILLE 1.1 SSW","GILPIN",CO,8795,39.91,-105.51,0,0,2.2,0.1,T,0.7,0.1,3.2,0.5,0,0,T,1.5,36,16.9,0,0,T,0,0,M,T,0,0,6.5,T,T,T,0,2.6,0
USC00057249,"ROXBOROUGH STATE PARK","DOUGLAS",CO,6199,39.43,-105.07,0,0,0,0,0,0,0,1.1,M,0,0,0,0,18,12.3,0,0,0,0,0,0,0,0,0,9,0,0,0,0,0,0
US1COLN0060,"RUSH 12.3 SE","LINCOLN",CO,5304,38.73,-103.89,0,0,0,0,0,0,0,0,0,0,0,0,0,M,M,0,0,0,0,0,0,0,0,0,M,0,0,0,0,0,0
USC00057296,"RUSTIC 9WSW","LARIMER",CO,7695,40.7,-105.71,0,0,1.5,2,T,0,T,0.5,T,0,0,T,T,10,9.5,0,0,0,0,0,0,0,0,T,5,T,T,0,1,1.5,T
USC00057309,"RUXTON PARK","ELPASO",CO,9058,38.84,-104.97,0,0,0,1,0,0,0,4,0.5,0,0,0,0,M,20,0,0,0,0,0,0,0,0,0,2,0,0,0,0,0,0
US1COPU0099,"RYE 1.0 SSE","PUEBLO",CO,6747,37.91,-104.92,0,0,0,0,0,0,0,6.3,0.3,0,0,0,0,4,12,T,0.6,T,0,0,0,0,0,M,7.5,0.9,T,0,0,0,0
US1COPU0079,"RYE 11.2 E","PUEBLO",CO,5774,37.95,-104.73,0,0,0,0,0,0,0,3,0.2,0,0,0,0,1.1,10.2,T,0,0,0,0,M,0,0,0,8.1,T,0,0,M,0,0
USC00057317,"RYE 1SW","PUEBLO",CO,7139,37.91,-104.95,0,0,T,0,0,0,6.6,4,T,0,0,0,0.2,18.4,6.9,0,0.8,0,0,0,0,0,0,1.2,8.2,T,T,0,0,0,0
US1COPU0122,"RYE 2.0 ESE","PUEBLO",CO,6506,37.92,-104.9,0,0,0,0,0,0,0,5,0,0,0,0,0,2,14,0,0,0,0,0,0,0,0,0,7.5,4,0,0,0,0,0
USC00057337,"SAGUACHE","SAGUACHE",CO,7739,38.09,-106.15,0,0,0,0,0,0,0,T,0,0,0,0,0,0.7,5.5,1,0.8,0,0,0,0,0,0,T,0.4,T,0,0,0,0,0
US1COSA0059,"SAGUACHE 0.4 E","SAGUACHE",CO,7826,38.09,-106.13,0,0,T,T,0,0,T,0,0.1,0,0,0,0,0.3,5.4,0.4,2.5,T,0,0,0,0,0,T,2.2,T,T,0,0,0,0
US1COCF0055,"SALIDA 1.8 SSW","CHAFFEE",CO,7582,38.51,-106.01,0,0,1.8,T,0,0,0,1.4,T,0,0,0,0,7,14,0.8,2,T,0,0,0,0,0,0,8.5,T,0,0,0,0,0
US1COCF0041,"SALIDA 9.2 NW","CHAFFEE",CO,8201,38.63,-106.12,0,0,4.5,0,0,0,0,3,1,0,0,0,0,8.5,8.6,1.1,0.6,T,0,0,0,0,0,0,7.8,T,T,0,0,0,0
USC00057450,"SANTA MARIA RESERVOIR","MINERAL",CO,9703,37.82,-107.11,0,0,3,T,0,0,0,T,T,0,0,0,T,1.5,13,5,9,0,0,0,0,0,0,0,2,0,0,0,0,0,0
USC00057460,"SARGENTS","SAGUACHE",CO,8469,38.4,-106.42,0,0,4,T,0,0,0,0,1,0,0,0,3,0,0,0,0,0,0,0,0,0,0,12,0,1,0,0,0,0,1
US1COEP0412,"SECURITY 2.2 NW","ELPASO",CO,5753,38.74,-104.73,0,0,0,0,0,0,0,0.2,0,0,0,0,0,6,8.5,0,0,0,0,0,0,0,M,M,M,M,0,0,0,0,0
US1CODG0185,"SEDALIA 10.5 S","DOUGLAS",CO,6516,39.28,-104.95,M,M,M,M,M,M,M,T,T,M,M,M,M,M,M,M,M,M,M,M,M,M,M,M,9,T,M,M,M,M,M
US1CODG0228,"SEDALIA 3.5 SSE","DOUGLAS",CO,5999,39.38,-104.95,0,0,0.5,0,0,0,0,0.4,0.5,0,0,0,M,16,12,0.2,0,0,0,0,0,0,0,0,5,1,0,0,0,0,0
USC00057510,"SEDALIA 4 SSE","DOUGLAS",CO,6007,39.39,-104.95,0,0,T,0,0,0,0,T,0,0,0,0,0,17,7,0,0,0,0,0,0,0,0,0,3.5,0,0,0,0,0,0
US1CODG0167,"SEDALIA 6.8 S","DOUGLAS",CO,6294,39.33,-104.96,0,0,0.1,0,0,0,0,0.2,0.2,0,0,0,0,14,11,0,0,0,0,0,0,0,0,0,9.5,0.3,0,0,0,0,0
US1CODG0088,"SEDALIA 7.2 S","DOUGLAS",CO,6409,39.33,-104.95,M,M,M,M,M,M,M,M,M,M,M,M,M,M,0,M,M,M,M,M,M,M,M,M,8,M,M,M,M,M,M
USC00057515,"SEDGWICK 5 S","SEDGWICK",CO,3995,40.87,-102.52,0,0,0,0,0,0,0.4,7.4,T,0,0,0,0,0,T,0,0,0,0,0,0,0,0,0,1.8,0,0,0,0,0,0
USC00057582,"SHERIDAN LAKE","KIOWA",CO,4069,38.47,-102.3,0,0,0,0,0,0,0,0,0,0,0,0,0,0,0,0,0,0,0,0,0,0,0,0,0.9,0,0,0,0,0,0
US1COGF0071,"SILT 2.9 NNW","GARFIELD",CO,6032,39.59,-107.67,M,M,2.6,6.8,1,M,0.1,M,M,M,M,M,M,0.2,M,M,M,M,M,M,M,M,M,M,M,M,M,M,M,M,M
US1COSU0062,"SILVERTHORNE 0.1 NNW","SUMMIT",CO,8726,39.65,-106.08,M,M,M,M,M,M,M,M,M,0,M,M,M,M,M,M,M,M,M,M,M,M,0,M,M,M,M,M,M,M,M
US1COSU0069,"SILVERTHORNE 1.0 NNE","SUMMIT",CO,8874,39.67,-106.08,0,0,12,1.8,1,0.3,T,0.5,T,0,0,0.5,M,M,M,M,M,M,0,0,0,0.7,0,M,M,M,M,M,M,M,T
US1COSU0035,"SILVERTHORNE 21 NW","SUMMIT",CO,8154,39.9,-106.31,0,0,2.8,8.1,2.2,0.4,T,0.2,T,0,0,1.4,0.2,2.6,0,0,0,0,0,0,0,M,M,M,M,M,M,M,M,M,M
US1COSU0006,"SILVERTHORNE 2.1 WSW","SUMMIT",CO,9682,39.62,-106.1,0,0,9.5,3.8,1.3,0.2,0.2,0.8,T,0,0,1,2.7,2.6,0.1,0,0,0,0,0,0,2,0,1,6,0.2,3,2,2,1.5,0.2
US1COSU0061,"SILVERTHORNE 2.8 SSW","SUMMIT",CO,9837,39.62,-106.11,0,0,7.5,3.5,1.3,0.3,0.2,1.4,0,M,M,0.8,1.7,2.5,T,0,0,0,0,0,0,1.4,T,0.9,2,M,1.5,M,3,M,T
US1COSU0027,"SILVERTHORNE 7.3 NW","SUMMIT",CO,9201,39.74,-106.16,M,M,M,M,M,M,M,M,M,M,M,M,M,M,M,M,0,M,M,M,M,M,M,M,M,M,M,M,M,M,M
US1COSU0008,"SILVERTHORNE 7.4 NW","SUMMIT",CO,8968,39.72,-106.14,M,M,6,3,3,M,M,T,M,M,M,M,1.5,3,M,M,M,M,M,M,M,T,M,1.2,6.5,M,1.5,M,3.8,M,M
US1COEL0090,"SIMLA 5.3 SSE","ELBERT",CO,6336,39.07,-104.04,0,0,0,0,M,0,M,M,M,M,0,0,0,M,2.2,0,0,0,0,0,0,0,0,0,0.7,M,0.6,0,0,0,0
US1COSM0008,"SLICK ROCK 1.3 N","SANMIGUEL",CO,5459,38.06,-108.91,0,0,3.4,0,0,0,0,0,0,0,0,0,0,0,1.2,0,0,0,0,0,0,0,0,0,0,0,0,0,0,0,0
US1CORG0026,"SOUTH FORK 0.6 S","RIOGRANDE",CO,8758,37.66,-106.62,0,0,0.9,0.5,0,0,0,1.2,3.9,0,0,0,0.1,1.6,8.5,2.5,3.6,0.2,0,0,T,0,0,4,0.7,0,0,0,0,0,0
US1COBA0023,"SPRINGFIELD 0.5 NW","BACA",CO,4375,37.41,-102.62,0,0,0,0,0,0,0,0,0,0,0,0,0,0,M,0,0,0,0,0,0,0,0,0,M,0,0,0,0,0,0
USC00057936,"STEAMBOAT SPRINGS","ROUTT",CO,6864,40.49,-106.82,0,0,2.9,6.4,6.3,T,0,3,0,0,0,0,0.5,4,0,0,0,0,0,0,0,0,0,2,2.6,1.5,2.1,0,5.6,0,0
US1CORT0032,"STEAMBOAT SPRINGS 0.1 NNE","ROUTT",CO,6741,40.49,-106.83,M,M,M,6,6,0,0,M,0,M,M,T,M,3,M,M,M,M,0,M,M,M,M,0.9,2.7,M,M,M,5.2,M,0
US1CORT0028,"STEAMBOAT SPRINGS 0.6 NNW","ROUTT",CO,6810,40.49,-106.82,0,0,3.5,6.5,6.7,0,0,2.5,0,0,0,0,T,2.5,0,0,0,0,0,0,0,0,0,0,3,1,2,M,4,0.5,0
US1CORT0016,"STEAMBOAT SPRINGS 1.1 E","ROUTT",CO,7163,40.48,-106.81,0,0,4,6.7,6.9,M,M,2.2,0,0,0,0,M,M,0,M,M,M,M,M,M,M,M,1.7,4.1,1.1,2.3,M,5,M,0
US1CORT0045,"STEAMBOAT SPRINGS 1.5 WNW","ROUTT",CO,6776,40.49,-106.85,M,M,4,M,5,M,M,M,M,M,M,M,M,M,M,M,M,M,M,M,M,M,M,M,M,M,M,M,M,M,M
US1CORT0043,"STEAMBOAT SPRINGS 1.9 E","ROUTT",CO,7198,40.47,-106.79,M,M,5.1,7.6,7.4,M,0,2.3,M,0,0,M,M,6.3,0,0,M,M,M,M,M,M,M,M,M,M,M,M,M,M,M
US1CORT0052,"STEAMBOAT SPRINGS 2.5 N","ROUTT",CO,7003,40.51,-106.82,0,0,1.5,5,5,0,0,2,0,0,0,0,0.5,M,0,0,0,0,0,0,0,0,0,1,3,0.5,1,0,3,0.5,0
US1COLG0049,"STERLING 1.5 S","LOGAN",CO,3937,40.63,-103.21,0,0,0,0,0,M,0,5.7,0,0,0,0,0,0,0,0,0,0,0,0,0,0,0,0,0.1,0,0,0,0,M,0
US1COLG0040,"STERLING 15 SE","LOGAN",CO,4451,40.51,-102.99,0,0,0,0,0,0,2.5,6,T,0,0,0,M,M,M,0,0,0,0,0,0,0,0,0,1.5,0.1,0,0,0,M,0
US1COLG0075,"STERLING 1.7 S","LOGAN",CO,3943,40.63,-103.22,0,0,0,0,0,0,M,5.4,M,0,0,0,0,0,M,0,0,0,0,0,0,0,0,0,2.6,M,0,0,0,M,0
US1COLG0060,"STERLING 2.3 S","LOGAN",CO,3946,40.62,-103.22,0,0,M,M,M,M,M,M,M,M,M,M,M,M,M,M,M,M,M,M,M,M,M,M,M,M,M,M,M,M,M
US1COLG0035,"STERLING 2.6 SSW","LOGAN",CO,3946,40.61,-103.23,0,M,0,0,0,0,M,5,0,0,0,0,M,M,M,0,0,0,0,0,0,0,0,0,2.1,0.5,0,0,0,M,M
US1COAR0224,"STRASBURG 11.9 S","ARAPAHOE",CO,5751,39.56,-104.33,M,M,M,M,M,M,M,M,M,M,M,M,M,M,4,M,M,M,M,M,M,M,M,M,M,M,M,M,M,M,M
US1COAD0252,"STRASBURG 3.1 NNW","ADAMS",CO,5317,39.77,-104.33,0,0,M,0,0,0,M,M,0,0,0,0,0,M,M,0,0,0,0,0,0,0,0,0,M,0,0,0,0,0,0
US1COKC0123,"STRATTON 0.1 N","KITCARSON",CO,4405,39.3,-102.6,0,0,0,0,0,0,0,4,0,0,0,0,0,M,M,M,M,M,M,M,M,M,M,M,M,M,M,M,M,M,M
US1COKC0084,"STRATTON .25 WNW","KITCARSON",CO,4425,39.3,-102.61,0,0,0,0,0,0,M,4.2,0,0,0,0,0,0,M,0,0,0,0,0,0,0,0,M,M,M,0,0,0,0,0
USC00058022,"STRONTIA SPRINGS DAM","DOUGLAS",CO,5853,39.43,-105.12,0,0,0,0,0,0,0,T,T,0,0,0,0,12,8,0,0,0,0,0,0,0,0,0,10,0,0,0,0,0,0
US1COCR0015,"SUGAR CITY 2.3 S","CROWLEY",CO,4276,38.2,-103.66,M,M,M,M,M,M,M,M,M,M,M,M,M,M,M,M,M,M,M,M,M,M,M,M,0.7,M,M,M,M,M,M
USC00058064,"SUGARLOAF RESERVOIR","LAKE",CO,9735,39.25,-106.37,M,M,M,8,0,0,0,M,M,M,M,0,0,4,0,0,0,0,0,0,0,M,M,M,M,M,M,M,M,M,M
US1COBR0055,"SUPERIOR 2.8 S","BROOMFIELD",CO,5668,39.89,-105.14,0,0,0,0,0,0,0,0.3,M,0,0,0,M,11.5,9.8,0,0,0,0,0,0,0,0,M,6.8,0,0,0,0,M,0
US1CODG0192,"SURREY RIDGE 0.2 SSW","DOUGLAS",CO,6221,39.5,-104.88,0,0,0.1,0,0,0,0,0.3,0.1,0,0,0,0,M,M,0,0,0,0,0,0,0,0,0,5.2,T,0,0,0,0,0
US1COGR0068,"TABERNASH 2.7 NW","GRAND",CO,8784,40.01,-105.89,0,0,7.4,6.8,3.7,0.4,T,1.9,0,0,0,0.8,1.3,6.5,T,0,0,0,0,0,0,0,0,0.3,3.5,0.1,0.1,T,0.6,0.5,0.4
USC00058157,"TACONY 13 SE","PUEBLO",CO,4880,38.34,-104.06,0,0,0,0,0,0,0,T,0,0,0,0,0,0,T,0,0,0,0,0,0,0,0,0,T,0,0,0,0,0,0
USC00058184,"TAYLOR PARK","GUNNISON",CO,9177,38.82,-106.61,0,0,M,M,7,0.4,1.4,M,M,M,M,1.2,0.4,3.5,0.8,T,0,0,T,0,0,M,M,M,6.3,T,1.8,0,T,T,T
USC00058204,"TELLURIDE 4WNW","SANMIGUEL",CO,8644,37.95,-107.87,0,0,0.5,0,0,0,0.1,2,0,0,0,0,2.5,2,0,0,1,0,0,0,0,0,0,2.2,0,0.5,1.7,0,0,0,0
US1CODG0226,"THE PINERY 0.5 WNW","DOUGLAS",CO,6194,39.46,-104.74,M,M,0.5,M,M,M,0,0.2,M,M,0,0,0,11.5,8.5,0,M,M,M,M,M,M,M,M,M,M,M,M,M,M,M
US1CODG0218,"THE PINERY 1.2 ESE","DOUGLAS",CO,6358,39.45,-104.71,M,M,M,M,M,M,M,M,M,M,M,M,M,M,M,M,0,0,0,0,0,M,M,0,6.2,T,M,M,0,M,M
US1COAD0100,"THORNTON 2.1 N","ADAMS",CO,5243,39.92,-104.96,0,0,0,0,0,0,0,0.1,T,0,0,0,0,4.4,9.4,0,0,0,0,0,0,0,0,0,5.9,T,0,0,0,0,0
US1COAD0207,"THORNTON 3.9 NNE","ADAMS",CO,5347,39.95,-104.94,M,0,M,M,M,M,M,M,0.2,M,M,M,M,M,M,M,M,M,M,M,M,M,M,M,M,M,M,M,M,M,M
US1COAD0216,"THORNTON 6.2 NNE","ADAMS",CO,5156,39.97,-104.89,0,0,0,0,0,0,0,0.7,T,0,0,0,0,3.8,M,0,0,0,0,0,0,0,0,0,5.2,0,0,0,0,0,0
US1COAD0208,"THORNTON 7.1 N","ADAMS",CO,5143,39.99,-104.97,0,0,M,0,0,0,M,M,M,M,M,0,M,M,M,M,M,M,M,M,M,M,M,M,M,M,M,M,M,M,M
US1COAD0241,"THORNTON 7.3 N","ADAMS",CO,5139,40,-104.97,M,M,M,M,M,M,M,M,M,M,M,M,M,3,4.5,0,0,0,0,0,0,0,0,0,4,0,0,0,0,0,0
US1COLR1016,"TIMNATH 2.1 SE","LARIMER",CO,4839,40.51,-104.96,0,0,0,0,0,0,0,0.5,0.1,0,0,0,M,0.1,2.5,0,0,0,0,0,0,0,0,0,2.5,0,0,0,0,0,0
US1COLR1328,"TIMNATH 3.1 N","LARIMER",CO,4967,40.57,-104.98,0,0,0,0,0,0,0,M,M,0,0,0,M,M,M,0,0,0,0,0,0,0,0,0,M,0,0,0,0,M,0
US1COLR0036,"TIMNATH 4.1 NNE","LARIMER",CO,5032,40.59,-104.96,0,0,0,0,0,0,0,0.5,0.2,0,0,0,0,0,3,0,0,0,0,0,0,0,0,0,1,0,T,0,0,0,0
US1COOT0033,"TIMPAS 11.6 W","OTERO",CO,4611,37.82,-103.98,M,M,M,M,M,M,M,M,M,M,M,M,M,M,2,M,M,M,M,M,M,M,M,M,5,M,M,M,M,M,M
USC00058345,"TOWNER","KIOWA",CO,3927,38.47,-102.08,0,0,0,0,0,0,0,0,0,0,0,0,0,0,0,0,0,0,0,0,0,0,0,0,0,0,0,0,0,0,0
USC00058429,"TRINIDAD","LASANIMAS",CO,6028,37.18,-104.49,0,0,0,0,0,0,0,1,0,0,0,0,0,5.4,0,0,0,0,0,0,0,0,0,2.8,2,0,0,0,0,0,0
US1COLA0092,"TRINIDAD 1.0 W","LASANIMAS",CO,6149,37.17,-104.52,0,0,0,0,0,0,0,0.1,M,0,0,0,0,0,M,M,M,T,0,0,0,0,0,0,4.1,M,T,0,0,0,0
US1COLA0090,"TRINIDAD 1.1 SSE","LASANIMAS",CO,6258,37.15,-104.5,0,0,0,0,0,0,0,M,M,0,0,0,0,M,M,M,M,M,0,0,0,0,0,0,M,M,M,0,0,0,0
US1COLA0071,"TRINIDAD 1.9 ENE","LASANIMAS",CO,6167,37.18,-104.47,0,0,0,0,0,0,0,M,M,0,0,0,0,M,10.5,2,M,0,0,0,0,0,M,0,8.1,2,0,0,0,0,0
US1COLA0087,"TRINIDAD 4.5 SSW","LASANIMAS",CO,6429,37.11,-104.53,0,0,0,0,0,0,0,0,0,0.8,0,0,0,M,M,M,M,0,0,0,0,0,0,M,M,M,0,0,0,0,0
USC00058436,"TRINIDAD LAKE","LASANIMAS",CO,6308,37.15,-104.56,0,0,0,0,0,0,0,0.5,T,0,0,0,0,0,8,T,T,T,0,0,0,0,0,0,4,2,0,0,0,0,0
USC00058501,"TWIN LAKES RESERVOIR","LAKE",CO,9234,39.09,-106.35,M,M,M,4,0,0,0,M,M,M,M,0,0,3,0,0,0,0,0,0,0,M,M,M,M,0,0,0,M,M,M
USC00058575,"VAIL","EAGLE",CO,8295,39.64,-106.35,0,0,6,5,4,1,0.5,0.5,0,0,0,0,1.5,3.5,0,0,0,0,0,0,0,0,0,2,3.5,0,8,2,3.5,3,0
US1COEG0021,"VAIL 0.9 WNW","EAGLE",CO,8170,39.65,-106.4,0,0,6.4,5.5,4.5,1,0.3,T,T,0,0,0.2,1.6,M,T,T,0,0,0,0,0,1.1,0,1.8,3,M,7,M,5.1,6,T
US1COEG0019,"VAIL 2.6 E","EAGLE",CO,8387,39.65,-106.33,0,0,6.1,4.2,4.5,0.6,T,0.3,0,0,0,0.3,2,4.2,0,0,0,0,0,0,0,0.8,0,1.1,3.4,0,4.6,1.2,3.9,3.2,0.2
USC00058582,"VALLECITO DAM","LAPLATA",CO,7642,37.38,-107.58,M,M,0,0,0,0,M,M,M,M,M,M,0,1,4,M,M,M,M,M,M,M,M,M,M,M,M,M,0,0,0
US1COYU0062,"VERNON 3.6 NNE","YUMA",CO,3818,39.98,-102.25,0,0,0,0,0,0,0,6.2,0,0,0,0,0,0,M,0,0,0,0,0,0,0,0,0,M,0,0,0,0,0,0
USC00058613,"VERNON 4ENE","YUMA",CO,3820,39.98,-102.25,0,0,0,0,0,0,0,6.2,0,0,0,0,0,0,0,0,0,0,0,0,0,0,0,0,0,0,0,0,0,0,0
US1COYU0048,"VERNON 7.1 S","YUMA",CO,3861,39.84,-102.32,0,0,0,0,0,0,M,M,0,0,0,M,M,0,0,0,0,0,0,0,0,0,0,M,M,1,0,0,0,0,0
US1COLR1065,"VIRGINIA DALE 0.9 WSW","LARIMER",CO,6851,40.95,-105.37,0,0,M,0.2,M,M,M,M,M,0,0,0,M,2,6,0,0,0,0,0,0,0,0,0,1,0,M,0,0,M,M
US1COLR0672,"VIRGINIA DALE 7.2 SSW","LARIMER",CO,6720,40.85,-105.4,0,0,0,0.5,T,0,0,3,1,0,0,0,0,2.5,16.2,0,0,0,0,0,0,0,0,0,2,0,0,0,0,1,0
USC00058690,"VIRGINIA DALE 7 ENE","LARIMER",CO,7022,40.97,-105.22,0,0,T,0.8,T,T,0.1,2,0.5,0,0,0,T,2,12,0,0,0,0,0,0,0,0,0,1.2,T,0.3,0,0,2,0
USC00058756,"WALDEN","JACKSON",CO,8056,40.74,-106.28,0,0,1,2.5,0.2,T,0,0.8,0,0,0,T,0,2.5,T,0,0,0,0,0,0,0,0,0.3,3,0,T,0,2.8,1,0
US1COJK0023,"WALDEN 16.3 WSW","JACKSON",CO,8720,40.66,-106.58,0,0,2.8,7,4.5,1.2,0,1.3,0,0,0,0.2,0.2,4,0,0,0,0,0,0,0,0.2,0,1.5,3,0.2,0.2,0,4,3.8,0.7
US1COHF0041,"WALSENBURG 11.5 W","HUERFANO",CO,7100,37.6,-104.99,0,0,0,M,0,0,0,2.8,0.4,0,0,0,0,2,3,M,T,M,0,0,0,0,0,M,6,M,0,0,0,0,0
USC00058781,"WALSENBURG 1 NW","HUERFANO",CO,6289,37.63,-104.8,0,0,0,0,0,0,0,1.3,0.2,0,0,0,0,0,10.5,0.4,0.2,0,0,0,0,0,0,0,9,0.2,0,0,0,0,0
US1COLA0072,"WALSENBURG 24.8 E","LASANIMAS",CO,5468,37.65,-104.32,0,0,0,0,0,0,0,M,0,0,0,0,0,M,M,0,0,0,0,0,0,0,0,0,M,0,0,0,0,0,0
US1COHF0044,"WALSENBURG 7.9 ENE","HUERFANO",CO,5844,37.68,-104.65,0,0,0,0,0,0,0,M,0,0,0,0,0,0,14,0,0,0,0,0,0,0,0,0,8,0,0,0,0,0,0
US1COHF0014,"WALSENBURG 8.7 W","HUERFANO",CO,6789,37.65,-104.93,0,0,0,T,0,0,0,2.5,M,0,0,0,0,M,M,0,M,M,0,0,0,0,M,0,M,M,M,0,0,0,0
USC00058793,"WALSH 1 W","BACA",CO,3977,37.38,-102.3,0,0,0,0,0,0,0,0,0,0,0,0,0,0,0,0,0,0,0,0,0,0,0,0,0.5,0,0,0,0,0,0
US1COBO0202,"WARD 4.6 NE","BOULDER",CO,8558,40.11,-105.44,0,0,2.4,0.4,0.2,T,0,1.9,1.2,0,0,0.1,0.7,26.4,18.8,0,0,T,0,0,0,0,0,0,11,0.1,0.1,0,0,2,T
USC00058839,"WATERDALE","LARIMER",CO,5229,40.43,-105.21,0,0,T,0,0,0,0,0.5,T,0,0,0,0,6,3.5,0,0,0,0,0,0,0,0,0,5,0,0,0,0,0,0
US1COAD0267,"WATKINS 1.4 NNE","ADAMS",CO,5520,39.77,-104.59,0,0,0,0,0,0,0,M,M,0,0,0,0,M,M,M,0,0,0,0,0,0,0,0,M,M,0,0,0,0,0
USC00058860,"WAVERLY 1W","ALAMOSA",CO,7600,37.43,-106.03,0,0,0,0,0,0,0,0.3,4,0,0,0,0,0,6,1.5,1.7,T,0,0,0,0,0,0,1.3,0.1,0.4,0,0,0,0
US1COLR0142,"WEL 1.8 NE","LARIMER",CO,5261,40.73,-104.97,0,0,0,M,T,0,0,1,0,0,0,0,M,0,2,T,0,0,0,0,0,0,0,0,0.5,0,T,0,0,T,0
US1COLR0127,"WEL 3.6 S","LARIMER",CO,5101,40.65,-105,M,0,0,0,0,0,0,M,M,0,0,0,M,M,M,0,0,0,0,0,0,0,0,0,M,0,0,0,0,M,0
US1COLR0140,"WEL 4.8 NW","LARIMER",CO,5337,40.74,-105.08,0,0,0,0,T,M,0,0.5,M,0,0,0,0,T,2,0,0,0,0,0,0,0,0,0,T,0,T,0,0,M,M
US1COLR0952,"WELLINGTON 0.4 NW","LARIMER",CO,5219,40.71,-105.01,0,0,0,0,M,0,0,0.9,M,0,0,0,M,M,1.9,0,0,0,0,0,0,0,0,0,0.9,0,M,0,0,M,M
US1COLR1146,"WELLINGTON 0.6 SSE","LARIMER",CO,5177,40.7,-105,0,0,0,0,T,0,0,0.5,M,0,0,0,0,T,1.8,0,0,0,0,0,0,0,0,0,0.6,0,0,0,0,M,0
US1COLR1008,"WELLINGTON 0.8 SW","LARIMER",CO,5194,40.7,-105.01,0,0,0,0,T,0,0,0.5,T,0,0,0,M,M,2,0,0,0,0,0,0,0,0,0,0.3,0,T,0,0,M,0
US1COLR1022,"WELLINGTON 12.7 NNW","LARIMER",CO,5714,40.88,-105.08,M,M,M,M,M,M,M,1,M,M,M,M,M,M,M,M,M,M,0,M,M,M,M,M,0,M,M,M,M,M,M
US1COLR0918,"WELLINGTON 3.7 WNW","LARIMER",CO,5313,40.72,-105.07,0,0,T,0,T,T,0,0.6,M,0,0,0,M,M,1.1,M,0,0,0,0,0,0,0,0,0.2,0,T,0,0,M,0
USC00058931,"WESTCLIFFE","CUSTER",CO,7871,38.13,-105.47,0,0,0,0,0,0,0,1.3,0,0,0,0,0,7.5,6.5,0,1,0,0,0,0,0,0,0,12,0,0,0,0,0,0
US1COCU0036,"WESTCLIFFE 0.6 NNE","CUSTER",CO,7933,38.14,-105.46,M,M,M,T,0,0,0,1.9,0.2,0,0,0,0,M,M,M,M,T,0,0,0,0,M,T,10,2.3,0.3,0,0,M,M
US1COCU0038,"WESTCLIFFE 0.6 NW","CUSTER",CO,7851,38.14,-105.47,0,0,0,0,0,0,0,0.9,0.2,0,0,0,0,1.8,8.2,2.5,1,T,0,0,0,0,0,0,11.2,1.1,T,0,0,0,0
US1COCU0032,"WESTCLIFFE 7.4 NW","CUSTER",CO,7778,38.22,-105.55,0,0,0,0,0,0,0,M,0,0,0,0,0,M,M,M,M,M,0,0,0,0,0,0,M,M,M,0,0,0,0
US1COCU0025,"WESTCLIFFE 8.4 WNW","CUSTER",CO,8382,38.2,-105.6,0,0,0,0,0,0,0,1.5,1.5,0,0,0,0,8,10,0.5,1.5,0,0,0,0,0,0,0,12.5,0.5,0.1,0,0,0,0
US1COCU0026,"WESTCLIFFE 8.7 ENE","CUSTER",CO,8683,38.18,-105.31,M,M,0,M,M,M,M,M,M,M,M,M,M,M,M,M,M,M,M,M,M,M,M,M,10.5,M,M,M,M,M,M
US1COJF0513,"WESTMINSTER 0.6 SW","JEFFERSON",CO,5388,39.87,-105.06,0,0,0,0,0,0,0,0.2,0.5,0,0,0,0,5.7,8.6,0,0,0,0,0,0,0,0,0,5.2,M,0,0,0,0,0
US1COJF0410,"WESTMINSTER 1.1 SW","JEFFERSON",CO,5421,39.87,-105.07,M,M,M,M,M,M,M,0.2,0.3,M,M,M,M,10.7,7.9,M,M,M,M,M,M,M,M,M,7.2,M,M,M,M,0,M
US1COAD0263,"WESTMINSTER 1.3 NNE","ADAMS",CO,5310,39.9,-105.04,M,M,M,M,M,M,M,M,M,M,M,M,0,M,M,M,M,M,M,M,M,M,M,M,M,M,M,M,M,M,M
US1COAD0153,"WESTMINSTER 1.6 NE","ADAMS",CO,5402,39.9,-105.03,0,0,0,0,0,0,0,T,1,0,0,0,0,9.1,9.5,0,0,0,0,0,0,0,0,0,5.2,0,0,0,0,M,0
US1COJF0399,"WESTMINSTER 1.7 NNW","JEFFERSON",CO,5292,39.91,-105.06,0,0,0,0,0,0,0,M,M,0,0,0,M,8.6,8.3,0,0,0,0,0,0,0,0,M,5.8,0,0,0,M,M,0
US1COAD0261,"WESTMINSTER 4.2 SSE","ADAMS",CO,5297,39.83,-105.02,M,M,M,M,M,M,M,M,M,M,M,M,M,M,M,M,M,M,M,M,M,M,M,M,4.5,M,M,M,M,M,M
USC00058992,"WFO PUEBLO","PUEBLO",CO,4652,38.28,-104.52,0,0,0,0,0,0,T,T,0,0,0,0,0,2.5,0.7,0,0,0,0,0,0,0,0,0,T,0,0,0,0,0,0
US1COJF0354,"WHEAT RIDGE 0.6 S","JEFFERSON",CO,5518,39.77,-105.1,0,0,M,0,0,0,0,0.2,M,0,M,0,M,10,9,0,0,0,0,0,0,M,0,M,5.5,M,0,0,0,M,0
US1COJF0343,"WHEAT RIDGE 0.9 WSW","JEFFERSON",CO,5435,39.77,-105.11,0,0,T,0,0,0,0,0.2,0.9,0,0,0,0,8.5,7.5,0,0,0,0,0,0,0,0,0,5,T,0,0,0,0,0
US1COJF0499,"WHEAT RIDGE 1.2 ENE","JEFFERSON",CO,5374,39.78,-105.08,0,0,0,0,0,0,0,T,1.5,0,0,0,0,9,6,0,0,0,0,0,0,0,0,0,4.5,0,0,0,0,0,0
US1COJF0512,"WHEAT RIDGE 1.4 ENE","JEFFERSON",CO,5371,39.78,-105.08,M,M,M,M,M,M,M,M,M,M,M,M,M,7.1,M,M,M,M,M,M,M,M,M,M,M,M,M,M,M,M,M
US1COJF0428,"WHEAT RIDGE 1.4 WSW","JEFFERSON",CO,5458,39.76,-105.12,M,M,M,M,M,M,M,0.3,M,M,M,M,M,8.7,7.4,M,M,M,M,M,M,M,M,M,4.9,M,M,M,M,M,M
USC00058995,"WHEAT RIDGE 2","JEFFERSON",CO,5394,39.77,-105.11,0,0,0.1,0,0,0,0,0.2,0.6,0,0,0,0,7.4,9.3,T,0,0,0,0,0,0,0,0,4.9,T,0,0,0,0,0
US1COJF0585,"WHEAT RIDGE 2.5 ESE","JEFFERSON",CO,5457,39.76,-105.06,0,0,M,0,0,0,M,M,M,M,M,M,M,M,M,M,M,M,M,M,0,0,0,0,6.3,M,0,0,0,M,0
US1COJF0290,"WHEAT RIDGE 2.8 WSW","JEFFERSON",CO,5565,39.76,-105.15,0,0,T,0,0,0,0,0.2,M,0,0,0,M,9.8,11.8,0,0,0,0,0,0,0,0,0,5.8,0.2,0,0,0,M,0
US1COME0184,"WHITEWATER 5.7 ESE","MESA",CO,5466,38.96,-108.33,0,0,3.1,0.5,0,0,0,0,0,0,0,0,0,M,M,0,M,0,0,0,0,0,0,0,M,0,T,0,0,0,0
US1COME0181,"WHITEWATER 7.2 ESE","MESA",CO,5627,38.95,-108.3,M,M,3,M,M,M,M,M,M,M,M,M,M,M,M,M,M,M,M,M,M,M,M,M,1,M,0.2,M,M,M,M
US1COPW0047,"WILEY 0.3 S","PROWERS",CO,3741,38.15,-102.72,0,0,0,0,0,0,0,0,0,0,0,0,0,M,M,0,0,0,0,0,0,0,0,0,M,M,0,0,0,0,0
USC00059096,"WILLIAMS FORK DAM","GRAND",CO,7637,40.04,-106.21,0,0,5,6,0.5,0,0,T,0,0,0,1,0.1,2,0,0,0,0,0,0,0,0,0,0.5,4,0,T,0,1.5,0,0.5
US1COWE0588,"WINDSOR 1.5 WNW","WELD",CO,4802,40.49,-104.93,0,0,0,T,0,0,T,0.5,0.4,0,0,0,0,0.1,4,T,0,0,0,0,0,0,0,0,2.4,0,0,0,0,0,0
US1COLR1110,"WINDSOR 2.9 SW","LARIMER",CO,4949,40.45,-104.95,0,0,0,0,0,0,0,1,M,0,0,0,M,1.5,4.5,0,0,0,0,0,0,0,0,0,4,0,0,0,0,0,0
US1COWE0507,"WINDSOR 3.0 SSE","WELD",CO,4758,40.44,-104.9,0,0,0,0,0,0,0,T,0.5,0,0,M,M,M,3,M,M,M,M,M,M,M,M,M,M,M,M,M,M,M,M
US1COWE0580,"WINDSOR 3.2 S","WELD",CO,4860,40.44,-104.9,0,0,0,0,0,0,0,0,0,0,0,0,M,M,M,0,0,0,0,0,0,0,0,0,0,0,0,0,M,M,M
US1COLR1236,"WINDSOR 3.7 WSW","LARIMER",CO,4937,40.47,-104.98,0,0,M,0,M,0,0,M,M,0,0,0,M,M,M,M,0,0,0,0,0,0,0,0,M,0,0,0,0,M,0
US1COLR0845,"WINDSOR 3.8 WSW","LARIMER",CO,4948,40.47,-104.98,0,0,0,0,0,0,0,0.3,T,0,0,0,0,1.9,5.2,0,0,0,0,0,0,0,0,0,2.6,0,0,0,0,0,M
US1COLR1176,"WINDSOR 4.2 SW","LARIMER",CO,5007,40.44,-104.95,0,0,0,0,0,0,0,M,M,0,0,0,M,M,M,0,0,0,0,0,0,0,0,0,M,M,0,0,0,M,0
USC00059175,"WINTER PARK","GRAND",CO,9093,39.89,-105.76,0,0,7,8,6.5,2.8,0,3,1,0,0,0.5,2,13,2.8,0,0,0,0,0,0,T,0,0.5,4,T,1,0,1.5,3,0.3
US1COTL0039,"WOODLAND PARK 2.0 N","TELLER",CO,8454,39.02,-105.06,0,0,M,M,0,0,0.2,0.8,0,0,0,0,0.4,18.5,17.4,M,0.7,0,0,0,0,0,0,0,3.6,T,T,0,0,0,0
USC00059213,"WOODROW 6NNE","MORGAN",CO,4373,40.08,-103.57,0,0,0,0,0,0,0,0.5,T,0,0,0,0,0,0.2,0,0,0,0,0,0,0,0,0,0.9,T,0,0,0,0,0
US1COYU0052,"WRAY 19 NNE","YUMA",CO,3628,40.35,-102.14,0,0,0,0,0,0,M,6,0,0,0,0,0,0,0,0,0,0,0,0,0,0,0,0,0.5,T,0,0,0,0,0
US1COYU0068,"WRAY 4.2 NNE","YUMA",CO,3681,40.14,-102.2,0,0,0,M,0,0,M,6,0,0,0,M,M,M,M,M,M,0,0,0,0,0,0,0,1,0,0,0,M,M,M
US1CORT0026,"YAMPA 5.1 S","ROUTT",CO,8488,40.08,-106.89,0,0,6,2.5,2.5,0.1,2.5,3.2,M,M,0,0.2,0.9,2.2,M,0,0,0,0,0,0,0.5,0,0.8,4,0,1,0,4.2,0.9,T
USC00059275,"YELLOW JACKET 2W","MONTEZUMA",CO,6931,37.52,-108.76,0,0,0,0,0,0,0,0,0,0,0,0,T,0,5,0.3,1,0,0,0,0,0,0,2.5,0,0.3,0,0,0,0,0.3
USC00059295,"YUMA","YUMA",CO,4133,40.12,-102.72,0,0,0,0,0,0,0,11,0,0,0,0,0,0,0,0,M,0,0,0,0,0,0,0,T,0,0,0,0,0,0
USC00059297,"YUMA 10 NW","WASHINGTON",CO,4191,40.21,-102.81,0,0,0,0,0,0,T,16.4,0,0,0,0,0,0,0,0,0,0,0,0,0,0,0,0,0.1,T,0,0,0,0,0
